[VictoryBot][config] METRICS_PORT set to 9400
[VictoryBot][metrics] Prometheus HTTP server started on port 9400

🚀 Victory Trading Bot: 24/7/365 Live Trading Mode
==================================================
✅ Execution engine initialized
[VictoryBot] Available USD balance: 0.0
[VictoryBot] Available USDT balance: 30.93978711
[VictoryBot] All unique quote assets: ['BTC', 'BUSD', 'DAI', 'ETH', 'USD', 'USD4', 'USDC', 'USDT', 'UST']
[VictoryBot] All available tradable USD/USDT-like pairs: ['BTC/USDT', 'ETH/USDT', 'XRP/USDT', 'BCH/USDT', 'LTC/USDT', 'BNB/USDT', 'ADA/USDT', 'BAT/USDT', 'ETC/USDT', 'XLM/USDT', 'ZRX/USDT', 'DOGE/USDT', 'ATOM/USDT', 'NEO/USDT', 'VET/USDT', 'QTUM/USDT', 'ONT/USDT', 'KNC/USDT', 'VTHO/USDT', 'COMP/USDT', 'ONE/USDT', 'BAND/USDT', 'STORJ/USDT', 'UNI/USDT', 'SOL/USDT', 'EGLD/USDT', 'PAXG/USDT', 'OXT/USDT', 'ZEN/USDT', 'BTC/USDC', 'FIL/USDT', 'AAVE/USDT', 'GRT/USDT', 'SHIB/USDT', 'CRV/USDT', 'AXS/USDT', 'AVAX/USDT', 'CTSI/USDT', 'DOT/USDT', 'YFI/USDT', '1INCH/USDT', 'USDC/USDT', 'ETH/USDC', 'MANA/USDT', 'ALGO/USDT', 'LINK/USDT', 'ZEC/USDT', 'ENJ/USDT', 'NEAR/USDT', 'SUSHI/USDT', 'LRC/USDT', 'LPT/USDT', 'NMR/USDT', 'SLP/USDT', 'CHZ/USDT', 'OGN/USDT', 'GALA/USDT', 'TLM/USDT', 'SNX/USDT', 'AUDIO/USDT', 'ENS/USDT', 'REQ/USDT', 'APE/USDT', 'FLUX/USDT', 'COTI/USDT', 'VOXEL/USDT', 'RLC/USDT', 'BICO/USDT', 'API3/USDT', 'BNT/USDT', 'IMX/USDT', 'FLOW/USDT', 'GTC/USDT', 'THETA/USDT', 'TFUEL/USDT', 'OCEAN/USDT', 'LAZIO/USDT', 'SANTOS/USDT', 'ALPINE/USDT', 'PORTO/USDT', 'CELR/USDT', 'SKL/USDT', 'WAXP/USDT', 'LTO/USDT', 'FET/USDT', 'ICP/USDT', 'T/USDT', 'OP/USDT', 'ROSE/USDT', 'CELO/USDT', 'KDA/USDT', 'KSM/USDT', 'ACH/USDT', 'SYS/USDT', 'RAD/USDT', 'ILV/USDT', 'LDO/USDT', 'RARE/USDT', 'LSK/USDT', 'DGB/USDT', 'REEF/USDT', 'ALICE/USDT', 'FORTH/USDT', 'ASTR/USDT', 'BTRST/USDT', 'SAND/USDT', 'GLM/USDT', 'QNT/USDT', 'STG/USDT', 'AXL/USDT', 'KAVA/USDT', 'APT/USDT', 'MASK/USDT', 'BOSON/USDT', 'POND/USDT', 'SOL/USDC', 'ADA/USDC', 'JAM/USDT', 'TRAC/USDT', 'PROM/USDT', 'DIA/USDT', 'LOOM/USDT', 'STMX/USDT', 'BTC/USD', 'ETH/USD', 'BCH/USD', 'LTC/USD', 'USDT/USD', 'BNB/USD', 'ADA/USD', 'ETC/USD', 'XLM/USD', 'LINK/USD', 'RVN/USD', 'ALGO/USD', 'IOTA/USD', 'ATOM/USD', 'ZIL/USD', 'VET/USD', 'HBAR/USD', 'DOGE/USD', 'VTHO/USD', 'USDC/USD', 'ONE/USD', 'UNI/USD', 'SOL/USD', 'AAVE/USD', 'GRT/USD', 'SUSHI/USD', 'CRV/USD', 'AVAX/USD', 'DOT/USD', 'NEAR/USD', 'LPT/USD', 'GALA/USD', 'ENS/USD', 'THETA/USD', 'FET/USD', 'ICP/USD', 'OP/USD', 'KDA/USD', 'DGB/USD', 'SAND/USD', 'SHIB/USD', 'POLYX/USDT', 'IOST/USDT', 'ARB/USDT', 'FLOKI/USDT', 'FLOKI/USD', 'XEC/USDT', 'BLUR/USDT', 'ANKR/USDT', 'DAI/USDT', 'DASH/USDT', 'HBAR/USDT', 'ICX/USDT', 'IOTA/USDT', 'RVN/USDT', 'XNO/USDT', 'XTZ/USDT', 'ZIL/USDT', 'ORBS/USDT', 'ADX/USDT', 'FORT/USDT', 'SUI/USDT', 'ONG/USDT', 'G/USDT', 'RENDER/USDT', 'BONK/USDT', 'MAGIC/USDT', 'PEPE/USDT', 'WIF/USDT', 'IOTX/USDT', 'PNUT/USDT', 'PENGU/USDT', 'POL/USDT', 'TRUMP/USDT', 'NEIRO/USDT', 'SUI/USD', 'XRP/USD', 'BONK/USD', 'PEPE/USD', 'POL/USD', 'RENDER/USD', 'TRUMP/USD', 'EIGEN/USDT', 'ME/USDT', 'ME/USD', 'D/USDT', 'METIS/USDT', 'JUP/USD', 'JUP/USDT', 'S/USD', 'S/USDT', 'JTO/USDT', 'ORCA/USDT', 'DATA/USDT', 'VIRTUAL/USDT', 'AIXBT/USDT', 'KAITO/USDT', 'TURBO/USDT', 'HYPE/USD', 'HYPE/USDT', 'ENA/USDT', 'LAYER/USDT', 'FARTCOIN/USDT', 'SPX/USDT', 'POPCAT/USDT', 'MOODENG/USDT', 'ANIME/USDT', '1000MOG/USDT', 'ONDO/USDT', '1000REKT/USDT', 'XDC/USDT', 'BRETT/USDT', 'WLD/USDT', 'TOSHI/USDT', 'USELESS/USDT', 'A2Z/USDT', 'NOBODY/USDT', 'PUMP/USDT', 'A/USDT', 'MEW/USDT', 'SKY/USDT', 'GIGA/USDT', 'DOOD/USDT']
[VictoryBot] ISO 20022 tradable USD/USDT-like pairs: ['XRP/USDT', 'XLM/USDT', 'ALGO/USDT', 'QNT/USDT', 'XLM/USD', 'ALGO/USD', 'IOTA/USD', 'HBAR/USD', 'HBAR/USDT', 'IOTA/USDT', 'XRP/USD', 'XDC/USDT']
[VictoryBot] Top scored symbols: ['XRP/USDT', 'XRP/USD', 'HBAR/USDT', 'XLM/USDT', 'HBAR/USD', 'ALGO/USDT', 'IOTA/USDT', 'XLM/USD', 'ALGO/USD', 'IOTA/USD']
[VictoryBot] Full scored universe: [('XRP/USDT', 1745950.9463679048, 3491901.91377, -0.09507441401250602, 0.1200348605364292, 0), ('XRP/USD', 548514.3519233684, 1097028.72041, -0.08449932415153621, 0.11378777087191748, 0), ('HBAR/USDT', 188739.06444796638, 377478.21671, -0.15336205644575696, 0.014010555426534666, 0), ('XLM/USDT', 146853.6021481274, 293707.2645, -0.10930295633306211, 0.01792676211701377, 0), ('HBAR/USD', 60929.034308638365, 121858.15078, -0.14383362420011636, 0.013791504190624021, 0), ('ALGO/USDT', 50595.940273445085, 101191.9428, -0.11001410437235545, 0.012517842625628429, 0), ('IOTA/USDT', 35064.33318227004, 70128.7589, -0.15990730011587492, 0.011363067191564082, 0), ('XLM/USD', 29348.311255079603, 58696.6825, -0.10873101952277664, 0.017495903063288843, 0), ('ALGO/USD', 13668.298435987957, 27336.6493, -0.09413434247871334, 0.013508604665175452, 0), ('IOTA/USD', 7601.595090491849, 15203.2723, -0.14177803602556655, 0.009826017708105355, 0)]
[VictoryBot] Momentum signals: ['XRP/USD', 'ALGO/USD', 'XRP/USDT', 'XLM/USD', 'XLM/USDT']
[VictoryBot] ML signals: []
[VictoryBot] No open positions. Using available USD/USDT balance: 30.93978711
[VictoryBot] Portfolio sizing diagnostics:
  Investable USD: 27.845808399
  Investable per asset: 27.845808399
  XLM/USDT: ATR=0.0168, liquidity=81250.00, computed size=9.28
    Skipping XLM/USDT: size 9.28 below minimum order size.
[VictoryBot] Skipping reserve asset XRP: no valid tradable symbol or below min order size.
[VictoryBot] Skipping reserve asset HBAR: no valid tradable symbol or below min order size.
[VictoryBot] Skipping reserve asset LINK: no valid tradable symbol or below min order size.
[VictoryBot] Skipping reserve asset XLM: no valid tradable symbol or below min order size.
✅ Portfolio in balance. No rebalancing needed.
[VictoryBot] Final target allocations: {}
🚀 EXECUTING PORTFOLIO LADDER
========================================
[VictoryBot] execute_portfolio_ladder called. long_positions: {}, hedge_positions: {}
[VictoryBot][DEBUG] execute_portfolio_ladder symbols: []
[VictoryBot][DEBUG] run_all_strategies called with symbols: []
[VictoryBot][DEBUG] momentum_signals: []
[VictoryBot][DEBUG] ml_signals: []
[VictoryBot][DEBUG] mean_reversion_signals: []
[VictoryBot][DEBUG] pair_trading_signals: []
[VictoryBot][DEBUG] yield_opportunities: []
[VictoryBot][DEBUG] volatility_breakout_signals: []
[VictoryBot][DEBUG] multi_timeframe_momentum_signals: []
[VictoryBot][DEBUG] event_signals: []
[VictoryBot][DEBUG] insurance_signals: []
[VictoryBot][DEBUG] hedge_signals: []
[VictoryBot][DEBUG] top_momentum_assets: []
[VictoryBot] Writing scan results (forced): {'momentum_signals': [], 'ml_signals': [], 'mean_reversion_signals': [], 'pair_trading_signals': [], 'yield_opportunities': [], 'volatility_breakout_signals': [], 'multi_timeframe_momentum_signals': [], 'event_signals': [], 'insurance_signals': [], 'hedge_signals': [], 'top_momentum_assets': [], 'diagnostics': {'num_symbols': 0, 'timestamp': '2025-10-11T11:36:44.464648'}}
[VictoryBot] write_scan_results called. Data: {'momentum_signals': [], 'ml_signals': [], 'diagnostics': {'num_symbols': 0, 'timestamp': '2025-10-11T11:36:44.464648', 'investable_usd': 0, 'investable_per_asset': 0, 'mean_reversion_signals': [], 'pair_trading_signals': [], 'yield_opportunities': [], 'volatility_breakout_signals': [], 'multi_timeframe_momentum_signals': [], 'event_signals': [], 'insurance_signals': [], 'hedge_signals': [], 'top_momentum_assets': []}, 'allocations': {}, 'notes': Full strategy integration. All signals/diagnostics included. No trades/allocations this cycle, but scan and reserves maintained.}
[VictoryBot] scan_results.json written: /Users/nicholaskramer/Downloads/victorychain_stack/runtime/scan_results.json
[VictoryBot] scan_log.jsonl appended: /Users/nicholaskramer/Downloads/victorychain_stack/runtime/scan_log.jsonl
[VictoryBot] Scan results written (forced update).
📊 Executing 0 positions simultaneously...

📊 EXECUTION SUMMARY
=========================
Execution ID: exec_1760197004
Execution time: 0.0 seconds
Target positions: 0
Portfolio fill rate: 0.0%
Portfolio flat: ✅
💾 Report saved: execution_report_exec_1760197004.json
[VictoryBot] Starting background position monitoring for profit-taking...
[VictoryBot] Available USD balance: 0.0
[VictoryBot] Available USDT balance: 30.93978711
[VictoryBot] All unique quote assets: ['BTC', 'BUSD', 'DAI', 'ETH', 'USD', 'USD4', 'USDC', 'USDT', 'UST']
[VictoryBot] All available tradable USD/USDT-like pairs: ['BTC/USDT', 'ETH/USDT', 'XRP/USDT', 'BCH/USDT', 'LTC/USDT', 'BNB/USDT', 'ADA/USDT', 'BAT/USDT', 'ETC/USDT', 'XLM/USDT', 'ZRX/USDT', 'DOGE/USDT', 'ATOM/USDT', 'NEO/USDT', 'VET/USDT', 'QTUM/USDT', 'ONT/USDT', 'KNC/USDT', 'VTHO/USDT', 'COMP/USDT', 'ONE/USDT', 'BAND/USDT', 'STORJ/USDT', 'UNI/USDT', 'SOL/USDT', 'EGLD/USDT', 'PAXG/USDT', 'OXT/USDT', 'ZEN/USDT', 'BTC/USDC', 'FIL/USDT', 'AAVE/USDT', 'GRT/USDT', 'SHIB/USDT', 'CRV/USDT', 'AXS/USDT', 'AVAX/USDT', 'CTSI/USDT', 'DOT/USDT', 'YFI/USDT', '1INCH/USDT', 'USDC/USDT', 'ETH/USDC', 'MANA/USDT', 'ALGO/USDT', 'LINK/USDT', 'ZEC/USDT', 'ENJ/USDT', 'NEAR/USDT', 'SUSHI/USDT', 'LRC/USDT', 'LPT/USDT', 'NMR/USDT', 'SLP/USDT', 'CHZ/USDT', 'OGN/USDT', 'GALA/USDT', 'TLM/USDT', 'SNX/USDT', 'AUDIO/USDT', 'ENS/USDT', 'REQ/USDT', 'APE/USDT', 'FLUX/USDT', 'COTI/USDT', 'VOXEL/USDT', 'RLC/USDT', 'BICO/USDT', 'API3/USDT', 'BNT/USDT', 'IMX/USDT', 'FLOW/USDT', 'GTC/USDT', 'THETA/USDT', 'TFUEL/USDT', 'OCEAN/USDT', 'LAZIO/USDT', 'SANTOS/USDT', 'ALPINE/USDT', 'PORTO/USDT', 'CELR/USDT', 'SKL/USDT', 'WAXP/USDT', 'LTO/USDT', 'FET/USDT', 'ICP/USDT', 'T/USDT', 'OP/USDT', 'ROSE/USDT', 'CELO/USDT', 'KDA/USDT', 'KSM/USDT', 'ACH/USDT', 'SYS/USDT', 'RAD/USDT', 'ILV/USDT', 'LDO/USDT', 'RARE/USDT', 'LSK/USDT', 'DGB/USDT', 'REEF/USDT', 'ALICE/USDT', 'FORTH/USDT', 'ASTR/USDT', 'BTRST/USDT', 'SAND/USDT', 'GLM/USDT', 'QNT/USDT', 'STG/USDT', 'AXL/USDT', 'KAVA/USDT', 'APT/USDT', 'MASK/USDT', 'BOSON/USDT', 'POND/USDT', 'SOL/USDC', 'ADA/USDC', 'JAM/USDT', 'TRAC/USDT', 'PROM/USDT', 'DIA/USDT', 'LOOM/USDT', 'STMX/USDT', 'BTC/USD', 'ETH/USD', 'BCH/USD', 'LTC/USD', 'USDT/USD', 'BNB/USD', 'ADA/USD', 'ETC/USD', 'XLM/USD', 'LINK/USD', 'RVN/USD', 'ALGO/USD', 'IOTA/USD', 'ATOM/USD', 'ZIL/USD', 'VET/USD', 'HBAR/USD', 'DOGE/USD', 'VTHO/USD', 'USDC/USD', 'ONE/USD', 'UNI/USD', 'SOL/USD', 'AAVE/USD', 'GRT/USD', 'SUSHI/USD', 'CRV/USD', 'AVAX/USD', 'DOT/USD', 'NEAR/USD', 'LPT/USD', 'GALA/USD', 'ENS/USD', 'THETA/USD', 'FET/USD', 'ICP/USD', 'OP/USD', 'KDA/USD', 'DGB/USD', 'SAND/USD', 'SHIB/USD', 'POLYX/USDT', 'IOST/USDT', 'ARB/USDT', 'FLOKI/USDT', 'FLOKI/USD', 'XEC/USDT', 'BLUR/USDT', 'ANKR/USDT', 'DAI/USDT', 'DASH/USDT', 'HBAR/USDT', 'ICX/USDT', 'IOTA/USDT', 'RVN/USDT', 'XNO/USDT', 'XTZ/USDT', 'ZIL/USDT', 'ORBS/USDT', 'ADX/USDT', 'FORT/USDT', 'SUI/USDT', 'ONG/USDT', 'G/USDT', 'RENDER/USDT', 'BONK/USDT', 'MAGIC/USDT', 'PEPE/USDT', 'WIF/USDT', 'IOTX/USDT', 'PNUT/USDT', 'PENGU/USDT', 'POL/USDT', 'TRUMP/USDT', 'NEIRO/USDT', 'SUI/USD', 'XRP/USD', 'BONK/USD', 'PEPE/USD', 'POL/USD', 'RENDER/USD', 'TRUMP/USD', 'EIGEN/USDT', 'ME/USDT', 'ME/USD', 'D/USDT', 'METIS/USDT', 'JUP/USD', 'JUP/USDT', 'S/USD', 'S/USDT', 'JTO/USDT', 'ORCA/USDT', 'DATA/USDT', 'VIRTUAL/USDT', 'AIXBT/USDT', 'KAITO/USDT', 'TURBO/USDT', 'HYPE/USD', 'HYPE/USDT', 'ENA/USDT', 'LAYER/USDT', 'FARTCOIN/USDT', 'SPX/USDT', 'POPCAT/USDT', 'MOODENG/USDT', 'ANIME/USDT', '1000MOG/USDT', 'ONDO/USDT', '1000REKT/USDT', 'XDC/USDT', 'BRETT/USDT', 'WLD/USDT', 'TOSHI/USDT', 'USELESS/USDT', 'A2Z/USDT', 'NOBODY/USDT', 'PUMP/USDT', 'A/USDT', 'MEW/USDT', 'SKY/USDT', 'GIGA/USDT', 'DOOD/USDT']
[VictoryBot] ISO 20022 tradable USD/USDT-like pairs: ['XRP/USDT', 'XLM/USDT', 'ALGO/USDT', 'QNT/USDT', 'XLM/USD', 'ALGO/USD', 'IOTA/USD', 'HBAR/USD', 'HBAR/USDT', 'IOTA/USDT', 'XRP/USD', 'XDC/USDT']
[VictoryBot] Top scored symbols: ['XRP/USDT', 'XRP/USD', 'HBAR/USDT', 'XLM/USDT', 'HBAR/USD', 'ALGO/USDT', 'IOTA/USDT', 'XLM/USD', 'ALGO/USD', 'IOTA/USD']
[VictoryBot] Full scored universe: [('XRP/USDT', 1745943.5642229049, 3491887.14948, -0.09507441401250602, 0.1200348605364292, 0), ('XRP/USD', 548514.3519233684, 1097028.72041, -0.08449932415153621, 0.11378777087191748, 0), ('HBAR/USDT', 188738.13389296638, 377476.3556, -0.15336205644575696, 0.014010555426534666, 0), ('XLM/USDT', 146847.7205481274, 293695.5013, -0.10930295633306211, 0.01792676211701377, 0), ('HBAR/USD', 60929.034308638365, 121858.15078, -0.14383362420011636, 0.013791504190624021, 0), ('ALGO/USDT', 50595.940273445085, 101191.9428, -0.11001410437235545, 0.012517842625628429, 0), ('IOTA/USDT', 35064.33318227004, 70128.7589, -0.15990730011587492, 0.011363067191564082, 0), ('XLM/USD', 29348.311255079603, 58696.6825, -0.10873101952277664, 0.017495903063288843, 0), ('ALGO/USD', 13668.298435987957, 27336.6493, -0.09413434247871334, 0.013508604665175452, 0), ('IOTA/USD', 7601.595090491849, 15203.2723, -0.14177803602556655, 0.009826017708105355, 0)]
[VictoryBot] Momentum signals: ['XRP/USD', 'ALGO/USD', 'XRP/USDT', 'XLM/USD', 'XLM/USDT']
[VictoryBot] ML signals: []
[VictoryBot] No open positions. Using available USD/USDT balance: 30.93978711
[VictoryBot] Portfolio sizing diagnostics:
  Investable USD: 27.845808399
  Investable per asset: 27.845808399
  XLM/USDT: ATR=0.0168, liquidity=63648.00, computed size=9.28
    Skipping XLM/USDT: size 9.28 below minimum order size.
[VictoryBot] Skipping reserve asset XRP: no valid tradable symbol or below min order size.
[VictoryBot] Skipping reserve asset HBAR: no valid tradable symbol or below min order size.
[VictoryBot] Skipping reserve asset LINK: no valid tradable symbol or below min order size.
[VictoryBot] Skipping reserve asset XLM: no valid tradable symbol or below min order size.
✅ Portfolio in balance. No rebalancing needed.
[VictoryBot] Final target allocations: {}
🚀 EXECUTING PORTFOLIO LADDER
========================================
[VictoryBot] execute_portfolio_ladder called. long_positions: {}, hedge_positions: {}
[VictoryBot][DEBUG] execute_portfolio_ladder symbols: []
[VictoryBot][DEBUG] run_all_strategies called with symbols: []
[VictoryBot][DEBUG] momentum_signals: []
[VictoryBot][DEBUG] ml_signals: []
[VictoryBot][DEBUG] mean_reversion_signals: []
[VictoryBot][DEBUG] pair_trading_signals: []
[VictoryBot][DEBUG] yield_opportunities: []
[VictoryBot][DEBUG] volatility_breakout_signals: []
[VictoryBot][DEBUG] multi_timeframe_momentum_signals: []
[VictoryBot][DEBUG] event_signals: []
[VictoryBot][DEBUG] insurance_signals: []
[VictoryBot][DEBUG] hedge_signals: []
[VictoryBot][DEBUG] top_momentum_assets: []
[VictoryBot] Writing scan results (forced): {'momentum_signals': [], 'ml_signals': [], 'mean_reversion_signals': [], 'pair_trading_signals': [], 'yield_opportunities': [], 'volatility_breakout_signals': [], 'multi_timeframe_momentum_signals': [], 'event_signals': [], 'insurance_signals': [], 'hedge_signals': [], 'top_momentum_assets': [], 'diagnostics': {'num_symbols': 0, 'timestamp': '2025-10-11T11:38:08.602396'}}
[VictoryBot] write_scan_results called. Data: {'momentum_signals': [], 'ml_signals': [], 'diagnostics': {'num_symbols': 0, 'timestamp': '2025-10-11T11:38:08.602396', 'investable_usd': 0, 'investable_per_asset': 0, 'mean_reversion_signals': [], 'pair_trading_signals': [], 'yield_opportunities': [], 'volatility_breakout_signals': [], 'multi_timeframe_momentum_signals': [], 'event_signals': [], 'insurance_signals': [], 'hedge_signals': [], 'top_momentum_assets': []}, 'allocations': {}, 'notes': Full strategy integration. All signals/diagnostics included. No trades/allocations this cycle, but scan and reserves maintained.}
[VictoryBot] scan_results.json written: /Users/nicholaskramer/Downloads/victorychain_stack/runtime/scan_results.json
[VictoryBot] scan_log.jsonl appended: /Users/nicholaskramer/Downloads/victorychain_stack/runtime/scan_log.jsonl
[VictoryBot] Scan results written (forced update).
📊 Executing 0 positions simultaneously...

📊 EXECUTION SUMMARY
=========================
Execution ID: exec_1760197088
Execution time: 0.0 seconds
Target positions: 0
Portfolio fill rate: 0.0%
Portfolio flat: ✅
💾 Report saved: execution_report_exec_1760197088.json
[VictoryBot] Available USD balance: 0.0
[VictoryBot] Available USDT balance: 30.93978711
[VictoryBot] All unique quote assets: ['BTC', 'BUSD', 'DAI', 'ETH', 'USD', 'USD4', 'USDC', 'USDT', 'UST']
[VictoryBot] All available tradable USD/USDT-like pairs: ['BTC/USDT', 'ETH/USDT', 'XRP/USDT', 'BCH/USDT', 'LTC/USDT', 'BNB/USDT', 'ADA/USDT', 'BAT/USDT', 'ETC/USDT', 'XLM/USDT', 'ZRX/USDT', 'DOGE/USDT', 'ATOM/USDT', 'NEO/USDT', 'VET/USDT', 'QTUM/USDT', 'ONT/USDT', 'KNC/USDT', 'VTHO/USDT', 'COMP/USDT', 'ONE/USDT', 'BAND/USDT', 'STORJ/USDT', 'UNI/USDT', 'SOL/USDT', 'EGLD/USDT', 'PAXG/USDT', 'OXT/USDT', 'ZEN/USDT', 'BTC/USDC', 'FIL/USDT', 'AAVE/USDT', 'GRT/USDT', 'SHIB/USDT', 'CRV/USDT', 'AXS/USDT', 'AVAX/USDT', 'CTSI/USDT', 'DOT/USDT', 'YFI/USDT', '1INCH/USDT', 'USDC/USDT', 'ETH/USDC', 'MANA/USDT', 'ALGO/USDT', 'LINK/USDT', 'ZEC/USDT', 'ENJ/USDT', 'NEAR/USDT', 'SUSHI/USDT', 'LRC/USDT', 'LPT/USDT', 'NMR/USDT', 'SLP/USDT', 'CHZ/USDT', 'OGN/USDT', 'GALA/USDT', 'TLM/USDT', 'SNX/USDT', 'AUDIO/USDT', 'ENS/USDT', 'REQ/USDT', 'APE/USDT', 'FLUX/USDT', 'COTI/USDT', 'VOXEL/USDT', 'RLC/USDT', 'BICO/USDT', 'API3/USDT', 'BNT/USDT', 'IMX/USDT', 'FLOW/USDT', 'GTC/USDT', 'THETA/USDT', 'TFUEL/USDT', 'OCEAN/USDT', 'LAZIO/USDT', 'SANTOS/USDT', 'ALPINE/USDT', 'PORTO/USDT', 'CELR/USDT', 'SKL/USDT', 'WAXP/USDT', 'LTO/USDT', 'FET/USDT', 'ICP/USDT', 'T/USDT', 'OP/USDT', 'ROSE/USDT', 'CELO/USDT', 'KDA/USDT', 'KSM/USDT', 'ACH/USDT', 'SYS/USDT', 'RAD/USDT', 'ILV/USDT', 'LDO/USDT', 'RARE/USDT', 'LSK/USDT', 'DGB/USDT', 'REEF/USDT', 'ALICE/USDT', 'FORTH/USDT', 'ASTR/USDT', 'BTRST/USDT', 'SAND/USDT', 'GLM/USDT', 'QNT/USDT', 'STG/USDT', 'AXL/USDT', 'KAVA/USDT', 'APT/USDT', 'MASK/USDT', 'BOSON/USDT', 'POND/USDT', 'SOL/USDC', 'ADA/USDC', 'JAM/USDT', 'TRAC/USDT', 'PROM/USDT', 'DIA/USDT', 'LOOM/USDT', 'STMX/USDT', 'BTC/USD', 'ETH/USD', 'BCH/USD', 'LTC/USD', 'USDT/USD', 'BNB/USD', 'ADA/USD', 'ETC/USD', 'XLM/USD', 'LINK/USD', 'RVN/USD', 'ALGO/USD', 'IOTA/USD', 'ATOM/USD', 'ZIL/USD', 'VET/USD', 'HBAR/USD', 'DOGE/USD', 'VTHO/USD', 'USDC/USD', 'ONE/USD', 'UNI/USD', 'SOL/USD', 'AAVE/USD', 'GRT/USD', 'SUSHI/USD', 'CRV/USD', 'AVAX/USD', 'DOT/USD', 'NEAR/USD', 'LPT/USD', 'GALA/USD', 'ENS/USD', 'THETA/USD', 'FET/USD', 'ICP/USD', 'OP/USD', 'KDA/USD', 'DGB/USD', 'SAND/USD', 'SHIB/USD', 'POLYX/USDT', 'IOST/USDT', 'ARB/USDT', 'FLOKI/USDT', 'FLOKI/USD', 'XEC/USDT', 'BLUR/USDT', 'ANKR/USDT', 'DAI/USDT', 'DASH/USDT', 'HBAR/USDT', 'ICX/USDT', 'IOTA/USDT', 'RVN/USDT', 'XNO/USDT', 'XTZ/USDT', 'ZIL/USDT', 'ORBS/USDT', 'ADX/USDT', 'FORT/USDT', 'SUI/USDT', 'ONG/USDT', 'G/USDT', 'RENDER/USDT', 'BONK/USDT', 'MAGIC/USDT', 'PEPE/USDT', 'WIF/USDT', 'IOTX/USDT', 'PNUT/USDT', 'PENGU/USDT', 'POL/USDT', 'TRUMP/USDT', 'NEIRO/USDT', 'SUI/USD', 'XRP/USD', 'BONK/USD', 'PEPE/USD', 'POL/USD', 'RENDER/USD', 'TRUMP/USD', 'EIGEN/USDT', 'ME/USDT', 'ME/USD', 'D/USDT', 'METIS/USDT', 'JUP/USD', 'JUP/USDT', 'S/USD', 'S/USDT', 'JTO/USDT', 'ORCA/USDT', 'DATA/USDT', 'VIRTUAL/USDT', 'AIXBT/USDT', 'KAITO/USDT', 'TURBO/USDT', 'HYPE/USD', 'HYPE/USDT', 'ENA/USDT', 'LAYER/USDT', 'FARTCOIN/USDT', 'SPX/USDT', 'POPCAT/USDT', 'MOODENG/USDT', 'ANIME/USDT', '1000MOG/USDT', 'ONDO/USDT', '1000REKT/USDT', 'XDC/USDT', 'BRETT/USDT', 'WLD/USDT', 'TOSHI/USDT', 'USELESS/USDT', 'A2Z/USDT', 'NOBODY/USDT', 'PUMP/USDT', 'A/USDT', 'MEW/USDT', 'SKY/USDT', 'GIGA/USDT', 'DOOD/USDT']
[VictoryBot] ISO 20022 tradable USD/USDT-like pairs: ['XRP/USDT', 'XLM/USDT', 'ALGO/USDT', 'QNT/USDT', 'XLM/USD', 'ALGO/USD', 'IOTA/USD', 'HBAR/USD', 'HBAR/USDT', 'IOTA/USDT', 'XRP/USD', 'XDC/USDT']
[VictoryBot] Top scored symbols: ['XRP/USDT', 'XRP/USD', 'HBAR/USDT', 'XLM/USDT', 'HBAR/USD', 'ALGO/USDT', 'IOTA/USDT', 'XLM/USD', 'ALGO/USD', 'IOTA/USD']
[VictoryBot] Full scored universe: [('XRP/USDT', 1746684.142326449, 3493368.30488, -0.09372143196694334, 0.12001919086546121, 0), ('XRP/USD', 549772.6811152404, 1099545.37571, -0.07938479523618158, 0.11383786013449126, 0), ('HBAR/USDT', 188723.02326796637, 377446.13435, -0.15336205644575696, 0.014010555426534666, 0), ('XLM/USDT', 146848.98563617087, 293698.0331, -0.11201518850013562, 0.017938182739619973, 0), ('HBAR/USD', 60929.034308638365, 121858.15078, -0.14383362420011636, 0.013791504190624021, 0), ('ALGO/USDT', 50595.940273445085, 101191.9428, -0.11001410437235545, 0.012517842625628429, 0), ('IOTA/USDT', 35064.33318227004, 70128.7589, -0.15990730011587492, 0.011363067191564082, 0), ('XLM/USD', 29365.189253220895, 58730.4125, -0.06534707158351412, 0.017382282473829492, 0), ('ALGO/USD', 13668.298435987957, 27336.6493, -0.09413434247871334, 0.013508604665175452, 0), ('IOTA/USD', 7601.595090491849, 15203.2723, -0.14177803602556655, 0.009826017708105355, 0)]
[VictoryBot] Momentum signals: ['XLM/USD', 'XRP/USD', 'XRP/USDT', 'ALGO/USD', 'ALGO/USDT']
[VictoryBot] ML signals: []
[VictoryBot] No open positions. Using available USD/USDT balance: 30.93978711
[VictoryBot] Portfolio sizing diagnostics:
  Investable USD: 27.845808399
  Investable per asset: 27.845808399
  XRP/USDT: ATR=0.1226, liquidity=62263.30, computed size=9.28
    Skipping XRP/USDT: size 9.28 below minimum order size.
[VictoryBot] Skipping reserve asset XRP: no valid tradable symbol or below min order size.
[VictoryBot] Skipping reserve asset HBAR: no valid tradable symbol or below min order size.
[VictoryBot] Skipping reserve asset LINK: no valid tradable symbol or below min order size.
[VictoryBot] Skipping reserve asset XLM: no valid tradable symbol or below min order size.
✅ Portfolio in balance. No rebalancing needed.
[VictoryBot] Final target allocations: {}
🚀 EXECUTING PORTFOLIO LADDER
========================================
[VictoryBot] execute_portfolio_ladder called. long_positions: {}, hedge_positions: {}
[VictoryBot][DEBUG] execute_portfolio_ladder symbols: []
[VictoryBot][DEBUG] run_all_strategies called with symbols: []
[VictoryBot][DEBUG] momentum_signals: []
[VictoryBot][DEBUG] ml_signals: []
[VictoryBot][DEBUG] mean_reversion_signals: []
[VictoryBot][DEBUG] pair_trading_signals: []
[VictoryBot][DEBUG] yield_opportunities: []
[VictoryBot][DEBUG] volatility_breakout_signals: []
[VictoryBot][DEBUG] multi_timeframe_momentum_signals: []
[VictoryBot][DEBUG] event_signals: []
[VictoryBot][DEBUG] insurance_signals: []
[VictoryBot][DEBUG] hedge_signals: []
[VictoryBot][DEBUG] top_momentum_assets: []
[VictoryBot] Writing scan results (forced): {'momentum_signals': [], 'ml_signals': [], 'mean_reversion_signals': [], 'pair_trading_signals': [], 'yield_opportunities': [], 'volatility_breakout_signals': [], 'multi_timeframe_momentum_signals': [], 'event_signals': [], 'insurance_signals': [], 'hedge_signals': [], 'top_momentum_assets': [], 'diagnostics': {'num_symbols': 0, 'timestamp': '2025-10-11T11:39:32.898614'}}
[VictoryBot] write_scan_results called. Data: {'momentum_signals': [], 'ml_signals': [], 'diagnostics': {'num_symbols': 0, 'timestamp': '2025-10-11T11:39:32.898614', 'investable_usd': 0, 'investable_per_asset': 0, 'mean_reversion_signals': [], 'pair_trading_signals': [], 'yield_opportunities': [], 'volatility_breakout_signals': [], 'multi_timeframe_momentum_signals': [], 'event_signals': [], 'insurance_signals': [], 'hedge_signals': [], 'top_momentum_assets': []}, 'allocations': {}, 'notes': Full strategy integration. All signals/diagnostics included. No trades/allocations this cycle, but scan and reserves maintained.}
[VictoryBot] scan_results.json written: /Users/nicholaskramer/Downloads/victorychain_stack/runtime/scan_results.json
[VictoryBot] scan_log.jsonl appended: /Users/nicholaskramer/Downloads/victorychain_stack/runtime/scan_log.jsonl
[VictoryBot] Scan results written (forced update).
📊 Executing 0 positions simultaneously...

📊 EXECUTION SUMMARY
=========================
Execution ID: exec_1760197172
Execution time: 0.0 seconds
Target positions: 0
Portfolio fill rate: 0.0%
Portfolio flat: ✅
💾 Report saved: execution_report_exec_1760197172.json
[VictoryBot] Available USD balance: 0.0
[VictoryBot] Available USDT balance: 30.93978711
[VictoryBot] All unique quote assets: ['BTC', 'BUSD', 'DAI', 'ETH', 'USD', 'USD4', 'USDC', 'USDT', 'UST']
[VictoryBot] All available tradable USD/USDT-like pairs: ['BTC/USDT', 'ETH/USDT', 'XRP/USDT', 'BCH/USDT', 'LTC/USDT', 'BNB/USDT', 'ADA/USDT', 'BAT/USDT', 'ETC/USDT', 'XLM/USDT', 'ZRX/USDT', 'DOGE/USDT', 'ATOM/USDT', 'NEO/USDT', 'VET/USDT', 'QTUM/USDT', 'ONT/USDT', 'KNC/USDT', 'VTHO/USDT', 'COMP/USDT', 'ONE/USDT', 'BAND/USDT', 'STORJ/USDT', 'UNI/USDT', 'SOL/USDT', 'EGLD/USDT', 'PAXG/USDT', 'OXT/USDT', 'ZEN/USDT', 'BTC/USDC', 'FIL/USDT', 'AAVE/USDT', 'GRT/USDT', 'SHIB/USDT', 'CRV/USDT', 'AXS/USDT', 'AVAX/USDT', 'CTSI/USDT', 'DOT/USDT', 'YFI/USDT', '1INCH/USDT', 'USDC/USDT', 'ETH/USDC', 'MANA/USDT', 'ALGO/USDT', 'LINK/USDT', 'ZEC/USDT', 'ENJ/USDT', 'NEAR/USDT', 'SUSHI/USDT', 'LRC/USDT', 'LPT/USDT', 'NMR/USDT', 'SLP/USDT', 'CHZ/USDT', 'OGN/USDT', 'GALA/USDT', 'TLM/USDT', 'SNX/USDT', 'AUDIO/USDT', 'ENS/USDT', 'REQ/USDT', 'APE/USDT', 'FLUX/USDT', 'COTI/USDT', 'VOXEL/USDT', 'RLC/USDT', 'BICO/USDT', 'API3/USDT', 'BNT/USDT', 'IMX/USDT', 'FLOW/USDT', 'GTC/USDT', 'THETA/USDT', 'TFUEL/USDT', 'OCEAN/USDT', 'LAZIO/USDT', 'SANTOS/USDT', 'ALPINE/USDT', 'PORTO/USDT', 'CELR/USDT', 'SKL/USDT', 'WAXP/USDT', 'LTO/USDT', 'FET/USDT', 'ICP/USDT', 'T/USDT', 'OP/USDT', 'ROSE/USDT', 'CELO/USDT', 'KDA/USDT', 'KSM/USDT', 'ACH/USDT', 'SYS/USDT', 'RAD/USDT', 'ILV/USDT', 'LDO/USDT', 'RARE/USDT', 'LSK/USDT', 'DGB/USDT', 'REEF/USDT', 'ALICE/USDT', 'FORTH/USDT', 'ASTR/USDT', 'BTRST/USDT', 'SAND/USDT', 'GLM/USDT', 'QNT/USDT', 'STG/USDT', 'AXL/USDT', 'KAVA/USDT', 'APT/USDT', 'MASK/USDT', 'BOSON/USDT', 'POND/USDT', 'SOL/USDC', 'ADA/USDC', 'JAM/USDT', 'TRAC/USDT', 'PROM/USDT', 'DIA/USDT', 'LOOM/USDT', 'STMX/USDT', 'BTC/USD', 'ETH/USD', 'BCH/USD', 'LTC/USD', 'USDT/USD', 'BNB/USD', 'ADA/USD', 'ETC/USD', 'XLM/USD', 'LINK/USD', 'RVN/USD', 'ALGO/USD', 'IOTA/USD', 'ATOM/USD', 'ZIL/USD', 'VET/USD', 'HBAR/USD', 'DOGE/USD', 'VTHO/USD', 'USDC/USD', 'ONE/USD', 'UNI/USD', 'SOL/USD', 'AAVE/USD', 'GRT/USD', 'SUSHI/USD', 'CRV/USD', 'AVAX/USD', 'DOT/USD', 'NEAR/USD', 'LPT/USD', 'GALA/USD', 'ENS/USD', 'THETA/USD', 'FET/USD', 'ICP/USD', 'OP/USD', 'KDA/USD', 'DGB/USD', 'SAND/USD', 'SHIB/USD', 'POLYX/USDT', 'IOST/USDT', 'ARB/USDT', 'FLOKI/USDT', 'FLOKI/USD', 'XEC/USDT', 'BLUR/USDT', 'ANKR/USDT', 'DAI/USDT', 'DASH/USDT', 'HBAR/USDT', 'ICX/USDT', 'IOTA/USDT', 'RVN/USDT', 'XNO/USDT', 'XTZ/USDT', 'ZIL/USDT', 'ORBS/USDT', 'ADX/USDT', 'FORT/USDT', 'SUI/USDT', 'ONG/USDT', 'G/USDT', 'RENDER/USDT', 'BONK/USDT', 'MAGIC/USDT', 'PEPE/USDT', 'WIF/USDT', 'IOTX/USDT', 'PNUT/USDT', 'PENGU/USDT', 'POL/USDT', 'TRUMP/USDT', 'NEIRO/USDT', 'SUI/USD', 'XRP/USD', 'BONK/USD', 'PEPE/USD', 'POL/USD', 'RENDER/USD', 'TRUMP/USD', 'EIGEN/USDT', 'ME/USDT', 'ME/USD', 'D/USDT', 'METIS/USDT', 'JUP/USD', 'JUP/USDT', 'S/USD', 'S/USDT', 'JTO/USDT', 'ORCA/USDT', 'DATA/USDT', 'VIRTUAL/USDT', 'AIXBT/USDT', 'KAITO/USDT', 'TURBO/USDT', 'HYPE/USD', 'HYPE/USDT', 'ENA/USDT', 'LAYER/USDT', 'FARTCOIN/USDT', 'SPX/USDT', 'POPCAT/USDT', 'MOODENG/USDT', 'ANIME/USDT', '1000MOG/USDT', 'ONDO/USDT', '1000REKT/USDT', 'XDC/USDT', 'BRETT/USDT', 'WLD/USDT', 'TOSHI/USDT', 'USELESS/USDT', 'A2Z/USDT', 'NOBODY/USDT', 'PUMP/USDT', 'A/USDT', 'MEW/USDT', 'SKY/USDT', 'GIGA/USDT', 'DOOD/USDT']
[VictoryBot] ISO 20022 tradable USD/USDT-like pairs: ['XRP/USDT', 'XLM/USDT', 'ALGO/USDT', 'QNT/USDT', 'XLM/USD', 'ALGO/USD', 'IOTA/USD', 'HBAR/USD', 'HBAR/USDT', 'IOTA/USDT', 'XRP/USD', 'XDC/USDT']
[VictoryBot] Top scored symbols: ['XRP/USDT', 'XRP/USD', 'HBAR/USDT', 'XLM/USDT', 'HBAR/USD', 'ALGO/USDT', 'IOTA/USDT', 'XLM/USD', 'ALGO/USD', 'IOTA/USD']
[VictoryBot] Full scored universe: [('XRP/USDT', 1744560.9331700483, 3489121.88696, -0.09437963944856848, 0.12002626712515893, 0), ('XRP/USD', 549757.7366702404, 1099515.48682, -0.07938479523618158, 0.11383786013449126, 0), ('HBAR/USDT', 188723.02326796637, 377446.13435, -0.15336205644575696, 0.014010555426534666, 0), ('XLM/USDT', 146848.98563617087, 293698.0331, -0.11201518850013562, 0.017938182739619973, 0), ('HBAR/USD', 60911.62194863837, 121823.32606, -0.14383362420011636, 0.013791504190624021, 0), ('ALGO/USDT', 50595.940273445085, 101191.9428, -0.11001410437235545, 0.012517842625628429, 0), ('IOTA/USDT', 35064.33318227004, 70128.7589, -0.15990730011587492, 0.011363067191564082, 0), ('XLM/USD', 29365.189253220895, 58730.4125, -0.06534707158351412, 0.017382282473829492, 0), ('ALGO/USD', 13668.298435987957, 27336.6493, -0.09413434247871334, 0.013508604665175452, 0), ('IOTA/USD', 7601.595090491849, 15203.2723, -0.14177803602556655, 0.009826017708105355, 0)]
[VictoryBot] Momentum signals: ['XLM/USD', 'XRP/USD', 'ALGO/USD', 'XRP/USDT', 'ALGO/USDT']
[VictoryBot] ML signals: []
[VictoryBot] No open positions. Using available USD/USDT balance: 30.93978711
[VictoryBot] Portfolio sizing diagnostics:
  Investable USD: 27.845808399
  Investable per asset: 27.845808399
  XRP/USDT: ATR=0.1226, liquidity=62740.30, computed size=9.28
    Skipping XRP/USDT: size 9.28 below minimum order size.
[VictoryBot] Skipping reserve asset XRP: no valid tradable symbol or below min order size.
[VictoryBot] Skipping reserve asset HBAR: no valid tradable symbol or below min order size.
[VictoryBot] Skipping reserve asset LINK: no valid tradable symbol or below min order size.
[VictoryBot] Skipping reserve asset XLM: no valid tradable symbol or below min order size.
✅ Portfolio in balance. No rebalancing needed.
[VictoryBot] Final target allocations: {}
🚀 EXECUTING PORTFOLIO LADDER
========================================
[VictoryBot] execute_portfolio_ladder called. long_positions: {}, hedge_positions: {}
[VictoryBot][DEBUG] execute_portfolio_ladder symbols: []
[VictoryBot][DEBUG] run_all_strategies called with symbols: []
[VictoryBot][DEBUG] momentum_signals: []
[VictoryBot][DEBUG] ml_signals: []
[VictoryBot][DEBUG] mean_reversion_signals: []
[VictoryBot][DEBUG] pair_trading_signals: []
[VictoryBot][DEBUG] yield_opportunities: []
[VictoryBot][DEBUG] volatility_breakout_signals: []
[VictoryBot][DEBUG] multi_timeframe_momentum_signals: []
[VictoryBot][DEBUG] event_signals: []
[VictoryBot][DEBUG] insurance_signals: []
[VictoryBot][DEBUG] hedge_signals: []
[VictoryBot][DEBUG] top_momentum_assets: []
[VictoryBot] Writing scan results (forced): {'momentum_signals': [], 'ml_signals': [], 'mean_reversion_signals': [], 'pair_trading_signals': [], 'yield_opportunities': [], 'volatility_breakout_signals': [], 'multi_timeframe_momentum_signals': [], 'event_signals': [], 'insurance_signals': [], 'hedge_signals': [], 'top_momentum_assets': [], 'diagnostics': {'num_symbols': 0, 'timestamp': '2025-10-11T11:40:57.030989'}}
[VictoryBot] write_scan_results called. Data: {'momentum_signals': [], 'ml_signals': [], 'diagnostics': {'num_symbols': 0, 'timestamp': '2025-10-11T11:40:57.030989', 'investable_usd': 0, 'investable_per_asset': 0, 'mean_reversion_signals': [], 'pair_trading_signals': [], 'yield_opportunities': [], 'volatility_breakout_signals': [], 'multi_timeframe_momentum_signals': [], 'event_signals': [], 'insurance_signals': [], 'hedge_signals': [], 'top_momentum_assets': []}, 'allocations': {}, 'notes': Full strategy integration. All signals/diagnostics included. No trades/allocations this cycle, but scan and reserves maintained.}
[VictoryBot] scan_results.json written: /Users/nicholaskramer/Downloads/victorychain_stack/runtime/scan_results.json
[VictoryBot] scan_log.jsonl appended: /Users/nicholaskramer/Downloads/victorychain_stack/runtime/scan_log.jsonl
[VictoryBot] Scan results written (forced update).
📊 Executing 0 positions simultaneously...

📊 EXECUTION SUMMARY
=========================
Execution ID: exec_1760197257
Execution time: 0.0 seconds
Target positions: 0
Portfolio fill rate: 0.0%
Portfolio flat: ✅
💾 Report saved: execution_report_exec_1760197257.json
[VictoryBot] Available USD balance: 0.0
[VictoryBot] Available USDT balance: 30.93978711
[VictoryBot] All unique quote assets: ['BTC', 'BUSD', 'DAI', 'ETH', 'USD', 'USD4', 'USDC', 'USDT', 'UST']
[VictoryBot] All available tradable USD/USDT-like pairs: ['BTC/USDT', 'ETH/USDT', 'XRP/USDT', 'BCH/USDT', 'LTC/USDT', 'BNB/USDT', 'ADA/USDT', 'BAT/USDT', 'ETC/USDT', 'XLM/USDT', 'ZRX/USDT', 'DOGE/USDT', 'ATOM/USDT', 'NEO/USDT', 'VET/USDT', 'QTUM/USDT', 'ONT/USDT', 'KNC/USDT', 'VTHO/USDT', 'COMP/USDT', 'ONE/USDT', 'BAND/USDT', 'STORJ/USDT', 'UNI/USDT', 'SOL/USDT', 'EGLD/USDT', 'PAXG/USDT', 'OXT/USDT', 'ZEN/USDT', 'BTC/USDC', 'FIL/USDT', 'AAVE/USDT', 'GRT/USDT', 'SHIB/USDT', 'CRV/USDT', 'AXS/USDT', 'AVAX/USDT', 'CTSI/USDT', 'DOT/USDT', 'YFI/USDT', '1INCH/USDT', 'USDC/USDT', 'ETH/USDC', 'MANA/USDT', 'ALGO/USDT', 'LINK/USDT', 'ZEC/USDT', 'ENJ/USDT', 'NEAR/USDT', 'SUSHI/USDT', 'LRC/USDT', 'LPT/USDT', 'NMR/USDT', 'SLP/USDT', 'CHZ/USDT', 'OGN/USDT', 'GALA/USDT', 'TLM/USDT', 'SNX/USDT', 'AUDIO/USDT', 'ENS/USDT', 'REQ/USDT', 'APE/USDT', 'FLUX/USDT', 'COTI/USDT', 'VOXEL/USDT', 'RLC/USDT', 'BICO/USDT', 'API3/USDT', 'BNT/USDT', 'IMX/USDT', 'FLOW/USDT', 'GTC/USDT', 'THETA/USDT', 'TFUEL/USDT', 'OCEAN/USDT', 'LAZIO/USDT', 'SANTOS/USDT', 'ALPINE/USDT', 'PORTO/USDT', 'CELR/USDT', 'SKL/USDT', 'WAXP/USDT', 'LTO/USDT', 'FET/USDT', 'ICP/USDT', 'T/USDT', 'OP/USDT', 'ROSE/USDT', 'CELO/USDT', 'KDA/USDT', 'KSM/USDT', 'ACH/USDT', 'SYS/USDT', 'RAD/USDT', 'ILV/USDT', 'LDO/USDT', 'RARE/USDT', 'LSK/USDT', 'DGB/USDT', 'REEF/USDT', 'ALICE/USDT', 'FORTH/USDT', 'ASTR/USDT', 'BTRST/USDT', 'SAND/USDT', 'GLM/USDT', 'QNT/USDT', 'STG/USDT', 'AXL/USDT', 'KAVA/USDT', 'APT/USDT', 'MASK/USDT', 'BOSON/USDT', 'POND/USDT', 'SOL/USDC', 'ADA/USDC', 'JAM/USDT', 'TRAC/USDT', 'PROM/USDT', 'DIA/USDT', 'LOOM/USDT', 'STMX/USDT', 'BTC/USD', 'ETH/USD', 'BCH/USD', 'LTC/USD', 'USDT/USD', 'BNB/USD', 'ADA/USD', 'ETC/USD', 'XLM/USD', 'LINK/USD', 'RVN/USD', 'ALGO/USD', 'IOTA/USD', 'ATOM/USD', 'ZIL/USD', 'VET/USD', 'HBAR/USD', 'DOGE/USD', 'VTHO/USD', 'USDC/USD', 'ONE/USD', 'UNI/USD', 'SOL/USD', 'AAVE/USD', 'GRT/USD', 'SUSHI/USD', 'CRV/USD', 'AVAX/USD', 'DOT/USD', 'NEAR/USD', 'LPT/USD', 'GALA/USD', 'ENS/USD', 'THETA/USD', 'FET/USD', 'ICP/USD', 'OP/USD', 'KDA/USD', 'DGB/USD', 'SAND/USD', 'SHIB/USD', 'POLYX/USDT', 'IOST/USDT', 'ARB/USDT', 'FLOKI/USDT', 'FLOKI/USD', 'XEC/USDT', 'BLUR/USDT', 'ANKR/USDT', 'DAI/USDT', 'DASH/USDT', 'HBAR/USDT', 'ICX/USDT', 'IOTA/USDT', 'RVN/USDT', 'XNO/USDT', 'XTZ/USDT', 'ZIL/USDT', 'ORBS/USDT', 'ADX/USDT', 'FORT/USDT', 'SUI/USDT', 'ONG/USDT', 'G/USDT', 'RENDER/USDT', 'BONK/USDT', 'MAGIC/USDT', 'PEPE/USDT', 'WIF/USDT', 'IOTX/USDT', 'PNUT/USDT', 'PENGU/USDT', 'POL/USDT', 'TRUMP/USDT', 'NEIRO/USDT', 'SUI/USD', 'XRP/USD', 'BONK/USD', 'PEPE/USD', 'POL/USD', 'RENDER/USD', 'TRUMP/USD', 'EIGEN/USDT', 'ME/USDT', 'ME/USD', 'D/USDT', 'METIS/USDT', 'JUP/USD', 'JUP/USDT', 'S/USD', 'S/USDT', 'JTO/USDT', 'ORCA/USDT', 'DATA/USDT', 'VIRTUAL/USDT', 'AIXBT/USDT', 'KAITO/USDT', 'TURBO/USDT', 'HYPE/USD', 'HYPE/USDT', 'ENA/USDT', 'LAYER/USDT', 'FARTCOIN/USDT', 'SPX/USDT', 'POPCAT/USDT', 'MOODENG/USDT', 'ANIME/USDT', '1000MOG/USDT', 'ONDO/USDT', '1000REKT/USDT', 'XDC/USDT', 'BRETT/USDT', 'WLD/USDT', 'TOSHI/USDT', 'USELESS/USDT', 'A2Z/USDT', 'NOBODY/USDT', 'PUMP/USDT', 'A/USDT', 'MEW/USDT', 'SKY/USDT', 'GIGA/USDT', 'DOOD/USDT']
[VictoryBot] ISO 20022 tradable USD/USDT-like pairs: ['XRP/USDT', 'XLM/USDT', 'ALGO/USDT', 'QNT/USDT', 'XLM/USD', 'ALGO/USD', 'IOTA/USD', 'HBAR/USD', 'HBAR/USDT', 'IOTA/USDT', 'XRP/USD', 'XDC/USDT']
[VictoryBot] Top scored symbols: ['XRP/USDT', 'XRP/USD', 'HBAR/USDT', 'XLM/USDT', 'HBAR/USD', 'ALGO/USDT', 'IOTA/USDT', 'XLM/USD', 'ALGO/USD', 'IOTA/USD']
[VictoryBot] Full scored universe: [('XRP/USDT', 1740282.657119726, 3480565.33584, -0.09602515815263098, 0.12004849020291762, 0), ('XRP/USD', 549257.7373052405, 1098515.48809, -0.07938479523618158, 0.11383786013449126, 0), ('HBAR/USDT', 188723.02326796637, 377446.13435, -0.15336205644575696, 0.014010555426534666, 0), ('XLM/USDT', 146851.6180542258, 293703.2955, -0.10794684024952536, 0.01792185258281074, 0), ('HBAR/USD', 60911.62194863837, 121823.32606, -0.14383362420011636, 0.013791504190624021, 0), ('ALGO/USDT', 50595.940273445085, 101191.9428, -0.11001410437235545, 0.012517842625628429, 0), ('IOTA/USDT', 35137.08404982275, 70274.2589, -0.15701042873696416, 0.011353009116529417, 0), ('XLM/USD', 29365.189253220895, 58730.4125, -0.06534707158351412, 0.017382282473829492, 0), ('ALGO/USD', 13668.298435987957, 27336.6493, -0.09413434247871334, 0.013508604665175452, 0), ('IOTA/USD', 7601.595090491849, 15203.2723, -0.14177803602556655, 0.009826017708105355, 0)]
[VictoryBot] Momentum signals: ['XLM/USD', 'XRP/USD', 'ALGO/USD', 'XRP/USDT', 'XLM/USDT']
[VictoryBot] ML signals: []
[VictoryBot] No open positions. Using available USD/USDT balance: 30.93978711
[VictoryBot] Portfolio sizing diagnostics:
  Investable USD: 27.845808399
  Investable per asset: 27.845808399
  XLM/USDT: ATR=0.0168, liquidity=72039.00, computed size=9.28
    Skipping XLM/USDT: size 9.28 below minimum order size.
[VictoryBot] Skipping reserve asset XRP: no valid tradable symbol or below min order size.
[VictoryBot] Skipping reserve asset HBAR: no valid tradable symbol or below min order size.
[VictoryBot] Skipping reserve asset LINK: no valid tradable symbol or below min order size.
[VictoryBot] Skipping reserve asset XLM: no valid tradable symbol or below min order size.
✅ Portfolio in balance. No rebalancing needed.
[VictoryBot] Final target allocations: {}
🚀 EXECUTING PORTFOLIO LADDER
========================================
[VictoryBot] execute_portfolio_ladder called. long_positions: {}, hedge_positions: {}
[VictoryBot][DEBUG] execute_portfolio_ladder symbols: []
[VictoryBot][DEBUG] run_all_strategies called with symbols: []
[VictoryBot][DEBUG] momentum_signals: []
[VictoryBot][DEBUG] ml_signals: []
[VictoryBot][DEBUG] mean_reversion_signals: []
[VictoryBot][DEBUG] pair_trading_signals: []
[VictoryBot][DEBUG] yield_opportunities: []
[VictoryBot][DEBUG] volatility_breakout_signals: []
[VictoryBot][DEBUG] multi_timeframe_momentum_signals: []
[VictoryBot][DEBUG] event_signals: []
[VictoryBot][DEBUG] insurance_signals: []
[VictoryBot][DEBUG] hedge_signals: []
[VictoryBot][DEBUG] top_momentum_assets: []
[VictoryBot] Writing scan results (forced): {'momentum_signals': [], 'ml_signals': [], 'mean_reversion_signals': [], 'pair_trading_signals': [], 'yield_opportunities': [], 'volatility_breakout_signals': [], 'multi_timeframe_momentum_signals': [], 'event_signals': [], 'insurance_signals': [], 'hedge_signals': [], 'top_momentum_assets': [], 'diagnostics': {'num_symbols': 0, 'timestamp': '2025-10-11T11:42:21.252531'}}
[VictoryBot] write_scan_results called. Data: {'momentum_signals': [], 'ml_signals': [], 'diagnostics': {'num_symbols': 0, 'timestamp': '2025-10-11T11:42:21.252531', 'investable_usd': 0, 'investable_per_asset': 0, 'mean_reversion_signals': [], 'pair_trading_signals': [], 'yield_opportunities': [], 'volatility_breakout_signals': [], 'multi_timeframe_momentum_signals': [], 'event_signals': [], 'insurance_signals': [], 'hedge_signals': [], 'top_momentum_assets': []}, 'allocations': {}, 'notes': Full strategy integration. All signals/diagnostics included. No trades/allocations this cycle, but scan and reserves maintained.}
[VictoryBot] scan_results.json written: /Users/nicholaskramer/Downloads/victorychain_stack/runtime/scan_results.json
[VictoryBot] scan_log.jsonl appended: /Users/nicholaskramer/Downloads/victorychain_stack/runtime/scan_log.jsonl
[VictoryBot] Scan results written (forced update).
📊 Executing 0 positions simultaneously...

📊 EXECUTION SUMMARY
=========================
Execution ID: exec_1760197341
Execution time: 0.0 seconds
Target positions: 0
Portfolio fill rate: 0.0%
Portfolio flat: ✅
💾 Report saved: execution_report_exec_1760197341.json
[VictoryBot] Profit target or trailing stop hit for FLOKI/USDT: gain=0.00%, trailing_drop=14.62%. Selling 3985.07...
[VictoryBot] Error in monitor_and_sell_for_profit: 'BTCFreeExecutionEngine' object has no attribute 'execute_order_with_fallback'
[VictoryBot] Available USD balance: 0.0
[VictoryBot] Available USDT balance: 30.93978711
[VictoryBot] All unique quote assets: ['BTC', 'BUSD', 'DAI', 'ETH', 'USD', 'USD4', 'USDC', 'USDT', 'UST']
[VictoryBot] All available tradable USD/USDT-like pairs: ['BTC/USDT', 'ETH/USDT', 'XRP/USDT', 'BCH/USDT', 'LTC/USDT', 'BNB/USDT', 'ADA/USDT', 'BAT/USDT', 'ETC/USDT', 'XLM/USDT', 'ZRX/USDT', 'DOGE/USDT', 'ATOM/USDT', 'NEO/USDT', 'VET/USDT', 'QTUM/USDT', 'ONT/USDT', 'KNC/USDT', 'VTHO/USDT', 'COMP/USDT', 'ONE/USDT', 'BAND/USDT', 'STORJ/USDT', 'UNI/USDT', 'SOL/USDT', 'EGLD/USDT', 'PAXG/USDT', 'OXT/USDT', 'ZEN/USDT', 'BTC/USDC', 'FIL/USDT', 'AAVE/USDT', 'GRT/USDT', 'SHIB/USDT', 'CRV/USDT', 'AXS/USDT', 'AVAX/USDT', 'CTSI/USDT', 'DOT/USDT', 'YFI/USDT', '1INCH/USDT', 'USDC/USDT', 'ETH/USDC', 'MANA/USDT', 'ALGO/USDT', 'LINK/USDT', 'ZEC/USDT', 'ENJ/USDT', 'NEAR/USDT', 'SUSHI/USDT', 'LRC/USDT', 'LPT/USDT', 'NMR/USDT', 'SLP/USDT', 'CHZ/USDT', 'OGN/USDT', 'GALA/USDT', 'TLM/USDT', 'SNX/USDT', 'AUDIO/USDT', 'ENS/USDT', 'REQ/USDT', 'APE/USDT', 'FLUX/USDT', 'COTI/USDT', 'VOXEL/USDT', 'RLC/USDT', 'BICO/USDT', 'API3/USDT', 'BNT/USDT', 'IMX/USDT', 'FLOW/USDT', 'GTC/USDT', 'THETA/USDT', 'TFUEL/USDT', 'OCEAN/USDT', 'LAZIO/USDT', 'SANTOS/USDT', 'ALPINE/USDT', 'PORTO/USDT', 'CELR/USDT', 'SKL/USDT', 'WAXP/USDT', 'LTO/USDT', 'FET/USDT', 'ICP/USDT', 'T/USDT', 'OP/USDT', 'ROSE/USDT', 'CELO/USDT', 'KDA/USDT', 'KSM/USDT', 'ACH/USDT', 'SYS/USDT', 'RAD/USDT', 'ILV/USDT', 'LDO/USDT', 'RARE/USDT', 'LSK/USDT', 'DGB/USDT', 'REEF/USDT', 'ALICE/USDT', 'FORTH/USDT', 'ASTR/USDT', 'BTRST/USDT', 'SAND/USDT', 'GLM/USDT', 'QNT/USDT', 'STG/USDT', 'AXL/USDT', 'KAVA/USDT', 'APT/USDT', 'MASK/USDT', 'BOSON/USDT', 'POND/USDT', 'SOL/USDC', 'ADA/USDC', 'JAM/USDT', 'TRAC/USDT', 'PROM/USDT', 'DIA/USDT', 'LOOM/USDT', 'STMX/USDT', 'BTC/USD', 'ETH/USD', 'BCH/USD', 'LTC/USD', 'USDT/USD', 'BNB/USD', 'ADA/USD', 'ETC/USD', 'XLM/USD', 'LINK/USD', 'RVN/USD', 'ALGO/USD', 'IOTA/USD', 'ATOM/USD', 'ZIL/USD', 'VET/USD', 'HBAR/USD', 'DOGE/USD', 'VTHO/USD', 'USDC/USD', 'ONE/USD', 'UNI/USD', 'SOL/USD', 'AAVE/USD', 'GRT/USD', 'SUSHI/USD', 'CRV/USD', 'AVAX/USD', 'DOT/USD', 'NEAR/USD', 'LPT/USD', 'GALA/USD', 'ENS/USD', 'THETA/USD', 'FET/USD', 'ICP/USD', 'OP/USD', 'KDA/USD', 'DGB/USD', 'SAND/USD', 'SHIB/USD', 'POLYX/USDT', 'IOST/USDT', 'ARB/USDT', 'FLOKI/USDT', 'FLOKI/USD', 'XEC/USDT', 'BLUR/USDT', 'ANKR/USDT', 'DAI/USDT', 'DASH/USDT', 'HBAR/USDT', 'ICX/USDT', 'IOTA/USDT', 'RVN/USDT', 'XNO/USDT', 'XTZ/USDT', 'ZIL/USDT', 'ORBS/USDT', 'ADX/USDT', 'FORT/USDT', 'SUI/USDT', 'ONG/USDT', 'G/USDT', 'RENDER/USDT', 'BONK/USDT', 'MAGIC/USDT', 'PEPE/USDT', 'WIF/USDT', 'IOTX/USDT', 'PNUT/USDT', 'PENGU/USDT', 'POL/USDT', 'TRUMP/USDT', 'NEIRO/USDT', 'SUI/USD', 'XRP/USD', 'BONK/USD', 'PEPE/USD', 'POL/USD', 'RENDER/USD', 'TRUMP/USD', 'EIGEN/USDT', 'ME/USDT', 'ME/USD', 'D/USDT', 'METIS/USDT', 'JUP/USD', 'JUP/USDT', 'S/USD', 'S/USDT', 'JTO/USDT', 'ORCA/USDT', 'DATA/USDT', 'VIRTUAL/USDT', 'AIXBT/USDT', 'KAITO/USDT', 'TURBO/USDT', 'HYPE/USD', 'HYPE/USDT', 'ENA/USDT', 'LAYER/USDT', 'FARTCOIN/USDT', 'SPX/USDT', 'POPCAT/USDT', 'MOODENG/USDT', 'ANIME/USDT', '1000MOG/USDT', 'ONDO/USDT', '1000REKT/USDT', 'XDC/USDT', 'BRETT/USDT', 'WLD/USDT', 'TOSHI/USDT', 'USELESS/USDT', 'A2Z/USDT', 'NOBODY/USDT', 'PUMP/USDT', 'A/USDT', 'MEW/USDT', 'SKY/USDT', 'GIGA/USDT', 'DOOD/USDT']
[VictoryBot] ISO 20022 tradable USD/USDT-like pairs: ['XRP/USDT', 'XLM/USDT', 'ALGO/USDT', 'QNT/USDT', 'XLM/USD', 'ALGO/USD', 'IOTA/USD', 'HBAR/USD', 'HBAR/USDT', 'IOTA/USDT', 'XRP/USD', 'XDC/USDT']
[VictoryBot] Top scored symbols: ['XRP/USDT', 'XRP/USD', 'HBAR/USDT', 'XLM/USDT', 'HBAR/USD', 'ALGO/USDT', 'IOTA/USDT', 'XLM/USD', 'ALGO/USD', 'IOTA/USD']
[VictoryBot] Full scored universe: [('XRP/USDT', 1740261.146054726, 3480522.31371, -0.09602515815263098, 0.12004849020291762, 0), ('XRP/USD', 549242.9936852404, 1098486.00085, -0.07938479523618158, 0.11383786013449126, 0), ('HBAR/USDT', 188369.79099796637, 376739.66981, -0.15336205644575696, 0.014010555426534666, 0), ('XLM/USDT', 146818.89765422582, 293637.8547, -0.10794684024952536, 0.01792185258281074, 0), ('HBAR/USD', 60906.65802863837, 121813.39822, -0.14383362420011636, 0.013791504190624021, 0), ('ALGO/USDT', 50595.940273445085, 101191.9428, -0.11001410437235545, 0.012517842625628429, 0), ('IOTA/USDT', 35137.08404982275, 70274.2589, -0.15701042873696416, 0.011353009116529417, 0), ('XLM/USD', 29365.189253220895, 58730.4125, -0.06534707158351412, 0.017382282473829492, 0), ('ALGO/USD', 13668.298435987957, 27336.6493, -0.09413434247871334, 0.013508604665175452, 0), ('IOTA/USD', 7601.595090491849, 15203.2723, -0.14177803602556655, 0.009826017708105355, 0)]
[VictoryBot] Momentum signals: ['XLM/USD', 'XRP/USD', 'ALGO/USD', 'XRP/USDT', 'XLM/USDT']
[VictoryBot] ML signals: []
[VictoryBot] No open positions. Using available USD/USDT balance: 30.93978711
[VictoryBot] Portfolio sizing diagnostics:
  Investable USD: 27.845808399
  Investable per asset: 27.845808399
  XLM/USDT: ATR=0.0168, liquidity=80227.00, computed size=9.28
    Skipping XLM/USDT: size 9.28 below minimum order size.
[VictoryBot] Skipping reserve asset XRP: no valid tradable symbol or below min order size.
[VictoryBot] Skipping reserve asset HBAR: no valid tradable symbol or below min order size.
[VictoryBot] Skipping reserve asset LINK: no valid tradable symbol or below min order size.
[VictoryBot] Skipping reserve asset XLM: no valid tradable symbol or below min order size.
✅ Portfolio in balance. No rebalancing needed.
[VictoryBot] Final target allocations: {}
🚀 EXECUTING PORTFOLIO LADDER
========================================
[VictoryBot] execute_portfolio_ladder called. long_positions: {}, hedge_positions: {}
[VictoryBot][DEBUG] execute_portfolio_ladder symbols: []
[VictoryBot][DEBUG] run_all_strategies called with symbols: []
[VictoryBot][DEBUG] momentum_signals: []
[VictoryBot][DEBUG] ml_signals: []
[VictoryBot][DEBUG] mean_reversion_signals: []
[VictoryBot][DEBUG] pair_trading_signals: []
[VictoryBot][DEBUG] yield_opportunities: []
[VictoryBot][DEBUG] volatility_breakout_signals: []
[VictoryBot][DEBUG] multi_timeframe_momentum_signals: []
[VictoryBot][DEBUG] event_signals: []
[VictoryBot][DEBUG] insurance_signals: []
[VictoryBot][DEBUG] hedge_signals: []
[VictoryBot][DEBUG] top_momentum_assets: []
[VictoryBot] Writing scan results (forced): {'momentum_signals': [], 'ml_signals': [], 'mean_reversion_signals': [], 'pair_trading_signals': [], 'yield_opportunities': [], 'volatility_breakout_signals': [], 'multi_timeframe_momentum_signals': [], 'event_signals': [], 'insurance_signals': [], 'hedge_signals': [], 'top_momentum_assets': [], 'diagnostics': {'num_symbols': 0, 'timestamp': '2025-10-11T11:43:45.351958'}}
[VictoryBot] write_scan_results called. Data: {'momentum_signals': [], 'ml_signals': [], 'diagnostics': {'num_symbols': 0, 'timestamp': '2025-10-11T11:43:45.351958', 'investable_usd': 0, 'investable_per_asset': 0, 'mean_reversion_signals': [], 'pair_trading_signals': [], 'yield_opportunities': [], 'volatility_breakout_signals': [], 'multi_timeframe_momentum_signals': [], 'event_signals': [], 'insurance_signals': [], 'hedge_signals': [], 'top_momentum_assets': []}, 'allocations': {}, 'notes': Full strategy integration. All signals/diagnostics included. No trades/allocations this cycle, but scan and reserves maintained.}
[VictoryBot] scan_results.json written: /Users/nicholaskramer/Downloads/victorychain_stack/runtime/scan_results.json
[VictoryBot] scan_log.jsonl appended: /Users/nicholaskramer/Downloads/victorychain_stack/runtime/scan_log.jsonl
[VictoryBot] Scan results written (forced update).
📊 Executing 0 positions simultaneously...

📊 EXECUTION SUMMARY
=========================
Execution ID: exec_1760197425
Execution time: 0.0 seconds
Target positions: 0
Portfolio fill rate: 0.0%
Portfolio flat: ✅
💾 Report saved: execution_report_exec_1760197425.json
[VictoryBot] Profit target or trailing stop hit for FLOKI/USDT: gain=0.00%, trailing_drop=14.62%. Selling 3985.07...
[VictoryBot] Error in monitor_and_sell_for_profit: 'BTCFreeExecutionEngine' object has no attribute 'execute_order_with_fallback'
[VictoryBot] Available USD balance: 0.0
[VictoryBot] Available USDT balance: 30.93978711
[VictoryBot] All unique quote assets: ['BTC', 'BUSD', 'DAI', 'ETH', 'USD', 'USD4', 'USDC', 'USDT', 'UST']
[VictoryBot] All available tradable USD/USDT-like pairs: ['BTC/USDT', 'ETH/USDT', 'XRP/USDT', 'BCH/USDT', 'LTC/USDT', 'BNB/USDT', 'ADA/USDT', 'BAT/USDT', 'ETC/USDT', 'XLM/USDT', 'ZRX/USDT', 'DOGE/USDT', 'ATOM/USDT', 'NEO/USDT', 'VET/USDT', 'QTUM/USDT', 'ONT/USDT', 'KNC/USDT', 'VTHO/USDT', 'COMP/USDT', 'ONE/USDT', 'BAND/USDT', 'STORJ/USDT', 'UNI/USDT', 'SOL/USDT', 'EGLD/USDT', 'PAXG/USDT', 'OXT/USDT', 'ZEN/USDT', 'BTC/USDC', 'FIL/USDT', 'AAVE/USDT', 'GRT/USDT', 'SHIB/USDT', 'CRV/USDT', 'AXS/USDT', 'AVAX/USDT', 'CTSI/USDT', 'DOT/USDT', 'YFI/USDT', '1INCH/USDT', 'USDC/USDT', 'ETH/USDC', 'MANA/USDT', 'ALGO/USDT', 'LINK/USDT', 'ZEC/USDT', 'ENJ/USDT', 'NEAR/USDT', 'SUSHI/USDT', 'LRC/USDT', 'LPT/USDT', 'NMR/USDT', 'SLP/USDT', 'CHZ/USDT', 'OGN/USDT', 'GALA/USDT', 'TLM/USDT', 'SNX/USDT', 'AUDIO/USDT', 'ENS/USDT', 'REQ/USDT', 'APE/USDT', 'FLUX/USDT', 'COTI/USDT', 'VOXEL/USDT', 'RLC/USDT', 'BICO/USDT', 'API3/USDT', 'BNT/USDT', 'IMX/USDT', 'FLOW/USDT', 'GTC/USDT', 'THETA/USDT', 'TFUEL/USDT', 'OCEAN/USDT', 'LAZIO/USDT', 'SANTOS/USDT', 'ALPINE/USDT', 'PORTO/USDT', 'CELR/USDT', 'SKL/USDT', 'WAXP/USDT', 'LTO/USDT', 'FET/USDT', 'ICP/USDT', 'T/USDT', 'OP/USDT', 'ROSE/USDT', 'CELO/USDT', 'KDA/USDT', 'KSM/USDT', 'ACH/USDT', 'SYS/USDT', 'RAD/USDT', 'ILV/USDT', 'LDO/USDT', 'RARE/USDT', 'LSK/USDT', 'DGB/USDT', 'REEF/USDT', 'ALICE/USDT', 'FORTH/USDT', 'ASTR/USDT', 'BTRST/USDT', 'SAND/USDT', 'GLM/USDT', 'QNT/USDT', 'STG/USDT', 'AXL/USDT', 'KAVA/USDT', 'APT/USDT', 'MASK/USDT', 'BOSON/USDT', 'POND/USDT', 'SOL/USDC', 'ADA/USDC', 'JAM/USDT', 'TRAC/USDT', 'PROM/USDT', 'DIA/USDT', 'LOOM/USDT', 'STMX/USDT', 'BTC/USD', 'ETH/USD', 'BCH/USD', 'LTC/USD', 'USDT/USD', 'BNB/USD', 'ADA/USD', 'ETC/USD', 'XLM/USD', 'LINK/USD', 'RVN/USD', 'ALGO/USD', 'IOTA/USD', 'ATOM/USD', 'ZIL/USD', 'VET/USD', 'HBAR/USD', 'DOGE/USD', 'VTHO/USD', 'USDC/USD', 'ONE/USD', 'UNI/USD', 'SOL/USD', 'AAVE/USD', 'GRT/USD', 'SUSHI/USD', 'CRV/USD', 'AVAX/USD', 'DOT/USD', 'NEAR/USD', 'LPT/USD', 'GALA/USD', 'ENS/USD', 'THETA/USD', 'FET/USD', 'ICP/USD', 'OP/USD', 'KDA/USD', 'DGB/USD', 'SAND/USD', 'SHIB/USD', 'POLYX/USDT', 'IOST/USDT', 'ARB/USDT', 'FLOKI/USDT', 'FLOKI/USD', 'XEC/USDT', 'BLUR/USDT', 'ANKR/USDT', 'DAI/USDT', 'DASH/USDT', 'HBAR/USDT', 'ICX/USDT', 'IOTA/USDT', 'RVN/USDT', 'XNO/USDT', 'XTZ/USDT', 'ZIL/USDT', 'ORBS/USDT', 'ADX/USDT', 'FORT/USDT', 'SUI/USDT', 'ONG/USDT', 'G/USDT', 'RENDER/USDT', 'BONK/USDT', 'MAGIC/USDT', 'PEPE/USDT', 'WIF/USDT', 'IOTX/USDT', 'PNUT/USDT', 'PENGU/USDT', 'POL/USDT', 'TRUMP/USDT', 'NEIRO/USDT', 'SUI/USD', 'XRP/USD', 'BONK/USD', 'PEPE/USD', 'POL/USD', 'RENDER/USD', 'TRUMP/USD', 'EIGEN/USDT', 'ME/USDT', 'ME/USD', 'D/USDT', 'METIS/USDT', 'JUP/USD', 'JUP/USDT', 'S/USD', 'S/USDT', 'JTO/USDT', 'ORCA/USDT', 'DATA/USDT', 'VIRTUAL/USDT', 'AIXBT/USDT', 'KAITO/USDT', 'TURBO/USDT', 'HYPE/USD', 'HYPE/USDT', 'ENA/USDT', 'LAYER/USDT', 'FARTCOIN/USDT', 'SPX/USDT', 'POPCAT/USDT', 'MOODENG/USDT', 'ANIME/USDT', '1000MOG/USDT', 'ONDO/USDT', '1000REKT/USDT', 'XDC/USDT', 'BRETT/USDT', 'WLD/USDT', 'TOSHI/USDT', 'USELESS/USDT', 'A2Z/USDT', 'NOBODY/USDT', 'PUMP/USDT', 'A/USDT', 'MEW/USDT', 'SKY/USDT', 'GIGA/USDT', 'DOOD/USDT']
[VictoryBot] ISO 20022 tradable USD/USDT-like pairs: ['XRP/USDT', 'XLM/USDT', 'ALGO/USDT', 'QNT/USDT', 'XLM/USD', 'ALGO/USD', 'IOTA/USD', 'HBAR/USD', 'HBAR/USDT', 'IOTA/USDT', 'XRP/USD', 'XDC/USDT']
[VictoryBot] Top scored symbols: ['XRP/USDT', 'XRP/USD', 'HBAR/USDT', 'XLM/USDT', 'HBAR/USD', 'ALGO/USDT', 'IOTA/USDT', 'XLM/USD', 'ALGO/USD', 'IOTA/USD']
[VictoryBot] Full scored universe: [('XRP/USDT', 1741251.7352345113, 3482503.49307, -0.09770724393900622, 0.12007789631734897, 0), ('XRP/USD', 549242.9936852404, 1098486.00085, -0.07938479523618158, 0.11383786013449126, 0), ('HBAR/USDT', 188362.20994796636, 376724.50771, -0.15336205644575696, 0.014010555426534666, 0), ('XLM/USDT', 142784.2310542258, 285568.5215, -0.10794684024952536, 0.01792185258281074, 0), ('HBAR/USD', 60906.65802863837, 121813.39822, -0.14383362420011636, 0.013791504190624021, 0), ('ALGO/USDT', 50595.940273445085, 101191.9428, -0.11001410437235545, 0.012517842625628429, 0), ('IOTA/USDT', 35451.95554982275, 70904.0019, -0.15701042873696416, 0.011353009116529417, 0), ('XLM/USD', 29365.189253220895, 58730.4125, -0.06534707158351412, 0.017382282473829492, 0), ('ALGO/USD', 13668.298435987957, 27336.6493, -0.09413434247871334, 0.013508604665175452, 0), ('IOTA/USD', 7601.668940491849, 15203.42, -0.14177803602556655, 0.009826017708105355, 0)]
[VictoryBot] Momentum signals: ['XLM/USD', 'XRP/USD', 'ALGO/USD', 'XRP/USDT', 'XLM/USDT']
[VictoryBot] ML signals: []
[VictoryBot] No open positions. Using available USD/USDT balance: 30.93978711
[VictoryBot] Portfolio sizing diagnostics:
  Investable USD: 27.845808399
  Investable per asset: 27.845808399
  XLM/USDT: ATR=0.0168, liquidity=83950.00, computed size=9.28
    Skipping XLM/USDT: size 9.28 below minimum order size.
[VictoryBot] Skipping reserve asset XRP: no valid tradable symbol or below min order size.
[VictoryBot] Skipping reserve asset HBAR: no valid tradable symbol or below min order size.
[VictoryBot] Skipping reserve asset LINK: no valid tradable symbol or below min order size.
[VictoryBot] Skipping reserve asset XLM: no valid tradable symbol or below min order size.
✅ Portfolio in balance. No rebalancing needed.
[VictoryBot] Final target allocations: {}
🚀 EXECUTING PORTFOLIO LADDER
========================================
[VictoryBot] execute_portfolio_ladder called. long_positions: {}, hedge_positions: {}
[VictoryBot][DEBUG] execute_portfolio_ladder symbols: []
[VictoryBot][DEBUG] run_all_strategies called with symbols: []
[VictoryBot][DEBUG] momentum_signals: []
[VictoryBot][DEBUG] ml_signals: []
[VictoryBot][DEBUG] mean_reversion_signals: []
[VictoryBot][DEBUG] pair_trading_signals: []
[VictoryBot][DEBUG] yield_opportunities: []
[VictoryBot][DEBUG] volatility_breakout_signals: []
[VictoryBot][DEBUG] multi_timeframe_momentum_signals: []
[VictoryBot][DEBUG] event_signals: []
[VictoryBot][DEBUG] insurance_signals: []
[VictoryBot][DEBUG] hedge_signals: []
[VictoryBot][DEBUG] top_momentum_assets: []
[VictoryBot] Writing scan results (forced): {'momentum_signals': [], 'ml_signals': [], 'mean_reversion_signals': [], 'pair_trading_signals': [], 'yield_opportunities': [], 'volatility_breakout_signals': [], 'multi_timeframe_momentum_signals': [], 'event_signals': [], 'insurance_signals': [], 'hedge_signals': [], 'top_momentum_assets': [], 'diagnostics': {'num_symbols': 0, 'timestamp': '2025-10-11T11:45:09.524639'}}
[VictoryBot] write_scan_results called. Data: {'momentum_signals': [], 'ml_signals': [], 'diagnostics': {'num_symbols': 0, 'timestamp': '2025-10-11T11:45:09.524639', 'investable_usd': 0, 'investable_per_asset': 0, 'mean_reversion_signals': [], 'pair_trading_signals': [], 'yield_opportunities': [], 'volatility_breakout_signals': [], 'multi_timeframe_momentum_signals': [], 'event_signals': [], 'insurance_signals': [], 'hedge_signals': [], 'top_momentum_assets': []}, 'allocations': {}, 'notes': Full strategy integration. All signals/diagnostics included. No trades/allocations this cycle, but scan and reserves maintained.}
[VictoryBot] scan_results.json written: /Users/nicholaskramer/Downloads/victorychain_stack/runtime/scan_results.json
[VictoryBot] scan_log.jsonl appended: /Users/nicholaskramer/Downloads/victorychain_stack/runtime/scan_log.jsonl
[VictoryBot] Scan results written (forced update).
📊 Executing 0 positions simultaneously...

📊 EXECUTION SUMMARY
=========================
Execution ID: exec_1760197509
Execution time: 0.0 seconds
Target positions: 0
Portfolio fill rate: 0.0%
Portfolio flat: ✅
💾 Report saved: execution_report_exec_1760197509.json
[VictoryBot] Profit target or trailing stop hit for FLOKI/USDT: gain=0.00%, trailing_drop=14.62%. Selling 3985.07...
[VictoryBot] Error in monitor_and_sell_for_profit: 'BTCFreeExecutionEngine' object has no attribute 'execute_order_with_fallback'
[VictoryBot] Available USD balance: 0.0
[VictoryBot] Available USDT balance: 30.93978711
[VictoryBot] All unique quote assets: ['BTC', 'BUSD', 'DAI', 'ETH', 'USD', 'USD4', 'USDC', 'USDT', 'UST']
[VictoryBot] All available tradable USD/USDT-like pairs: ['BTC/USDT', 'ETH/USDT', 'XRP/USDT', 'BCH/USDT', 'LTC/USDT', 'BNB/USDT', 'ADA/USDT', 'BAT/USDT', 'ETC/USDT', 'XLM/USDT', 'ZRX/USDT', 'DOGE/USDT', 'ATOM/USDT', 'NEO/USDT', 'VET/USDT', 'QTUM/USDT', 'ONT/USDT', 'KNC/USDT', 'VTHO/USDT', 'COMP/USDT', 'ONE/USDT', 'BAND/USDT', 'STORJ/USDT', 'UNI/USDT', 'SOL/USDT', 'EGLD/USDT', 'PAXG/USDT', 'OXT/USDT', 'ZEN/USDT', 'BTC/USDC', 'FIL/USDT', 'AAVE/USDT', 'GRT/USDT', 'SHIB/USDT', 'CRV/USDT', 'AXS/USDT', 'AVAX/USDT', 'CTSI/USDT', 'DOT/USDT', 'YFI/USDT', '1INCH/USDT', 'USDC/USDT', 'ETH/USDC', 'MANA/USDT', 'ALGO/USDT', 'LINK/USDT', 'ZEC/USDT', 'ENJ/USDT', 'NEAR/USDT', 'SUSHI/USDT', 'LRC/USDT', 'LPT/USDT', 'NMR/USDT', 'SLP/USDT', 'CHZ/USDT', 'OGN/USDT', 'GALA/USDT', 'TLM/USDT', 'SNX/USDT', 'AUDIO/USDT', 'ENS/USDT', 'REQ/USDT', 'APE/USDT', 'FLUX/USDT', 'COTI/USDT', 'VOXEL/USDT', 'RLC/USDT', 'BICO/USDT', 'API3/USDT', 'BNT/USDT', 'IMX/USDT', 'FLOW/USDT', 'GTC/USDT', 'THETA/USDT', 'TFUEL/USDT', 'OCEAN/USDT', 'LAZIO/USDT', 'SANTOS/USDT', 'ALPINE/USDT', 'PORTO/USDT', 'CELR/USDT', 'SKL/USDT', 'WAXP/USDT', 'LTO/USDT', 'FET/USDT', 'ICP/USDT', 'T/USDT', 'OP/USDT', 'ROSE/USDT', 'CELO/USDT', 'KDA/USDT', 'KSM/USDT', 'ACH/USDT', 'SYS/USDT', 'RAD/USDT', 'ILV/USDT', 'LDO/USDT', 'RARE/USDT', 'LSK/USDT', 'DGB/USDT', 'REEF/USDT', 'ALICE/USDT', 'FORTH/USDT', 'ASTR/USDT', 'BTRST/USDT', 'SAND/USDT', 'GLM/USDT', 'QNT/USDT', 'STG/USDT', 'AXL/USDT', 'KAVA/USDT', 'APT/USDT', 'MASK/USDT', 'BOSON/USDT', 'POND/USDT', 'SOL/USDC', 'ADA/USDC', 'JAM/USDT', 'TRAC/USDT', 'PROM/USDT', 'DIA/USDT', 'LOOM/USDT', 'STMX/USDT', 'BTC/USD', 'ETH/USD', 'BCH/USD', 'LTC/USD', 'USDT/USD', 'BNB/USD', 'ADA/USD', 'ETC/USD', 'XLM/USD', 'LINK/USD', 'RVN/USD', 'ALGO/USD', 'IOTA/USD', 'ATOM/USD', 'ZIL/USD', 'VET/USD', 'HBAR/USD', 'DOGE/USD', 'VTHO/USD', 'USDC/USD', 'ONE/USD', 'UNI/USD', 'SOL/USD', 'AAVE/USD', 'GRT/USD', 'SUSHI/USD', 'CRV/USD', 'AVAX/USD', 'DOT/USD', 'NEAR/USD', 'LPT/USD', 'GALA/USD', 'ENS/USD', 'THETA/USD', 'FET/USD', 'ICP/USD', 'OP/USD', 'KDA/USD', 'DGB/USD', 'SAND/USD', 'SHIB/USD', 'POLYX/USDT', 'IOST/USDT', 'ARB/USDT', 'FLOKI/USDT', 'FLOKI/USD', 'XEC/USDT', 'BLUR/USDT', 'ANKR/USDT', 'DAI/USDT', 'DASH/USDT', 'HBAR/USDT', 'ICX/USDT', 'IOTA/USDT', 'RVN/USDT', 'XNO/USDT', 'XTZ/USDT', 'ZIL/USDT', 'ORBS/USDT', 'ADX/USDT', 'FORT/USDT', 'SUI/USDT', 'ONG/USDT', 'G/USDT', 'RENDER/USDT', 'BONK/USDT', 'MAGIC/USDT', 'PEPE/USDT', 'WIF/USDT', 'IOTX/USDT', 'PNUT/USDT', 'PENGU/USDT', 'POL/USDT', 'TRUMP/USDT', 'NEIRO/USDT', 'SUI/USD', 'XRP/USD', 'BONK/USD', 'PEPE/USD', 'POL/USD', 'RENDER/USD', 'TRUMP/USD', 'EIGEN/USDT', 'ME/USDT', 'ME/USD', 'D/USDT', 'METIS/USDT', 'JUP/USD', 'JUP/USDT', 'S/USD', 'S/USDT', 'JTO/USDT', 'ORCA/USDT', 'DATA/USDT', 'VIRTUAL/USDT', 'AIXBT/USDT', 'KAITO/USDT', 'TURBO/USDT', 'HYPE/USD', 'HYPE/USDT', 'ENA/USDT', 'LAYER/USDT', 'FARTCOIN/USDT', 'SPX/USDT', 'POPCAT/USDT', 'MOODENG/USDT', 'ANIME/USDT', '1000MOG/USDT', 'ONDO/USDT', '1000REKT/USDT', 'XDC/USDT', 'BRETT/USDT', 'WLD/USDT', 'TOSHI/USDT', 'USELESS/USDT', 'A2Z/USDT', 'NOBODY/USDT', 'PUMP/USDT', 'A/USDT', 'MEW/USDT', 'SKY/USDT', 'GIGA/USDT', 'DOOD/USDT']
[VictoryBot] ISO 20022 tradable USD/USDT-like pairs: ['XRP/USDT', 'XLM/USDT', 'ALGO/USDT', 'QNT/USDT', 'XLM/USD', 'ALGO/USD', 'IOTA/USD', 'HBAR/USD', 'HBAR/USDT', 'IOTA/USDT', 'XRP/USD', 'XDC/USDT']
[VictoryBot] Top scored symbols: ['XRP/USDT', 'XRP/USD', 'HBAR/USDT', 'XLM/USDT', 'HBAR/USD', 'ALGO/USDT', 'IOTA/USDT', 'XLM/USD', 'ALGO/USD', 'IOTA/USD']
[VictoryBot] Full scored universe: [('XRP/USDT', 1740638.6261561105, 3481277.27339, -0.09514754817713102, 0.12003583225020772, 0), ('XRP/USD', 549242.9936852404, 1098486.00085, -0.07938479523618158, 0.11383786013449126, 0), ('HBAR/USDT', 188374.5901881895, 376749.26967, -0.15583095318778137, 0.01401650298184251, 0), ('XLM/USDT', 142762.8174542258, 285525.6943, -0.10794684024952536, 0.01792185258281074, 0), ('HBAR/USD', 60906.65802863837, 121813.39822, -0.14383362420011636, 0.013791504190624021, 0), ('ALGO/USDT', 50595.940273445085, 101191.9428, -0.11001410437235545, 0.012517842625628429, 0), ('IOTA/USDT', 35451.95554982275, 70904.0019, -0.15701042873696416, 0.011353009116529417, 0), ('XLM/USD', 29365.189253220895, 58730.4125, -0.06534707158351412, 0.017382282473829492, 0), ('ALGO/USD', 13668.298435987957, 27336.6493, -0.09413434247871334, 0.013508604665175452, 0), ('IOTA/USD', 7601.668940491849, 15203.42, -0.14177803602556655, 0.009826017708105355, 0)]
[VictoryBot] Momentum signals: ['XLM/USD', 'XRP/USD', 'ALGO/USD', 'XRP/USDT', 'XLM/USDT']
[VictoryBot] ML signals: []
[VictoryBot] No open positions. Using available USD/USDT balance: 30.93978711
[VictoryBot] Portfolio sizing diagnostics:
  Investable USD: 27.845808399
  Investable per asset: 27.845808399
  XLM/USDT: ATR=0.0168, liquidity=71870.00, computed size=9.28
    Skipping XLM/USDT: size 9.28 below minimum order size.
[VictoryBot] Skipping reserve asset XRP: no valid tradable symbol or below min order size.
[VictoryBot] Skipping reserve asset HBAR: no valid tradable symbol or below min order size.
[VictoryBot] Skipping reserve asset LINK: no valid tradable symbol or below min order size.
[VictoryBot] Skipping reserve asset XLM: no valid tradable symbol or below min order size.
✅ Portfolio in balance. No rebalancing needed.
[VictoryBot] Final target allocations: {}
🚀 EXECUTING PORTFOLIO LADDER
========================================
[VictoryBot] execute_portfolio_ladder called. long_positions: {}, hedge_positions: {}
[VictoryBot][DEBUG] execute_portfolio_ladder symbols: []
[VictoryBot][DEBUG] run_all_strategies called with symbols: []
[VictoryBot][DEBUG] momentum_signals: []
[VictoryBot][DEBUG] ml_signals: []
[VictoryBot][DEBUG] mean_reversion_signals: []
[VictoryBot][DEBUG] pair_trading_signals: []
[VictoryBot][DEBUG] yield_opportunities: []
[VictoryBot][DEBUG] volatility_breakout_signals: []
[VictoryBot][DEBUG] multi_timeframe_momentum_signals: []
[VictoryBot][DEBUG] event_signals: []
[VictoryBot][DEBUG] insurance_signals: []
[VictoryBot][DEBUG] hedge_signals: []
[VictoryBot][DEBUG] top_momentum_assets: []
[VictoryBot] Writing scan results (forced): {'momentum_signals': [], 'ml_signals': [], 'mean_reversion_signals': [], 'pair_trading_signals': [], 'yield_opportunities': [], 'volatility_breakout_signals': [], 'multi_timeframe_momentum_signals': [], 'event_signals': [], 'insurance_signals': [], 'hedge_signals': [], 'top_momentum_assets': [], 'diagnostics': {'num_symbols': 0, 'timestamp': '2025-10-11T11:46:33.803695'}}
[VictoryBot] write_scan_results called. Data: {'momentum_signals': [], 'ml_signals': [], 'diagnostics': {'num_symbols': 0, 'timestamp': '2025-10-11T11:46:33.803695', 'investable_usd': 0, 'investable_per_asset': 0, 'mean_reversion_signals': [], 'pair_trading_signals': [], 'yield_opportunities': [], 'volatility_breakout_signals': [], 'multi_timeframe_momentum_signals': [], 'event_signals': [], 'insurance_signals': [], 'hedge_signals': [], 'top_momentum_assets': []}, 'allocations': {}, 'notes': Full strategy integration. All signals/diagnostics included. No trades/allocations this cycle, but scan and reserves maintained.}
[VictoryBot] scan_results.json written: /Users/nicholaskramer/Downloads/victorychain_stack/runtime/scan_results.json
[VictoryBot] scan_log.jsonl appended: /Users/nicholaskramer/Downloads/victorychain_stack/runtime/scan_log.jsonl
[VictoryBot] Scan results written (forced update).
📊 Executing 0 positions simultaneously...

📊 EXECUTION SUMMARY
=========================
Execution ID: exec_1760197593
Execution time: 0.0 seconds
Target positions: 0
Portfolio fill rate: 0.0%
Portfolio flat: ✅
💾 Report saved: execution_report_exec_1760197593.json
[VictoryBot] Profit target or trailing stop hit for FLOKI/USDT: gain=0.00%, trailing_drop=14.62%. Selling 3985.07...
[VictoryBot] Error in monitor_and_sell_for_profit: 'BTCFreeExecutionEngine' object has no attribute 'execute_order_with_fallback'
[VictoryBot] Available USD balance: 0.0
[VictoryBot] Available USDT balance: 30.93978711
[VictoryBot] All unique quote assets: ['BTC', 'BUSD', 'DAI', 'ETH', 'USD', 'USD4', 'USDC', 'USDT', 'UST']
[VictoryBot] All available tradable USD/USDT-like pairs: ['BTC/USDT', 'ETH/USDT', 'XRP/USDT', 'BCH/USDT', 'LTC/USDT', 'BNB/USDT', 'ADA/USDT', 'BAT/USDT', 'ETC/USDT', 'XLM/USDT', 'ZRX/USDT', 'DOGE/USDT', 'ATOM/USDT', 'NEO/USDT', 'VET/USDT', 'QTUM/USDT', 'ONT/USDT', 'KNC/USDT', 'VTHO/USDT', 'COMP/USDT', 'ONE/USDT', 'BAND/USDT', 'STORJ/USDT', 'UNI/USDT', 'SOL/USDT', 'EGLD/USDT', 'PAXG/USDT', 'OXT/USDT', 'ZEN/USDT', 'BTC/USDC', 'FIL/USDT', 'AAVE/USDT', 'GRT/USDT', 'SHIB/USDT', 'CRV/USDT', 'AXS/USDT', 'AVAX/USDT', 'CTSI/USDT', 'DOT/USDT', 'YFI/USDT', '1INCH/USDT', 'USDC/USDT', 'ETH/USDC', 'MANA/USDT', 'ALGO/USDT', 'LINK/USDT', 'ZEC/USDT', 'ENJ/USDT', 'NEAR/USDT', 'SUSHI/USDT', 'LRC/USDT', 'LPT/USDT', 'NMR/USDT', 'SLP/USDT', 'CHZ/USDT', 'OGN/USDT', 'GALA/USDT', 'TLM/USDT', 'SNX/USDT', 'AUDIO/USDT', 'ENS/USDT', 'REQ/USDT', 'APE/USDT', 'FLUX/USDT', 'COTI/USDT', 'VOXEL/USDT', 'RLC/USDT', 'BICO/USDT', 'API3/USDT', 'BNT/USDT', 'IMX/USDT', 'FLOW/USDT', 'GTC/USDT', 'THETA/USDT', 'TFUEL/USDT', 'OCEAN/USDT', 'LAZIO/USDT', 'SANTOS/USDT', 'ALPINE/USDT', 'PORTO/USDT', 'CELR/USDT', 'SKL/USDT', 'WAXP/USDT', 'LTO/USDT', 'FET/USDT', 'ICP/USDT', 'T/USDT', 'OP/USDT', 'ROSE/USDT', 'CELO/USDT', 'KDA/USDT', 'KSM/USDT', 'ACH/USDT', 'SYS/USDT', 'RAD/USDT', 'ILV/USDT', 'LDO/USDT', 'RARE/USDT', 'LSK/USDT', 'DGB/USDT', 'REEF/USDT', 'ALICE/USDT', 'FORTH/USDT', 'ASTR/USDT', 'BTRST/USDT', 'SAND/USDT', 'GLM/USDT', 'QNT/USDT', 'STG/USDT', 'AXL/USDT', 'KAVA/USDT', 'APT/USDT', 'MASK/USDT', 'BOSON/USDT', 'POND/USDT', 'SOL/USDC', 'ADA/USDC', 'JAM/USDT', 'TRAC/USDT', 'PROM/USDT', 'DIA/USDT', 'LOOM/USDT', 'STMX/USDT', 'BTC/USD', 'ETH/USD', 'BCH/USD', 'LTC/USD', 'USDT/USD', 'BNB/USD', 'ADA/USD', 'ETC/USD', 'XLM/USD', 'LINK/USD', 'RVN/USD', 'ALGO/USD', 'IOTA/USD', 'ATOM/USD', 'ZIL/USD', 'VET/USD', 'HBAR/USD', 'DOGE/USD', 'VTHO/USD', 'USDC/USD', 'ONE/USD', 'UNI/USD', 'SOL/USD', 'AAVE/USD', 'GRT/USD', 'SUSHI/USD', 'CRV/USD', 'AVAX/USD', 'DOT/USD', 'NEAR/USD', 'LPT/USD', 'GALA/USD', 'ENS/USD', 'THETA/USD', 'FET/USD', 'ICP/USD', 'OP/USD', 'KDA/USD', 'DGB/USD', 'SAND/USD', 'SHIB/USD', 'POLYX/USDT', 'IOST/USDT', 'ARB/USDT', 'FLOKI/USDT', 'FLOKI/USD', 'XEC/USDT', 'BLUR/USDT', 'ANKR/USDT', 'DAI/USDT', 'DASH/USDT', 'HBAR/USDT', 'ICX/USDT', 'IOTA/USDT', 'RVN/USDT', 'XNO/USDT', 'XTZ/USDT', 'ZIL/USDT', 'ORBS/USDT', 'ADX/USDT', 'FORT/USDT', 'SUI/USDT', 'ONG/USDT', 'G/USDT', 'RENDER/USDT', 'BONK/USDT', 'MAGIC/USDT', 'PEPE/USDT', 'WIF/USDT', 'IOTX/USDT', 'PNUT/USDT', 'PENGU/USDT', 'POL/USDT', 'TRUMP/USDT', 'NEIRO/USDT', 'SUI/USD', 'XRP/USD', 'BONK/USD', 'PEPE/USD', 'POL/USD', 'RENDER/USD', 'TRUMP/USD', 'EIGEN/USDT', 'ME/USDT', 'ME/USD', 'D/USDT', 'METIS/USDT', 'JUP/USD', 'JUP/USDT', 'S/USD', 'S/USDT', 'JTO/USDT', 'ORCA/USDT', 'DATA/USDT', 'VIRTUAL/USDT', 'AIXBT/USDT', 'KAITO/USDT', 'TURBO/USDT', 'HYPE/USD', 'HYPE/USDT', 'ENA/USDT', 'LAYER/USDT', 'FARTCOIN/USDT', 'SPX/USDT', 'POPCAT/USDT', 'MOODENG/USDT', 'ANIME/USDT', '1000MOG/USDT', 'ONDO/USDT', '1000REKT/USDT', 'XDC/USDT', 'BRETT/USDT', 'WLD/USDT', 'TOSHI/USDT', 'USELESS/USDT', 'A2Z/USDT', 'NOBODY/USDT', 'PUMP/USDT', 'A/USDT', 'MEW/USDT', 'SKY/USDT', 'GIGA/USDT', 'DOOD/USDT']
[VictoryBot] ISO 20022 tradable USD/USDT-like pairs: ['XRP/USDT', 'XLM/USDT', 'ALGO/USDT', 'QNT/USDT', 'XLM/USD', 'ALGO/USD', 'IOTA/USD', 'HBAR/USD', 'HBAR/USDT', 'IOTA/USDT', 'XRP/USD', 'XDC/USDT']
[VictoryBot] Top scored symbols: ['XRP/USDT', 'XRP/USD', 'HBAR/USDT', 'XLM/USDT', 'HBAR/USD', 'ALGO/USDT', 'IOTA/USDT', 'XLM/USD', 'ALGO/USD', 'IOTA/USD']
[VictoryBot] Full scored universe: [('XRP/USDT', 1739506.5000011104, 3479013.02108, -0.09514754817713102, 0.12003583225020772, 0), ('XRP/USD', 549242.9936852404, 1098486.00085, -0.07938479523618158, 0.11383786013449126, 0), ('HBAR/USDT', 188105.6570481895, 376211.40339, -0.15583095318778137, 0.01401650298184251, 0), ('XLM/USDT', 142762.8174542258, 285525.6943, -0.10794684024952536, 0.01792185258281074, 0), ('HBAR/USD', 60906.65802863837, 121813.39822, -0.14383362420011636, 0.013791504190624021, 0), ('ALGO/USDT', 50595.940273445085, 101191.9428, -0.11001410437235545, 0.012517842625628429, 0), ('IOTA/USDT', 35451.95554982275, 70904.0019, -0.15701042873696416, 0.011353009116529417, 0), ('XLM/USD', 29365.189253220895, 58730.4125, -0.06534707158351412, 0.017382282473829492, 0), ('ALGO/USD', 13668.298435987957, 27336.6493, -0.09413434247871334, 0.013508604665175452, 0), ('IOTA/USD', 7601.668940491849, 15203.42, -0.14177803602556655, 0.009826017708105355, 0)]
[VictoryBot] Momentum signals: ['XLM/USD', 'XRP/USD', 'ALGO/USD', 'XRP/USDT', 'XLM/USDT']
[VictoryBot] ML signals: []
[VictoryBot] No open positions. Using available USD/USDT balance: 30.93978711
[VictoryBot] Portfolio sizing diagnostics:
  Investable USD: 27.845808399
  Investable per asset: 27.845808399
  XLM/USDT: ATR=0.0168, liquidity=86635.00, computed size=9.28
    Skipping XLM/USDT: size 9.28 below minimum order size.
[VictoryBot] Skipping reserve asset XRP: no valid tradable symbol or below min order size.
[VictoryBot] Skipping reserve asset HBAR: no valid tradable symbol or below min order size.
[VictoryBot] Skipping reserve asset LINK: no valid tradable symbol or below min order size.
[VictoryBot] Skipping reserve asset XLM: no valid tradable symbol or below min order size.
✅ Portfolio in balance. No rebalancing needed.
[VictoryBot] Final target allocations: {}
🚀 EXECUTING PORTFOLIO LADDER
========================================
[VictoryBot] execute_portfolio_ladder called. long_positions: {}, hedge_positions: {}
[VictoryBot][DEBUG] execute_portfolio_ladder symbols: []
[VictoryBot][DEBUG] run_all_strategies called with symbols: []
[VictoryBot][DEBUG] momentum_signals: []
[VictoryBot][DEBUG] ml_signals: []
[VictoryBot][DEBUG] mean_reversion_signals: []
[VictoryBot][DEBUG] pair_trading_signals: []
[VictoryBot][DEBUG] yield_opportunities: []
[VictoryBot][DEBUG] volatility_breakout_signals: []
[VictoryBot][DEBUG] multi_timeframe_momentum_signals: []
[VictoryBot][DEBUG] event_signals: []
[VictoryBot][DEBUG] insurance_signals: []
[VictoryBot][DEBUG] hedge_signals: []
[VictoryBot][DEBUG] top_momentum_assets: []
[VictoryBot] Writing scan results (forced): {'momentum_signals': [], 'ml_signals': [], 'mean_reversion_signals': [], 'pair_trading_signals': [], 'yield_opportunities': [], 'volatility_breakout_signals': [], 'multi_timeframe_momentum_signals': [], 'event_signals': [], 'insurance_signals': [], 'hedge_signals': [], 'top_momentum_assets': [], 'diagnostics': {'num_symbols': 0, 'timestamp': '2025-10-11T11:47:58.067484'}}
[VictoryBot] write_scan_results called. Data: {'momentum_signals': [], 'ml_signals': [], 'diagnostics': {'num_symbols': 0, 'timestamp': '2025-10-11T11:47:58.067484', 'investable_usd': 0, 'investable_per_asset': 0, 'mean_reversion_signals': [], 'pair_trading_signals': [], 'yield_opportunities': [], 'volatility_breakout_signals': [], 'multi_timeframe_momentum_signals': [], 'event_signals': [], 'insurance_signals': [], 'hedge_signals': [], 'top_momentum_assets': []}, 'allocations': {}, 'notes': Full strategy integration. All signals/diagnostics included. No trades/allocations this cycle, but scan and reserves maintained.}
[VictoryBot] scan_results.json written: /Users/nicholaskramer/Downloads/victorychain_stack/runtime/scan_results.json
[VictoryBot] scan_log.jsonl appended: /Users/nicholaskramer/Downloads/victorychain_stack/runtime/scan_log.jsonl
[VictoryBot] Scan results written (forced update).
📊 Executing 0 positions simultaneously...

📊 EXECUTION SUMMARY
=========================
Execution ID: exec_1760197678
Execution time: 0.0 seconds
Target positions: 0
Portfolio fill rate: 0.0%
Portfolio flat: ✅
💾 Report saved: execution_report_exec_1760197678.json
[VictoryBot] Profit target or trailing stop hit for FLOKI/USDT: gain=0.00%, trailing_drop=14.62%. Selling 3985.07...
[VictoryBot] Error in monitor_and_sell_for_profit: 'BTCFreeExecutionEngine' object has no attribute 'execute_order_with_fallback'
[VictoryBot] Available USD balance: 0.0
[VictoryBot] Available USDT balance: 30.93978711
[VictoryBot] All unique quote assets: ['BTC', 'BUSD', 'DAI', 'ETH', 'USD', 'USD4', 'USDC', 'USDT', 'UST']
[VictoryBot] All available tradable USD/USDT-like pairs: ['BTC/USDT', 'ETH/USDT', 'XRP/USDT', 'BCH/USDT', 'LTC/USDT', 'BNB/USDT', 'ADA/USDT', 'BAT/USDT', 'ETC/USDT', 'XLM/USDT', 'ZRX/USDT', 'DOGE/USDT', 'ATOM/USDT', 'NEO/USDT', 'VET/USDT', 'QTUM/USDT', 'ONT/USDT', 'KNC/USDT', 'VTHO/USDT', 'COMP/USDT', 'ONE/USDT', 'BAND/USDT', 'STORJ/USDT', 'UNI/USDT', 'SOL/USDT', 'EGLD/USDT', 'PAXG/USDT', 'OXT/USDT', 'ZEN/USDT', 'BTC/USDC', 'FIL/USDT', 'AAVE/USDT', 'GRT/USDT', 'SHIB/USDT', 'CRV/USDT', 'AXS/USDT', 'AVAX/USDT', 'CTSI/USDT', 'DOT/USDT', 'YFI/USDT', '1INCH/USDT', 'USDC/USDT', 'ETH/USDC', 'MANA/USDT', 'ALGO/USDT', 'LINK/USDT', 'ZEC/USDT', 'ENJ/USDT', 'NEAR/USDT', 'SUSHI/USDT', 'LRC/USDT', 'LPT/USDT', 'NMR/USDT', 'SLP/USDT', 'CHZ/USDT', 'OGN/USDT', 'GALA/USDT', 'TLM/USDT', 'SNX/USDT', 'AUDIO/USDT', 'ENS/USDT', 'REQ/USDT', 'APE/USDT', 'FLUX/USDT', 'COTI/USDT', 'VOXEL/USDT', 'RLC/USDT', 'BICO/USDT', 'API3/USDT', 'BNT/USDT', 'IMX/USDT', 'FLOW/USDT', 'GTC/USDT', 'THETA/USDT', 'TFUEL/USDT', 'OCEAN/USDT', 'LAZIO/USDT', 'SANTOS/USDT', 'ALPINE/USDT', 'PORTO/USDT', 'CELR/USDT', 'SKL/USDT', 'WAXP/USDT', 'LTO/USDT', 'FET/USDT', 'ICP/USDT', 'T/USDT', 'OP/USDT', 'ROSE/USDT', 'CELO/USDT', 'KDA/USDT', 'KSM/USDT', 'ACH/USDT', 'SYS/USDT', 'RAD/USDT', 'ILV/USDT', 'LDO/USDT', 'RARE/USDT', 'LSK/USDT', 'DGB/USDT', 'REEF/USDT', 'ALICE/USDT', 'FORTH/USDT', 'ASTR/USDT', 'BTRST/USDT', 'SAND/USDT', 'GLM/USDT', 'QNT/USDT', 'STG/USDT', 'AXL/USDT', 'KAVA/USDT', 'APT/USDT', 'MASK/USDT', 'BOSON/USDT', 'POND/USDT', 'SOL/USDC', 'ADA/USDC', 'JAM/USDT', 'TRAC/USDT', 'PROM/USDT', 'DIA/USDT', 'LOOM/USDT', 'STMX/USDT', 'BTC/USD', 'ETH/USD', 'BCH/USD', 'LTC/USD', 'USDT/USD', 'BNB/USD', 'ADA/USD', 'ETC/USD', 'XLM/USD', 'LINK/USD', 'RVN/USD', 'ALGO/USD', 'IOTA/USD', 'ATOM/USD', 'ZIL/USD', 'VET/USD', 'HBAR/USD', 'DOGE/USD', 'VTHO/USD', 'USDC/USD', 'ONE/USD', 'UNI/USD', 'SOL/USD', 'AAVE/USD', 'GRT/USD', 'SUSHI/USD', 'CRV/USD', 'AVAX/USD', 'DOT/USD', 'NEAR/USD', 'LPT/USD', 'GALA/USD', 'ENS/USD', 'THETA/USD', 'FET/USD', 'ICP/USD', 'OP/USD', 'KDA/USD', 'DGB/USD', 'SAND/USD', 'SHIB/USD', 'POLYX/USDT', 'IOST/USDT', 'ARB/USDT', 'FLOKI/USDT', 'FLOKI/USD', 'XEC/USDT', 'BLUR/USDT', 'ANKR/USDT', 'DAI/USDT', 'DASH/USDT', 'HBAR/USDT', 'ICX/USDT', 'IOTA/USDT', 'RVN/USDT', 'XNO/USDT', 'XTZ/USDT', 'ZIL/USDT', 'ORBS/USDT', 'ADX/USDT', 'FORT/USDT', 'SUI/USDT', 'ONG/USDT', 'G/USDT', 'RENDER/USDT', 'BONK/USDT', 'MAGIC/USDT', 'PEPE/USDT', 'WIF/USDT', 'IOTX/USDT', 'PNUT/USDT', 'PENGU/USDT', 'POL/USDT', 'TRUMP/USDT', 'NEIRO/USDT', 'SUI/USD', 'XRP/USD', 'BONK/USD', 'PEPE/USD', 'POL/USD', 'RENDER/USD', 'TRUMP/USD', 'EIGEN/USDT', 'ME/USDT', 'ME/USD', 'D/USDT', 'METIS/USDT', 'JUP/USD', 'JUP/USDT', 'S/USD', 'S/USDT', 'JTO/USDT', 'ORCA/USDT', 'DATA/USDT', 'VIRTUAL/USDT', 'AIXBT/USDT', 'KAITO/USDT', 'TURBO/USDT', 'HYPE/USD', 'HYPE/USDT', 'ENA/USDT', 'LAYER/USDT', 'FARTCOIN/USDT', 'SPX/USDT', 'POPCAT/USDT', 'MOODENG/USDT', 'ANIME/USDT', '1000MOG/USDT', 'ONDO/USDT', '1000REKT/USDT', 'XDC/USDT', 'BRETT/USDT', 'WLD/USDT', 'TOSHI/USDT', 'USELESS/USDT', 'A2Z/USDT', 'NOBODY/USDT', 'PUMP/USDT', 'A/USDT', 'MEW/USDT', 'SKY/USDT', 'GIGA/USDT', 'DOOD/USDT']
[VictoryBot] ISO 20022 tradable USD/USDT-like pairs: ['XRP/USDT', 'XLM/USDT', 'ALGO/USDT', 'QNT/USDT', 'XLM/USD', 'ALGO/USD', 'IOTA/USD', 'HBAR/USD', 'HBAR/USDT', 'IOTA/USDT', 'XRP/USD', 'XDC/USDT']
[VictoryBot] Top scored symbols: ['XRP/USDT', 'XRP/USD', 'HBAR/USDT', 'XLM/USDT', 'HBAR/USD', 'ALGO/USDT', 'IOTA/USDT', 'XLM/USD', 'ALGO/USD', 'IOTA/USD']
[VictoryBot] Full scored universe: [('XRP/USDT', 1739842.7233284682, 3479685.46566, -0.09167367535744328, 0.12000380353972123, 0), ('XRP/USD', 549242.9936852404, 1098486.00085, -0.07938479523618158, 0.11383786013449126, 0), ('HBAR/USDT', 188015.67127318948, 376031.43184, -0.15583095318778137, 0.01401650298184251, 0), ('XLM/USDT', 142762.8174542258, 285525.6943, -0.10794684024952536, 0.01792185258281074, 0), ('HBAR/USD', 60906.65802863837, 121813.39822, -0.14383362420011636, 0.013791504190624021, 0), ('ALGO/USDT', 50595.940273445085, 101191.9428, -0.11001410437235545, 0.012517842625628429, 0), ('IOTA/USDT', 35451.95554982275, 70904.0019, -0.15701042873696416, 0.011353009116529417, 0), ('XLM/USD', 29365.189253220895, 58730.4125, -0.06534707158351412, 0.017382282473829492, 0), ('ALGO/USD', 13668.298435987957, 27336.6493, -0.09413434247871334, 0.013508604665175452, 0), ('IOTA/USD', 7601.668940491849, 15203.42, -0.14177803602556655, 0.009826017708105355, 0)]
[VictoryBot] Momentum signals: ['XLM/USD', 'XRP/USD', 'XRP/USDT', 'ALGO/USD', 'XLM/USDT']
[VictoryBot] ML signals: []
[VictoryBot] No open positions. Using available USD/USDT balance: 30.93978711
[VictoryBot] Portfolio sizing diagnostics:
  Investable USD: 27.845808399
  Investable per asset: 27.845808399
  XLM/USDT: ATR=0.0168, liquidity=73338.00, computed size=9.28
    Skipping XLM/USDT: size 9.28 below minimum order size.
[VictoryBot] Skipping reserve asset XRP: no valid tradable symbol or below min order size.
[VictoryBot] Skipping reserve asset HBAR: no valid tradable symbol or below min order size.
[VictoryBot] Skipping reserve asset LINK: no valid tradable symbol or below min order size.
[VictoryBot] Skipping reserve asset XLM: no valid tradable symbol or below min order size.
✅ Portfolio in balance. No rebalancing needed.
[VictoryBot] Final target allocations: {}
🚀 EXECUTING PORTFOLIO LADDER
========================================
[VictoryBot] execute_portfolio_ladder called. long_positions: {}, hedge_positions: {}
[VictoryBot][DEBUG] execute_portfolio_ladder symbols: []
[VictoryBot][DEBUG] run_all_strategies called with symbols: []
[VictoryBot][DEBUG] momentum_signals: []
[VictoryBot][DEBUG] ml_signals: []
[VictoryBot][DEBUG] mean_reversion_signals: []
[VictoryBot][DEBUG] pair_trading_signals: []
[VictoryBot][DEBUG] yield_opportunities: []
[VictoryBot][DEBUG] volatility_breakout_signals: []
[VictoryBot][DEBUG] multi_timeframe_momentum_signals: []
[VictoryBot][DEBUG] event_signals: []
[VictoryBot][DEBUG] insurance_signals: []
[VictoryBot][DEBUG] hedge_signals: []
[VictoryBot][DEBUG] top_momentum_assets: []
[VictoryBot] Writing scan results (forced): {'momentum_signals': [], 'ml_signals': [], 'mean_reversion_signals': [], 'pair_trading_signals': [], 'yield_opportunities': [], 'volatility_breakout_signals': [], 'multi_timeframe_momentum_signals': [], 'event_signals': [], 'insurance_signals': [], 'hedge_signals': [], 'top_momentum_assets': [], 'diagnostics': {'num_symbols': 0, 'timestamp': '2025-10-11T11:49:22.250761'}}
[VictoryBot] write_scan_results called. Data: {'momentum_signals': [], 'ml_signals': [], 'diagnostics': {'num_symbols': 0, 'timestamp': '2025-10-11T11:49:22.250761', 'investable_usd': 0, 'investable_per_asset': 0, 'mean_reversion_signals': [], 'pair_trading_signals': [], 'yield_opportunities': [], 'volatility_breakout_signals': [], 'multi_timeframe_momentum_signals': [], 'event_signals': [], 'insurance_signals': [], 'hedge_signals': [], 'top_momentum_assets': []}, 'allocations': {}, 'notes': Full strategy integration. All signals/diagnostics included. No trades/allocations this cycle, but scan and reserves maintained.}
[VictoryBot] scan_results.json written: /Users/nicholaskramer/Downloads/victorychain_stack/runtime/scan_results.json
[VictoryBot] scan_log.jsonl appended: /Users/nicholaskramer/Downloads/victorychain_stack/runtime/scan_log.jsonl
[VictoryBot] Scan results written (forced update).
📊 Executing 0 positions simultaneously...

📊 EXECUTION SUMMARY
=========================
Execution ID: exec_1760197762
Execution time: 0.0 seconds
Target positions: 0
Portfolio fill rate: 0.0%
Portfolio flat: ✅
💾 Report saved: execution_report_exec_1760197762.json
[VictoryBot] Profit target or trailing stop hit for FLOKI/USDT: gain=0.00%, trailing_drop=14.62%. Selling 3985.07...
[VictoryBot] Error in monitor_and_sell_for_profit: 'BTCFreeExecutionEngine' object has no attribute 'execute_order_with_fallback'
[VictoryBot] Available USD balance: 0.0
[VictoryBot] Available USDT balance: 30.93978711
[VictoryBot] All unique quote assets: ['BTC', 'BUSD', 'DAI', 'ETH', 'USD', 'USD4', 'USDC', 'USDT', 'UST']
[VictoryBot] All available tradable USD/USDT-like pairs: ['BTC/USDT', 'ETH/USDT', 'XRP/USDT', 'BCH/USDT', 'LTC/USDT', 'BNB/USDT', 'ADA/USDT', 'BAT/USDT', 'ETC/USDT', 'XLM/USDT', 'ZRX/USDT', 'DOGE/USDT', 'ATOM/USDT', 'NEO/USDT', 'VET/USDT', 'QTUM/USDT', 'ONT/USDT', 'KNC/USDT', 'VTHO/USDT', 'COMP/USDT', 'ONE/USDT', 'BAND/USDT', 'STORJ/USDT', 'UNI/USDT', 'SOL/USDT', 'EGLD/USDT', 'PAXG/USDT', 'OXT/USDT', 'ZEN/USDT', 'BTC/USDC', 'FIL/USDT', 'AAVE/USDT', 'GRT/USDT', 'SHIB/USDT', 'CRV/USDT', 'AXS/USDT', 'AVAX/USDT', 'CTSI/USDT', 'DOT/USDT', 'YFI/USDT', '1INCH/USDT', 'USDC/USDT', 'ETH/USDC', 'MANA/USDT', 'ALGO/USDT', 'LINK/USDT', 'ZEC/USDT', 'ENJ/USDT', 'NEAR/USDT', 'SUSHI/USDT', 'LRC/USDT', 'LPT/USDT', 'NMR/USDT', 'SLP/USDT', 'CHZ/USDT', 'OGN/USDT', 'GALA/USDT', 'TLM/USDT', 'SNX/USDT', 'AUDIO/USDT', 'ENS/USDT', 'REQ/USDT', 'APE/USDT', 'FLUX/USDT', 'COTI/USDT', 'VOXEL/USDT', 'RLC/USDT', 'BICO/USDT', 'API3/USDT', 'BNT/USDT', 'IMX/USDT', 'FLOW/USDT', 'GTC/USDT', 'THETA/USDT', 'TFUEL/USDT', 'OCEAN/USDT', 'LAZIO/USDT', 'SANTOS/USDT', 'ALPINE/USDT', 'PORTO/USDT', 'CELR/USDT', 'SKL/USDT', 'WAXP/USDT', 'LTO/USDT', 'FET/USDT', 'ICP/USDT', 'T/USDT', 'OP/USDT', 'ROSE/USDT', 'CELO/USDT', 'KDA/USDT', 'KSM/USDT', 'ACH/USDT', 'SYS/USDT', 'RAD/USDT', 'ILV/USDT', 'LDO/USDT', 'RARE/USDT', 'LSK/USDT', 'DGB/USDT', 'REEF/USDT', 'ALICE/USDT', 'FORTH/USDT', 'ASTR/USDT', 'BTRST/USDT', 'SAND/USDT', 'GLM/USDT', 'QNT/USDT', 'STG/USDT', 'AXL/USDT', 'KAVA/USDT', 'APT/USDT', 'MASK/USDT', 'BOSON/USDT', 'POND/USDT', 'SOL/USDC', 'ADA/USDC', 'JAM/USDT', 'TRAC/USDT', 'PROM/USDT', 'DIA/USDT', 'LOOM/USDT', 'STMX/USDT', 'BTC/USD', 'ETH/USD', 'BCH/USD', 'LTC/USD', 'USDT/USD', 'BNB/USD', 'ADA/USD', 'ETC/USD', 'XLM/USD', 'LINK/USD', 'RVN/USD', 'ALGO/USD', 'IOTA/USD', 'ATOM/USD', 'ZIL/USD', 'VET/USD', 'HBAR/USD', 'DOGE/USD', 'VTHO/USD', 'USDC/USD', 'ONE/USD', 'UNI/USD', 'SOL/USD', 'AAVE/USD', 'GRT/USD', 'SUSHI/USD', 'CRV/USD', 'AVAX/USD', 'DOT/USD', 'NEAR/USD', 'LPT/USD', 'GALA/USD', 'ENS/USD', 'THETA/USD', 'FET/USD', 'ICP/USD', 'OP/USD', 'KDA/USD', 'DGB/USD', 'SAND/USD', 'SHIB/USD', 'POLYX/USDT', 'IOST/USDT', 'ARB/USDT', 'FLOKI/USDT', 'FLOKI/USD', 'XEC/USDT', 'BLUR/USDT', 'ANKR/USDT', 'DAI/USDT', 'DASH/USDT', 'HBAR/USDT', 'ICX/USDT', 'IOTA/USDT', 'RVN/USDT', 'XNO/USDT', 'XTZ/USDT', 'ZIL/USDT', 'ORBS/USDT', 'ADX/USDT', 'FORT/USDT', 'SUI/USDT', 'ONG/USDT', 'G/USDT', 'RENDER/USDT', 'BONK/USDT', 'MAGIC/USDT', 'PEPE/USDT', 'WIF/USDT', 'IOTX/USDT', 'PNUT/USDT', 'PENGU/USDT', 'POL/USDT', 'TRUMP/USDT', 'NEIRO/USDT', 'SUI/USD', 'XRP/USD', 'BONK/USD', 'PEPE/USD', 'POL/USD', 'RENDER/USD', 'TRUMP/USD', 'EIGEN/USDT', 'ME/USDT', 'ME/USD', 'D/USDT', 'METIS/USDT', 'JUP/USD', 'JUP/USDT', 'S/USD', 'S/USDT', 'JTO/USDT', 'ORCA/USDT', 'DATA/USDT', 'VIRTUAL/USDT', 'AIXBT/USDT', 'KAITO/USDT', 'TURBO/USDT', 'HYPE/USD', 'HYPE/USDT', 'ENA/USDT', 'LAYER/USDT', 'FARTCOIN/USDT', 'SPX/USDT', 'POPCAT/USDT', 'MOODENG/USDT', 'ANIME/USDT', '1000MOG/USDT', 'ONDO/USDT', '1000REKT/USDT', 'XDC/USDT', 'BRETT/USDT', 'WLD/USDT', 'TOSHI/USDT', 'USELESS/USDT', 'A2Z/USDT', 'NOBODY/USDT', 'PUMP/USDT', 'A/USDT', 'MEW/USDT', 'SKY/USDT', 'GIGA/USDT', 'DOOD/USDT']
[VictoryBot] ISO 20022 tradable USD/USDT-like pairs: ['XRP/USDT', 'XLM/USDT', 'ALGO/USDT', 'QNT/USDT', 'XLM/USD', 'ALGO/USD', 'IOTA/USD', 'HBAR/USD', 'HBAR/USDT', 'IOTA/USDT', 'XRP/USD', 'XDC/USDT']
[VictoryBot] Top scored symbols: ['XRP/USDT', 'XRP/USD', 'HBAR/USDT', 'XLM/USDT', 'HBAR/USD', 'ALGO/USDT', 'IOTA/USDT', 'XLM/USD', 'ALGO/USD', 'IOTA/USD']
[VictoryBot] Full scored universe: [('XRP/USDT', 1739886.9187941307, 3479773.85646, -0.09145427286356829, 0.12000274996849035, 0), ('XRP/USD', 549231.2993852404, 1098462.61225, -0.07938479523618158, 0.11383786013449126, 0), ('HBAR/USDT', 187289.0718331895, 374578.23296, -0.15583095318778137, 0.01401650298184251, 0), ('XLM/USDT', 142762.8174542258, 285525.6943, -0.10794684024952536, 0.01792185258281074, 0), ('HBAR/USD', 60906.65802863837, 121813.39822, -0.14383362420011636, 0.013791504190624021, 0), ('ALGO/USDT', 50595.940273445085, 101191.9428, -0.11001410437235545, 0.012517842625628429, 0), ('IOTA/USDT', 35451.95554982275, 70904.0019, -0.15701042873696416, 0.011353009116529417, 0), ('XLM/USD', 29365.189253220895, 58730.4125, -0.06534707158351412, 0.017382282473829492, 0), ('ALGO/USD', 13668.298435987957, 27336.6493, -0.09413434247871334, 0.013508604665175452, 0), ('IOTA/USD', 7601.668940491849, 15203.42, -0.14177803602556655, 0.009826017708105355, 0)]
[VictoryBot] Momentum signals: ['XLM/USD', 'XRP/USD', 'XRP/USDT', 'ALGO/USD', 'XLM/USDT']
[VictoryBot] ML signals: []
[VictoryBot] No open positions. Using available USD/USDT balance: 30.93978711
[VictoryBot] Portfolio sizing diagnostics:
  Investable USD: 27.845808399
  Investable per asset: 27.845808399
  XLM/USDT: ATR=0.0168, liquidity=87637.00, computed size=9.28
    Skipping XLM/USDT: size 9.28 below minimum order size.
[VictoryBot] Skipping reserve asset XRP: no valid tradable symbol or below min order size.
[VictoryBot] Skipping reserve asset HBAR: no valid tradable symbol or below min order size.
[VictoryBot] Skipping reserve asset LINK: no valid tradable symbol or below min order size.
[VictoryBot] Skipping reserve asset XLM: no valid tradable symbol or below min order size.
✅ Portfolio in balance. No rebalancing needed.
[VictoryBot] Final target allocations: {}
🚀 EXECUTING PORTFOLIO LADDER
========================================
[VictoryBot] execute_portfolio_ladder called. long_positions: {}, hedge_positions: {}
[VictoryBot][DEBUG] execute_portfolio_ladder symbols: []
[VictoryBot][DEBUG] run_all_strategies called with symbols: []
[VictoryBot][DEBUG] momentum_signals: []
[VictoryBot][DEBUG] ml_signals: []
[VictoryBot][DEBUG] mean_reversion_signals: []
[VictoryBot][DEBUG] pair_trading_signals: []
[VictoryBot][DEBUG] yield_opportunities: []
[VictoryBot][DEBUG] volatility_breakout_signals: []
[VictoryBot][DEBUG] multi_timeframe_momentum_signals: []
[VictoryBot][DEBUG] event_signals: []
[VictoryBot][DEBUG] insurance_signals: []
[VictoryBot][DEBUG] hedge_signals: []
[VictoryBot][DEBUG] top_momentum_assets: []
[VictoryBot] Writing scan results (forced): {'momentum_signals': [], 'ml_signals': [], 'mean_reversion_signals': [], 'pair_trading_signals': [], 'yield_opportunities': [], 'volatility_breakout_signals': [], 'multi_timeframe_momentum_signals': [], 'event_signals': [], 'insurance_signals': [], 'hedge_signals': [], 'top_momentum_assets': [], 'diagnostics': {'num_symbols': 0, 'timestamp': '2025-10-11T11:50:46.517199'}}
[VictoryBot] write_scan_results called. Data: {'momentum_signals': [], 'ml_signals': [], 'diagnostics': {'num_symbols': 0, 'timestamp': '2025-10-11T11:50:46.517199', 'investable_usd': 0, 'investable_per_asset': 0, 'mean_reversion_signals': [], 'pair_trading_signals': [], 'yield_opportunities': [], 'volatility_breakout_signals': [], 'multi_timeframe_momentum_signals': [], 'event_signals': [], 'insurance_signals': [], 'hedge_signals': [], 'top_momentum_assets': []}, 'allocations': {}, 'notes': Full strategy integration. All signals/diagnostics included. No trades/allocations this cycle, but scan and reserves maintained.}
[VictoryBot] scan_results.json written: /Users/nicholaskramer/Downloads/victorychain_stack/runtime/scan_results.json
[VictoryBot] scan_log.jsonl appended: /Users/nicholaskramer/Downloads/victorychain_stack/runtime/scan_log.jsonl
[VictoryBot] Scan results written (forced update).
📊 Executing 0 positions simultaneously...

📊 EXECUTION SUMMARY
=========================
Execution ID: exec_1760197846
Execution time: 0.0 seconds
Target positions: 0
Portfolio fill rate: 0.0%
Portfolio flat: ✅
💾 Report saved: execution_report_exec_1760197846.json
[VictoryBot] Profit target or trailing stop hit for FLOKI/USDT: gain=0.00%, trailing_drop=14.62%. Selling 3985.07...
[VictoryBot] Error in monitor_and_sell_for_profit: 'BTCFreeExecutionEngine' object has no attribute 'execute_order_with_fallback'
[VictoryBot] Available USD balance: 0.0
[VictoryBot] Available USDT balance: 30.93978711
[VictoryBot] All unique quote assets: ['BTC', 'BUSD', 'DAI', 'ETH', 'USD', 'USD4', 'USDC', 'USDT', 'UST']
[VictoryBot] All available tradable USD/USDT-like pairs: ['BTC/USDT', 'ETH/USDT', 'XRP/USDT', 'BCH/USDT', 'LTC/USDT', 'BNB/USDT', 'ADA/USDT', 'BAT/USDT', 'ETC/USDT', 'XLM/USDT', 'ZRX/USDT', 'DOGE/USDT', 'ATOM/USDT', 'NEO/USDT', 'VET/USDT', 'QTUM/USDT', 'ONT/USDT', 'KNC/USDT', 'VTHO/USDT', 'COMP/USDT', 'ONE/USDT', 'BAND/USDT', 'STORJ/USDT', 'UNI/USDT', 'SOL/USDT', 'EGLD/USDT', 'PAXG/USDT', 'OXT/USDT', 'ZEN/USDT', 'BTC/USDC', 'FIL/USDT', 'AAVE/USDT', 'GRT/USDT', 'SHIB/USDT', 'CRV/USDT', 'AXS/USDT', 'AVAX/USDT', 'CTSI/USDT', 'DOT/USDT', 'YFI/USDT', '1INCH/USDT', 'USDC/USDT', 'ETH/USDC', 'MANA/USDT', 'ALGO/USDT', 'LINK/USDT', 'ZEC/USDT', 'ENJ/USDT', 'NEAR/USDT', 'SUSHI/USDT', 'LRC/USDT', 'LPT/USDT', 'NMR/USDT', 'SLP/USDT', 'CHZ/USDT', 'OGN/USDT', 'GALA/USDT', 'TLM/USDT', 'SNX/USDT', 'AUDIO/USDT', 'ENS/USDT', 'REQ/USDT', 'APE/USDT', 'FLUX/USDT', 'COTI/USDT', 'VOXEL/USDT', 'RLC/USDT', 'BICO/USDT', 'API3/USDT', 'BNT/USDT', 'IMX/USDT', 'FLOW/USDT', 'GTC/USDT', 'THETA/USDT', 'TFUEL/USDT', 'OCEAN/USDT', 'LAZIO/USDT', 'SANTOS/USDT', 'ALPINE/USDT', 'PORTO/USDT', 'CELR/USDT', 'SKL/USDT', 'WAXP/USDT', 'LTO/USDT', 'FET/USDT', 'ICP/USDT', 'T/USDT', 'OP/USDT', 'ROSE/USDT', 'CELO/USDT', 'KDA/USDT', 'KSM/USDT', 'ACH/USDT', 'SYS/USDT', 'RAD/USDT', 'ILV/USDT', 'LDO/USDT', 'RARE/USDT', 'LSK/USDT', 'DGB/USDT', 'REEF/USDT', 'ALICE/USDT', 'FORTH/USDT', 'ASTR/USDT', 'BTRST/USDT', 'SAND/USDT', 'GLM/USDT', 'QNT/USDT', 'STG/USDT', 'AXL/USDT', 'KAVA/USDT', 'APT/USDT', 'MASK/USDT', 'BOSON/USDT', 'POND/USDT', 'SOL/USDC', 'ADA/USDC', 'JAM/USDT', 'TRAC/USDT', 'PROM/USDT', 'DIA/USDT', 'LOOM/USDT', 'STMX/USDT', 'BTC/USD', 'ETH/USD', 'BCH/USD', 'LTC/USD', 'USDT/USD', 'BNB/USD', 'ADA/USD', 'ETC/USD', 'XLM/USD', 'LINK/USD', 'RVN/USD', 'ALGO/USD', 'IOTA/USD', 'ATOM/USD', 'ZIL/USD', 'VET/USD', 'HBAR/USD', 'DOGE/USD', 'VTHO/USD', 'USDC/USD', 'ONE/USD', 'UNI/USD', 'SOL/USD', 'AAVE/USD', 'GRT/USD', 'SUSHI/USD', 'CRV/USD', 'AVAX/USD', 'DOT/USD', 'NEAR/USD', 'LPT/USD', 'GALA/USD', 'ENS/USD', 'THETA/USD', 'FET/USD', 'ICP/USD', 'OP/USD', 'KDA/USD', 'DGB/USD', 'SAND/USD', 'SHIB/USD', 'POLYX/USDT', 'IOST/USDT', 'ARB/USDT', 'FLOKI/USDT', 'FLOKI/USD', 'XEC/USDT', 'BLUR/USDT', 'ANKR/USDT', 'DAI/USDT', 'DASH/USDT', 'HBAR/USDT', 'ICX/USDT', 'IOTA/USDT', 'RVN/USDT', 'XNO/USDT', 'XTZ/USDT', 'ZIL/USDT', 'ORBS/USDT', 'ADX/USDT', 'FORT/USDT', 'SUI/USDT', 'ONG/USDT', 'G/USDT', 'RENDER/USDT', 'BONK/USDT', 'MAGIC/USDT', 'PEPE/USDT', 'WIF/USDT', 'IOTX/USDT', 'PNUT/USDT', 'PENGU/USDT', 'POL/USDT', 'TRUMP/USDT', 'NEIRO/USDT', 'SUI/USD', 'XRP/USD', 'BONK/USD', 'PEPE/USD', 'POL/USD', 'RENDER/USD', 'TRUMP/USD', 'EIGEN/USDT', 'ME/USDT', 'ME/USD', 'D/USDT', 'METIS/USDT', 'JUP/USD', 'JUP/USDT', 'S/USD', 'S/USDT', 'JTO/USDT', 'ORCA/USDT', 'DATA/USDT', 'VIRTUAL/USDT', 'AIXBT/USDT', 'KAITO/USDT', 'TURBO/USDT', 'HYPE/USD', 'HYPE/USDT', 'ENA/USDT', 'LAYER/USDT', 'FARTCOIN/USDT', 'SPX/USDT', 'POPCAT/USDT', 'MOODENG/USDT', 'ANIME/USDT', '1000MOG/USDT', 'ONDO/USDT', '1000REKT/USDT', 'XDC/USDT', 'BRETT/USDT', 'WLD/USDT', 'TOSHI/USDT', 'USELESS/USDT', 'A2Z/USDT', 'NOBODY/USDT', 'PUMP/USDT', 'A/USDT', 'MEW/USDT', 'SKY/USDT', 'GIGA/USDT', 'DOOD/USDT']
[VictoryBot] ISO 20022 tradable USD/USDT-like pairs: ['XRP/USDT', 'XLM/USDT', 'ALGO/USDT', 'QNT/USDT', 'XLM/USD', 'ALGO/USD', 'IOTA/USD', 'HBAR/USD', 'HBAR/USDT', 'IOTA/USDT', 'XRP/USD', 'XDC/USDT']
[VictoryBot] Top scored symbols: ['XRP/USDT', 'XRP/USD', 'HBAR/USDT', 'XLM/USDT', 'HBAR/USD', 'ALGO/USDT', 'IOTA/USDT', 'XLM/USD', 'ALGO/USD', 'IOTA/USD']
[VictoryBot] Full scored universe: [('XRP/USDT', 1738836.2561300595, 3477672.53181, -0.09258785241525581, 0.12000943322922582, 0), ('XRP/USD', 549231.2993852404, 1098462.61225, -0.07938479523618158, 0.11383786013449126, 0), ('HBAR/USDT', 187367.5413237802, 374735.17139, -0.15491116812702715, 0.014014204222859032, 0), ('XLM/USDT', 142762.8174542258, 285525.6943, -0.10794684024952536, 0.01792185258281074, 0), ('HBAR/USD', 61320.53705240531, 122641.16019, -0.15037812681791737, 0.013805622356127228, 0), ('ALGO/USDT', 50595.940273445085, 101191.9428, -0.11001410437235545, 0.012517842625628429, 0), ('IOTA/USDT', 35451.95554982275, 70904.0019, -0.15701042873696416, 0.011353009116529417, 0), ('XLM/USD', 29365.189253220895, 58730.4125, -0.06534707158351412, 0.017382282473829492, 0), ('ALGO/USD', 13668.298435987957, 27336.6493, -0.09413434247871334, 0.013508604665175452, 0), ('IOTA/USD', 7601.668940491849, 15203.42, -0.14177803602556655, 0.009826017708105355, 0)]
[VictoryBot] Momentum signals: ['XLM/USD', 'XRP/USD', 'XRP/USDT', 'ALGO/USD', 'XLM/USDT']
[VictoryBot] ML signals: []
[VictoryBot] No open positions. Using available USD/USDT balance: 30.93978711
[VictoryBot] Portfolio sizing diagnostics:
  Investable USD: 27.845808399
  Investable per asset: 27.845808399
  XLM/USDT: ATR=0.0168, liquidity=44184.00, computed size=9.28
    Skipping XLM/USDT: size 9.28 below minimum order size.
[VictoryBot] Skipping reserve asset XRP: no valid tradable symbol or below min order size.
[VictoryBot] Skipping reserve asset HBAR: no valid tradable symbol or below min order size.
[VictoryBot] Skipping reserve asset LINK: no valid tradable symbol or below min order size.
[VictoryBot] Skipping reserve asset XLM: no valid tradable symbol or below min order size.
✅ Portfolio in balance. No rebalancing needed.
[VictoryBot] Final target allocations: {}
🚀 EXECUTING PORTFOLIO LADDER
========================================
[VictoryBot] execute_portfolio_ladder called. long_positions: {}, hedge_positions: {}
[VictoryBot][DEBUG] execute_portfolio_ladder symbols: []
[VictoryBot][DEBUG] run_all_strategies called with symbols: []
[VictoryBot][DEBUG] momentum_signals: []
[VictoryBot][DEBUG] ml_signals: []
[VictoryBot][DEBUG] mean_reversion_signals: []
[VictoryBot][DEBUG] pair_trading_signals: []
[VictoryBot][DEBUG] yield_opportunities: []
[VictoryBot][DEBUG] volatility_breakout_signals: []
[VictoryBot][DEBUG] multi_timeframe_momentum_signals: []
[VictoryBot][DEBUG] event_signals: []
[VictoryBot][DEBUG] insurance_signals: []
[VictoryBot][DEBUG] hedge_signals: []
[VictoryBot][DEBUG] top_momentum_assets: []
[VictoryBot] Writing scan results (forced): {'momentum_signals': [], 'ml_signals': [], 'mean_reversion_signals': [], 'pair_trading_signals': [], 'yield_opportunities': [], 'volatility_breakout_signals': [], 'multi_timeframe_momentum_signals': [], 'event_signals': [], 'insurance_signals': [], 'hedge_signals': [], 'top_momentum_assets': [], 'diagnostics': {'num_symbols': 0, 'timestamp': '2025-10-11T11:52:10.742726'}}
[VictoryBot] write_scan_results called. Data: {'momentum_signals': [], 'ml_signals': [], 'diagnostics': {'num_symbols': 0, 'timestamp': '2025-10-11T11:52:10.742726', 'investable_usd': 0, 'investable_per_asset': 0, 'mean_reversion_signals': [], 'pair_trading_signals': [], 'yield_opportunities': [], 'volatility_breakout_signals': [], 'multi_timeframe_momentum_signals': [], 'event_signals': [], 'insurance_signals': [], 'hedge_signals': [], 'top_momentum_assets': []}, 'allocations': {}, 'notes': Full strategy integration. All signals/diagnostics included. No trades/allocations this cycle, but scan and reserves maintained.}
[VictoryBot] scan_results.json written: /Users/nicholaskramer/Downloads/victorychain_stack/runtime/scan_results.json
[VictoryBot] scan_log.jsonl appended: /Users/nicholaskramer/Downloads/victorychain_stack/runtime/scan_log.jsonl
[VictoryBot] Scan results written (forced update).
📊 Executing 0 positions simultaneously...

📊 EXECUTION SUMMARY
=========================
Execution ID: exec_1760197930
Execution time: 0.0 seconds
Target positions: 0
Portfolio fill rate: 0.0%
Portfolio flat: ✅
💾 Report saved: execution_report_exec_1760197930.json
[VictoryBot] Profit target or trailing stop hit for FLOKI/USDT: gain=0.00%, trailing_drop=14.62%. Selling 3985.07...
[VictoryBot] Error in monitor_and_sell_for_profit: 'BTCFreeExecutionEngine' object has no attribute 'execute_order_with_fallback'
[VictoryBot] Available USD balance: 0.0
[VictoryBot] Available USDT balance: 30.93978711
[VictoryBot] All unique quote assets: ['BTC', 'BUSD', 'DAI', 'ETH', 'USD', 'USD4', 'USDC', 'USDT', 'UST']
[VictoryBot] All available tradable USD/USDT-like pairs: ['BTC/USDT', 'ETH/USDT', 'XRP/USDT', 'BCH/USDT', 'LTC/USDT', 'BNB/USDT', 'ADA/USDT', 'BAT/USDT', 'ETC/USDT', 'XLM/USDT', 'ZRX/USDT', 'DOGE/USDT', 'ATOM/USDT', 'NEO/USDT', 'VET/USDT', 'QTUM/USDT', 'ONT/USDT', 'KNC/USDT', 'VTHO/USDT', 'COMP/USDT', 'ONE/USDT', 'BAND/USDT', 'STORJ/USDT', 'UNI/USDT', 'SOL/USDT', 'EGLD/USDT', 'PAXG/USDT', 'OXT/USDT', 'ZEN/USDT', 'BTC/USDC', 'FIL/USDT', 'AAVE/USDT', 'GRT/USDT', 'SHIB/USDT', 'CRV/USDT', 'AXS/USDT', 'AVAX/USDT', 'CTSI/USDT', 'DOT/USDT', 'YFI/USDT', '1INCH/USDT', 'USDC/USDT', 'ETH/USDC', 'MANA/USDT', 'ALGO/USDT', 'LINK/USDT', 'ZEC/USDT', 'ENJ/USDT', 'NEAR/USDT', 'SUSHI/USDT', 'LRC/USDT', 'LPT/USDT', 'NMR/USDT', 'SLP/USDT', 'CHZ/USDT', 'OGN/USDT', 'GALA/USDT', 'TLM/USDT', 'SNX/USDT', 'AUDIO/USDT', 'ENS/USDT', 'REQ/USDT', 'APE/USDT', 'FLUX/USDT', 'COTI/USDT', 'VOXEL/USDT', 'RLC/USDT', 'BICO/USDT', 'API3/USDT', 'BNT/USDT', 'IMX/USDT', 'FLOW/USDT', 'GTC/USDT', 'THETA/USDT', 'TFUEL/USDT', 'OCEAN/USDT', 'LAZIO/USDT', 'SANTOS/USDT', 'ALPINE/USDT', 'PORTO/USDT', 'CELR/USDT', 'SKL/USDT', 'WAXP/USDT', 'LTO/USDT', 'FET/USDT', 'ICP/USDT', 'T/USDT', 'OP/USDT', 'ROSE/USDT', 'CELO/USDT', 'KDA/USDT', 'KSM/USDT', 'ACH/USDT', 'SYS/USDT', 'RAD/USDT', 'ILV/USDT', 'LDO/USDT', 'RARE/USDT', 'LSK/USDT', 'DGB/USDT', 'REEF/USDT', 'ALICE/USDT', 'FORTH/USDT', 'ASTR/USDT', 'BTRST/USDT', 'SAND/USDT', 'GLM/USDT', 'QNT/USDT', 'STG/USDT', 'AXL/USDT', 'KAVA/USDT', 'APT/USDT', 'MASK/USDT', 'BOSON/USDT', 'POND/USDT', 'SOL/USDC', 'ADA/USDC', 'JAM/USDT', 'TRAC/USDT', 'PROM/USDT', 'DIA/USDT', 'LOOM/USDT', 'STMX/USDT', 'BTC/USD', 'ETH/USD', 'BCH/USD', 'LTC/USD', 'USDT/USD', 'BNB/USD', 'ADA/USD', 'ETC/USD', 'XLM/USD', 'LINK/USD', 'RVN/USD', 'ALGO/USD', 'IOTA/USD', 'ATOM/USD', 'ZIL/USD', 'VET/USD', 'HBAR/USD', 'DOGE/USD', 'VTHO/USD', 'USDC/USD', 'ONE/USD', 'UNI/USD', 'SOL/USD', 'AAVE/USD', 'GRT/USD', 'SUSHI/USD', 'CRV/USD', 'AVAX/USD', 'DOT/USD', 'NEAR/USD', 'LPT/USD', 'GALA/USD', 'ENS/USD', 'THETA/USD', 'FET/USD', 'ICP/USD', 'OP/USD', 'KDA/USD', 'DGB/USD', 'SAND/USD', 'SHIB/USD', 'POLYX/USDT', 'IOST/USDT', 'ARB/USDT', 'FLOKI/USDT', 'FLOKI/USD', 'XEC/USDT', 'BLUR/USDT', 'ANKR/USDT', 'DAI/USDT', 'DASH/USDT', 'HBAR/USDT', 'ICX/USDT', 'IOTA/USDT', 'RVN/USDT', 'XNO/USDT', 'XTZ/USDT', 'ZIL/USDT', 'ORBS/USDT', 'ADX/USDT', 'FORT/USDT', 'SUI/USDT', 'ONG/USDT', 'G/USDT', 'RENDER/USDT', 'BONK/USDT', 'MAGIC/USDT', 'PEPE/USDT', 'WIF/USDT', 'IOTX/USDT', 'PNUT/USDT', 'PENGU/USDT', 'POL/USDT', 'TRUMP/USDT', 'NEIRO/USDT', 'SUI/USD', 'XRP/USD', 'BONK/USD', 'PEPE/USD', 'POL/USD', 'RENDER/USD', 'TRUMP/USD', 'EIGEN/USDT', 'ME/USDT', 'ME/USD', 'D/USDT', 'METIS/USDT', 'JUP/USD', 'JUP/USDT', 'S/USD', 'S/USDT', 'JTO/USDT', 'ORCA/USDT', 'DATA/USDT', 'VIRTUAL/USDT', 'AIXBT/USDT', 'KAITO/USDT', 'TURBO/USDT', 'HYPE/USD', 'HYPE/USDT', 'ENA/USDT', 'LAYER/USDT', 'FARTCOIN/USDT', 'SPX/USDT', 'POPCAT/USDT', 'MOODENG/USDT', 'ANIME/USDT', '1000MOG/USDT', 'ONDO/USDT', '1000REKT/USDT', 'XDC/USDT', 'BRETT/USDT', 'WLD/USDT', 'TOSHI/USDT', 'USELESS/USDT', 'A2Z/USDT', 'NOBODY/USDT', 'PUMP/USDT', 'A/USDT', 'MEW/USDT', 'SKY/USDT', 'GIGA/USDT', 'DOOD/USDT']
[VictoryBot] ISO 20022 tradable USD/USDT-like pairs: ['XRP/USDT', 'XLM/USDT', 'ALGO/USDT', 'QNT/USDT', 'XLM/USD', 'ALGO/USD', 'IOTA/USD', 'HBAR/USD', 'HBAR/USDT', 'IOTA/USDT', 'XRP/USD', 'XDC/USDT']
[VictoryBot] Top scored symbols: ['XRP/USDT', 'XRP/USD', 'HBAR/USDT', 'XLM/USDT', 'HBAR/USD', 'ALGO/USDT', 'IOTA/USDT', 'XLM/USD', 'ALGO/USD', 'IOTA/USD']
[VictoryBot] Full scored universe: [('XRP/USDT', 1738922.8380218628, 3477845.69662, -0.09430650528394348, 0.12002542970554203, 0), ('XRP/USD', 549355.9221856026, 1098711.86225, -0.08669126511525951, 0.11378654753528641, 0), ('HBAR/USDT', 187367.5413237802, 374735.17139, -0.15491116812702715, 0.014014204222859032, 0), ('XLM/USDT', 142762.8174542258, 285525.6943, -0.10794684024952536, 0.01792185258281074, 0), ('HBAR/USD', 61320.53705240531, 122641.16019, -0.15037812681791737, 0.013805622356127228, 0), ('ALGO/USDT', 50595.940273445085, 101191.9428, -0.11001410437235545, 0.012517842625628429, 0), ('IOTA/USDT', 35451.95554982275, 70904.0019, -0.15701042873696416, 0.011353009116529417, 0), ('XLM/USD', 29365.189253220895, 58730.4125, -0.06534707158351412, 0.017382282473829492, 0), ('ALGO/USD', 13668.298435987957, 27336.6493, -0.09413434247871334, 0.013508604665175452, 0), ('IOTA/USD', 7601.668940491849, 15203.42, -0.14177803602556655, 0.009826017708105355, 0)]
[VictoryBot] Momentum signals: ['XLM/USD', 'XRP/USD', 'ALGO/USD', 'XRP/USDT', 'XLM/USDT']
[VictoryBot] ML signals: []
[VictoryBot] No open positions. Using available USD/USDT balance: 30.93978711
[VictoryBot] Portfolio sizing diagnostics:
  Investable USD: 27.845808399
  Investable per asset: 27.845808399
  XLM/USDT: ATR=0.0168, liquidity=59919.00, computed size=9.28
    Skipping XLM/USDT: size 9.28 below minimum order size.
[VictoryBot] Skipping reserve asset XRP: no valid tradable symbol or below min order size.
[VictoryBot] Skipping reserve asset HBAR: no valid tradable symbol or below min order size.
[VictoryBot] Skipping reserve asset LINK: no valid tradable symbol or below min order size.
[VictoryBot] Skipping reserve asset XLM: no valid tradable symbol or below min order size.
✅ Portfolio in balance. No rebalancing needed.
[VictoryBot] Final target allocations: {}
🚀 EXECUTING PORTFOLIO LADDER
========================================
[VictoryBot] execute_portfolio_ladder called. long_positions: {}, hedge_positions: {}
[VictoryBot][DEBUG] execute_portfolio_ladder symbols: []
[VictoryBot][DEBUG] run_all_strategies called with symbols: []
[VictoryBot][DEBUG] momentum_signals: []
[VictoryBot][DEBUG] ml_signals: []
[VictoryBot][DEBUG] mean_reversion_signals: []
[VictoryBot][DEBUG] pair_trading_signals: []
[VictoryBot][DEBUG] yield_opportunities: []
[VictoryBot][DEBUG] volatility_breakout_signals: []
[VictoryBot][DEBUG] multi_timeframe_momentum_signals: []
[VictoryBot][DEBUG] event_signals: []
[VictoryBot][DEBUG] insurance_signals: []
[VictoryBot][DEBUG] hedge_signals: []
[VictoryBot][DEBUG] top_momentum_assets: []
[VictoryBot] Writing scan results (forced): {'momentum_signals': [], 'ml_signals': [], 'mean_reversion_signals': [], 'pair_trading_signals': [], 'yield_opportunities': [], 'volatility_breakout_signals': [], 'multi_timeframe_momentum_signals': [], 'event_signals': [], 'insurance_signals': [], 'hedge_signals': [], 'top_momentum_assets': [], 'diagnostics': {'num_symbols': 0, 'timestamp': '2025-10-11T11:53:34.915565'}}
[VictoryBot] write_scan_results called. Data: {'momentum_signals': [], 'ml_signals': [], 'diagnostics': {'num_symbols': 0, 'timestamp': '2025-10-11T11:53:34.915565', 'investable_usd': 0, 'investable_per_asset': 0, 'mean_reversion_signals': [], 'pair_trading_signals': [], 'yield_opportunities': [], 'volatility_breakout_signals': [], 'multi_timeframe_momentum_signals': [], 'event_signals': [], 'insurance_signals': [], 'hedge_signals': [], 'top_momentum_assets': []}, 'allocations': {}, 'notes': Full strategy integration. All signals/diagnostics included. No trades/allocations this cycle, but scan and reserves maintained.}
[VictoryBot] scan_results.json written: /Users/nicholaskramer/Downloads/victorychain_stack/runtime/scan_results.json
[VictoryBot] scan_log.jsonl appended: /Users/nicholaskramer/Downloads/victorychain_stack/runtime/scan_log.jsonl
[VictoryBot] Scan results written (forced update).
📊 Executing 0 positions simultaneously...

📊 EXECUTION SUMMARY
=========================
Execution ID: exec_1760198014
Execution time: 0.0 seconds
Target positions: 0
Portfolio fill rate: 0.0%
Portfolio flat: ✅
💾 Report saved: execution_report_exec_1760198014.json
[VictoryBot] Profit target or trailing stop hit for FLOKI/USDT: gain=0.00%, trailing_drop=14.62%. Selling 3985.07...
[VictoryBot] Error in monitor_and_sell_for_profit: 'BTCFreeExecutionEngine' object has no attribute 'execute_order_with_fallback'
[VictoryBot] Available USD balance: 0.0
[VictoryBot] Available USDT balance: 30.93978711
[VictoryBot] All unique quote assets: ['BTC', 'BUSD', 'DAI', 'ETH', 'USD', 'USD4', 'USDC', 'USDT', 'UST']
[VictoryBot] All available tradable USD/USDT-like pairs: ['BTC/USDT', 'ETH/USDT', 'XRP/USDT', 'BCH/USDT', 'LTC/USDT', 'BNB/USDT', 'ADA/USDT', 'BAT/USDT', 'ETC/USDT', 'XLM/USDT', 'ZRX/USDT', 'DOGE/USDT', 'ATOM/USDT', 'NEO/USDT', 'VET/USDT', 'QTUM/USDT', 'ONT/USDT', 'KNC/USDT', 'VTHO/USDT', 'COMP/USDT', 'ONE/USDT', 'BAND/USDT', 'STORJ/USDT', 'UNI/USDT', 'SOL/USDT', 'EGLD/USDT', 'PAXG/USDT', 'OXT/USDT', 'ZEN/USDT', 'BTC/USDC', 'FIL/USDT', 'AAVE/USDT', 'GRT/USDT', 'SHIB/USDT', 'CRV/USDT', 'AXS/USDT', 'AVAX/USDT', 'CTSI/USDT', 'DOT/USDT', 'YFI/USDT', '1INCH/USDT', 'USDC/USDT', 'ETH/USDC', 'MANA/USDT', 'ALGO/USDT', 'LINK/USDT', 'ZEC/USDT', 'ENJ/USDT', 'NEAR/USDT', 'SUSHI/USDT', 'LRC/USDT', 'LPT/USDT', 'NMR/USDT', 'SLP/USDT', 'CHZ/USDT', 'OGN/USDT', 'GALA/USDT', 'TLM/USDT', 'SNX/USDT', 'AUDIO/USDT', 'ENS/USDT', 'REQ/USDT', 'APE/USDT', 'FLUX/USDT', 'COTI/USDT', 'VOXEL/USDT', 'RLC/USDT', 'BICO/USDT', 'API3/USDT', 'BNT/USDT', 'IMX/USDT', 'FLOW/USDT', 'GTC/USDT', 'THETA/USDT', 'TFUEL/USDT', 'OCEAN/USDT', 'LAZIO/USDT', 'SANTOS/USDT', 'ALPINE/USDT', 'PORTO/USDT', 'CELR/USDT', 'SKL/USDT', 'WAXP/USDT', 'LTO/USDT', 'FET/USDT', 'ICP/USDT', 'T/USDT', 'OP/USDT', 'ROSE/USDT', 'CELO/USDT', 'KDA/USDT', 'KSM/USDT', 'ACH/USDT', 'SYS/USDT', 'RAD/USDT', 'ILV/USDT', 'LDO/USDT', 'RARE/USDT', 'LSK/USDT', 'DGB/USDT', 'REEF/USDT', 'ALICE/USDT', 'FORTH/USDT', 'ASTR/USDT', 'BTRST/USDT', 'SAND/USDT', 'GLM/USDT', 'QNT/USDT', 'STG/USDT', 'AXL/USDT', 'KAVA/USDT', 'APT/USDT', 'MASK/USDT', 'BOSON/USDT', 'POND/USDT', 'SOL/USDC', 'ADA/USDC', 'JAM/USDT', 'TRAC/USDT', 'PROM/USDT', 'DIA/USDT', 'LOOM/USDT', 'STMX/USDT', 'BTC/USD', 'ETH/USD', 'BCH/USD', 'LTC/USD', 'USDT/USD', 'BNB/USD', 'ADA/USD', 'ETC/USD', 'XLM/USD', 'LINK/USD', 'RVN/USD', 'ALGO/USD', 'IOTA/USD', 'ATOM/USD', 'ZIL/USD', 'VET/USD', 'HBAR/USD', 'DOGE/USD', 'VTHO/USD', 'USDC/USD', 'ONE/USD', 'UNI/USD', 'SOL/USD', 'AAVE/USD', 'GRT/USD', 'SUSHI/USD', 'CRV/USD', 'AVAX/USD', 'DOT/USD', 'NEAR/USD', 'LPT/USD', 'GALA/USD', 'ENS/USD', 'THETA/USD', 'FET/USD', 'ICP/USD', 'OP/USD', 'KDA/USD', 'DGB/USD', 'SAND/USD', 'SHIB/USD', 'POLYX/USDT', 'IOST/USDT', 'ARB/USDT', 'FLOKI/USDT', 'FLOKI/USD', 'XEC/USDT', 'BLUR/USDT', 'ANKR/USDT', 'DAI/USDT', 'DASH/USDT', 'HBAR/USDT', 'ICX/USDT', 'IOTA/USDT', 'RVN/USDT', 'XNO/USDT', 'XTZ/USDT', 'ZIL/USDT', 'ORBS/USDT', 'ADX/USDT', 'FORT/USDT', 'SUI/USDT', 'ONG/USDT', 'G/USDT', 'RENDER/USDT', 'BONK/USDT', 'MAGIC/USDT', 'PEPE/USDT', 'WIF/USDT', 'IOTX/USDT', 'PNUT/USDT', 'PENGU/USDT', 'POL/USDT', 'TRUMP/USDT', 'NEIRO/USDT', 'SUI/USD', 'XRP/USD', 'BONK/USD', 'PEPE/USD', 'POL/USD', 'RENDER/USD', 'TRUMP/USD', 'EIGEN/USDT', 'ME/USDT', 'ME/USD', 'D/USDT', 'METIS/USDT', 'JUP/USD', 'JUP/USDT', 'S/USD', 'S/USDT', 'JTO/USDT', 'ORCA/USDT', 'DATA/USDT', 'VIRTUAL/USDT', 'AIXBT/USDT', 'KAITO/USDT', 'TURBO/USDT', 'HYPE/USD', 'HYPE/USDT', 'ENA/USDT', 'LAYER/USDT', 'FARTCOIN/USDT', 'SPX/USDT', 'POPCAT/USDT', 'MOODENG/USDT', 'ANIME/USDT', '1000MOG/USDT', 'ONDO/USDT', '1000REKT/USDT', 'XDC/USDT', 'BRETT/USDT', 'WLD/USDT', 'TOSHI/USDT', 'USELESS/USDT', 'A2Z/USDT', 'NOBODY/USDT', 'PUMP/USDT', 'A/USDT', 'MEW/USDT', 'SKY/USDT', 'GIGA/USDT', 'DOOD/USDT']
[VictoryBot] ISO 20022 tradable USD/USDT-like pairs: ['XRP/USDT', 'XLM/USDT', 'ALGO/USDT', 'QNT/USDT', 'XLM/USD', 'ALGO/USD', 'IOTA/USD', 'HBAR/USD', 'HBAR/USDT', 'IOTA/USDT', 'XRP/USD', 'XDC/USDT']
[VictoryBot] Top scored symbols: ['XRP/USDT', 'XRP/USD', 'HBAR/USDT', 'XLM/USDT', 'HBAR/USD', 'ALGO/USDT', 'IOTA/USDT', 'XLM/USD', 'ALGO/USD', 'IOTA/USD']
[VictoryBot] Full scored universe: [('XRP/USDT', 1738497.4231818628, 3476994.86694, -0.09430650528394348, 0.12002542970554203, 0), ('XRP/USD', 549355.9221856026, 1098711.86225, -0.08669126511525951, 0.11378654753528641, 0), ('HBAR/USDT', 187376.3187019556, 374752.72339, -0.150312242823256, 0.01400418965881282, 0), ('XLM/USDT', 142762.8174542258, 285525.6943, -0.10794684024952536, 0.01792185258281074, 0), ('HBAR/USD', 61320.53705240531, 122641.16019, -0.15037812681791737, 0.013805622356127228, 0), ('ALGO/USDT', 50595.940273445085, 101191.9428, -0.11001410437235545, 0.012517842625628429, 0), ('IOTA/USDT', 35451.95554982275, 70904.0019, -0.15701042873696416, 0.011353009116529417, 0), ('XLM/USD', 29365.189253220895, 58730.4125, -0.06534707158351412, 0.017382282473829492, 0), ('ALGO/USD', 13668.298435987957, 27336.6493, -0.09413434247871334, 0.013508604665175452, 0), ('IOTA/USD', 7601.668940491849, 15203.42, -0.14177803602556655, 0.009826017708105355, 0)]
[VictoryBot] Momentum signals: ['XLM/USD', 'XRP/USD', 'ALGO/USD', 'XRP/USDT', 'XLM/USDT']
[VictoryBot] ML signals: []
[VictoryBot] No open positions. Using available USD/USDT balance: 30.93978711
[VictoryBot] Portfolio sizing diagnostics:
  Investable USD: 27.845808399
  Investable per asset: 27.845808399
  XLM/USDT: ATR=0.0168, liquidity=99295.00, computed size=9.28
    Skipping XLM/USDT: size 9.28 below minimum order size.
[VictoryBot] Skipping reserve asset XRP: no valid tradable symbol or below min order size.
[VictoryBot] Skipping reserve asset HBAR: no valid tradable symbol or below min order size.
[VictoryBot] Skipping reserve asset LINK: no valid tradable symbol or below min order size.
[VictoryBot] Skipping reserve asset XLM: no valid tradable symbol or below min order size.
✅ Portfolio in balance. No rebalancing needed.
[VictoryBot] Final target allocations: {}
🚀 EXECUTING PORTFOLIO LADDER
========================================
[VictoryBot] execute_portfolio_ladder called. long_positions: {}, hedge_positions: {}
[VictoryBot][DEBUG] execute_portfolio_ladder symbols: []
[VictoryBot][DEBUG] run_all_strategies called with symbols: []
[VictoryBot][DEBUG] momentum_signals: []
[VictoryBot][DEBUG] ml_signals: []
[VictoryBot][DEBUG] mean_reversion_signals: []
[VictoryBot][DEBUG] pair_trading_signals: []
[VictoryBot][DEBUG] yield_opportunities: []
[VictoryBot][DEBUG] volatility_breakout_signals: []
[VictoryBot][DEBUG] multi_timeframe_momentum_signals: []
[VictoryBot][DEBUG] event_signals: []
[VictoryBot][DEBUG] insurance_signals: []
[VictoryBot][DEBUG] hedge_signals: []
[VictoryBot][DEBUG] top_momentum_assets: []
[VictoryBot] Writing scan results (forced): {'momentum_signals': [], 'ml_signals': [], 'mean_reversion_signals': [], 'pair_trading_signals': [], 'yield_opportunities': [], 'volatility_breakout_signals': [], 'multi_timeframe_momentum_signals': [], 'event_signals': [], 'insurance_signals': [], 'hedge_signals': [], 'top_momentum_assets': [], 'diagnostics': {'num_symbols': 0, 'timestamp': '2025-10-11T11:54:59.191441'}}
[VictoryBot] write_scan_results called. Data: {'momentum_signals': [], 'ml_signals': [], 'diagnostics': {'num_symbols': 0, 'timestamp': '2025-10-11T11:54:59.191441', 'investable_usd': 0, 'investable_per_asset': 0, 'mean_reversion_signals': [], 'pair_trading_signals': [], 'yield_opportunities': [], 'volatility_breakout_signals': [], 'multi_timeframe_momentum_signals': [], 'event_signals': [], 'insurance_signals': [], 'hedge_signals': [], 'top_momentum_assets': []}, 'allocations': {}, 'notes': Full strategy integration. All signals/diagnostics included. No trades/allocations this cycle, but scan and reserves maintained.}
[VictoryBot] scan_results.json written: /Users/nicholaskramer/Downloads/victorychain_stack/runtime/scan_results.json
[VictoryBot] scan_log.jsonl appended: /Users/nicholaskramer/Downloads/victorychain_stack/runtime/scan_log.jsonl
[VictoryBot] Scan results written (forced update).
📊 Executing 0 positions simultaneously...

📊 EXECUTION SUMMARY
=========================
Execution ID: exec_1760198099
Execution time: 0.0 seconds
Target positions: 0
Portfolio fill rate: 0.0%
Portfolio flat: ✅
💾 Report saved: execution_report_exec_1760198099.json
[VictoryBot] Profit target or trailing stop hit for FLOKI/USDT: gain=0.00%, trailing_drop=14.62%. Selling 3985.07...
[VictoryBot] Error in monitor_and_sell_for_profit: 'BTCFreeExecutionEngine' object has no attribute 'execute_order_with_fallback'
[VictoryBot] Available USD balance: 0.0
[VictoryBot] Available USDT balance: 30.93978711
[VictoryBot] All unique quote assets: ['BTC', 'BUSD', 'DAI', 'ETH', 'USD', 'USD4', 'USDC', 'USDT', 'UST']
[VictoryBot] All available tradable USD/USDT-like pairs: ['BTC/USDT', 'ETH/USDT', 'XRP/USDT', 'BCH/USDT', 'LTC/USDT', 'BNB/USDT', 'ADA/USDT', 'BAT/USDT', 'ETC/USDT', 'XLM/USDT', 'ZRX/USDT', 'DOGE/USDT', 'ATOM/USDT', 'NEO/USDT', 'VET/USDT', 'QTUM/USDT', 'ONT/USDT', 'KNC/USDT', 'VTHO/USDT', 'COMP/USDT', 'ONE/USDT', 'BAND/USDT', 'STORJ/USDT', 'UNI/USDT', 'SOL/USDT', 'EGLD/USDT', 'PAXG/USDT', 'OXT/USDT', 'ZEN/USDT', 'BTC/USDC', 'FIL/USDT', 'AAVE/USDT', 'GRT/USDT', 'SHIB/USDT', 'CRV/USDT', 'AXS/USDT', 'AVAX/USDT', 'CTSI/USDT', 'DOT/USDT', 'YFI/USDT', '1INCH/USDT', 'USDC/USDT', 'ETH/USDC', 'MANA/USDT', 'ALGO/USDT', 'LINK/USDT', 'ZEC/USDT', 'ENJ/USDT', 'NEAR/USDT', 'SUSHI/USDT', 'LRC/USDT', 'LPT/USDT', 'NMR/USDT', 'SLP/USDT', 'CHZ/USDT', 'OGN/USDT', 'GALA/USDT', 'TLM/USDT', 'SNX/USDT', 'AUDIO/USDT', 'ENS/USDT', 'REQ/USDT', 'APE/USDT', 'FLUX/USDT', 'COTI/USDT', 'VOXEL/USDT', 'RLC/USDT', 'BICO/USDT', 'API3/USDT', 'BNT/USDT', 'IMX/USDT', 'FLOW/USDT', 'GTC/USDT', 'THETA/USDT', 'TFUEL/USDT', 'OCEAN/USDT', 'LAZIO/USDT', 'SANTOS/USDT', 'ALPINE/USDT', 'PORTO/USDT', 'CELR/USDT', 'SKL/USDT', 'WAXP/USDT', 'LTO/USDT', 'FET/USDT', 'ICP/USDT', 'T/USDT', 'OP/USDT', 'ROSE/USDT', 'CELO/USDT', 'KDA/USDT', 'KSM/USDT', 'ACH/USDT', 'SYS/USDT', 'RAD/USDT', 'ILV/USDT', 'LDO/USDT', 'RARE/USDT', 'LSK/USDT', 'DGB/USDT', 'REEF/USDT', 'ALICE/USDT', 'FORTH/USDT', 'ASTR/USDT', 'BTRST/USDT', 'SAND/USDT', 'GLM/USDT', 'QNT/USDT', 'STG/USDT', 'AXL/USDT', 'KAVA/USDT', 'APT/USDT', 'MASK/USDT', 'BOSON/USDT', 'POND/USDT', 'SOL/USDC', 'ADA/USDC', 'JAM/USDT', 'TRAC/USDT', 'PROM/USDT', 'DIA/USDT', 'LOOM/USDT', 'STMX/USDT', 'BTC/USD', 'ETH/USD', 'BCH/USD', 'LTC/USD', 'USDT/USD', 'BNB/USD', 'ADA/USD', 'ETC/USD', 'XLM/USD', 'LINK/USD', 'RVN/USD', 'ALGO/USD', 'IOTA/USD', 'ATOM/USD', 'ZIL/USD', 'VET/USD', 'HBAR/USD', 'DOGE/USD', 'VTHO/USD', 'USDC/USD', 'ONE/USD', 'UNI/USD', 'SOL/USD', 'AAVE/USD', 'GRT/USD', 'SUSHI/USD', 'CRV/USD', 'AVAX/USD', 'DOT/USD', 'NEAR/USD', 'LPT/USD', 'GALA/USD', 'ENS/USD', 'THETA/USD', 'FET/USD', 'ICP/USD', 'OP/USD', 'KDA/USD', 'DGB/USD', 'SAND/USD', 'SHIB/USD', 'POLYX/USDT', 'IOST/USDT', 'ARB/USDT', 'FLOKI/USDT', 'FLOKI/USD', 'XEC/USDT', 'BLUR/USDT', 'ANKR/USDT', 'DAI/USDT', 'DASH/USDT', 'HBAR/USDT', 'ICX/USDT', 'IOTA/USDT', 'RVN/USDT', 'XNO/USDT', 'XTZ/USDT', 'ZIL/USDT', 'ORBS/USDT', 'ADX/USDT', 'FORT/USDT', 'SUI/USDT', 'ONG/USDT', 'G/USDT', 'RENDER/USDT', 'BONK/USDT', 'MAGIC/USDT', 'PEPE/USDT', 'WIF/USDT', 'IOTX/USDT', 'PNUT/USDT', 'PENGU/USDT', 'POL/USDT', 'TRUMP/USDT', 'NEIRO/USDT', 'SUI/USD', 'XRP/USD', 'BONK/USD', 'PEPE/USD', 'POL/USD', 'RENDER/USD', 'TRUMP/USD', 'EIGEN/USDT', 'ME/USDT', 'ME/USD', 'D/USDT', 'METIS/USDT', 'JUP/USD', 'JUP/USDT', 'S/USD', 'S/USDT', 'JTO/USDT', 'ORCA/USDT', 'DATA/USDT', 'VIRTUAL/USDT', 'AIXBT/USDT', 'KAITO/USDT', 'TURBO/USDT', 'HYPE/USD', 'HYPE/USDT', 'ENA/USDT', 'LAYER/USDT', 'FARTCOIN/USDT', 'SPX/USDT', 'POPCAT/USDT', 'MOODENG/USDT', 'ANIME/USDT', '1000MOG/USDT', 'ONDO/USDT', '1000REKT/USDT', 'XDC/USDT', 'BRETT/USDT', 'WLD/USDT', 'TOSHI/USDT', 'USELESS/USDT', 'A2Z/USDT', 'NOBODY/USDT', 'PUMP/USDT', 'A/USDT', 'MEW/USDT', 'SKY/USDT', 'GIGA/USDT', 'DOOD/USDT']
[VictoryBot] ISO 20022 tradable USD/USDT-like pairs: ['XRP/USDT', 'XLM/USDT', 'ALGO/USDT', 'QNT/USDT', 'XLM/USD', 'ALGO/USD', 'IOTA/USD', 'HBAR/USD', 'HBAR/USDT', 'IOTA/USDT', 'XRP/USD', 'XDC/USDT']
[VictoryBot] Top scored symbols: ['XRP/USDT', 'XRP/USD', 'HBAR/USDT', 'XLM/USDT', 'HBAR/USD', 'ALGO/USDT', 'IOTA/USDT', 'XLM/USD', 'ALGO/USD', 'IOTA/USD']
[VictoryBot] Full scored universe: [('XRP/USDT', 1738497.4231818628, 3476994.86694, -0.09430650528394348, 0.12002542970554203, 0), ('XRP/USD', 544956.5404956026, 1089913.09887, -0.08669126511525951, 0.11378654753528641, 0), ('HBAR/USDT', 187376.3187019556, 374752.72339, -0.150312242823256, 0.01400418965881282, 0), ('XLM/USDT', 140750.20069915045, 281500.4642, -0.11364252780037984, 0.017946058731654703, 0), ('HBAR/USD', 61320.53705240531, 122641.16019, -0.15037812681791737, 0.013805622356127228, 0), ('ALGO/USDT', 50595.940273445085, 101191.9428, -0.11001410437235545, 0.012517842625628429, 0), ('IOTA/USDT', 35451.95554982275, 70904.0019, -0.15701042873696416, 0.011353009116529417, 0), ('XLM/USD', 29365.189253220895, 58730.4125, -0.06534707158351412, 0.017382282473829492, 0), ('ALGO/USD', 13668.298435987957, 27336.6493, -0.09413434247871334, 0.013508604665175452, 0), ('IOTA/USD', 7601.668940491849, 15203.42, -0.14177803602556655, 0.009826017708105355, 0)]
[VictoryBot] Momentum signals: ['XLM/USD', 'XRP/USD', 'ALGO/USD', 'XRP/USDT', 'ALGO/USDT']
[VictoryBot] ML signals: []
[VictoryBot] No open positions. Using available USD/USDT balance: 30.93978711
[VictoryBot] Portfolio sizing diagnostics:
  Investable USD: 27.845808399
  Investable per asset: 27.845808399
  XRP/USDT: ATR=0.1226, liquidity=65729.70, computed size=9.28
    Skipping XRP/USDT: size 9.28 below minimum order size.
[VictoryBot] Skipping reserve asset XRP: no valid tradable symbol or below min order size.
[VictoryBot] Skipping reserve asset HBAR: no valid tradable symbol or below min order size.
[VictoryBot] Skipping reserve asset LINK: no valid tradable symbol or below min order size.
[VictoryBot] Skipping reserve asset XLM: no valid tradable symbol or below min order size.
✅ Portfolio in balance. No rebalancing needed.
[VictoryBot] Final target allocations: {}
🚀 EXECUTING PORTFOLIO LADDER
========================================
[VictoryBot] execute_portfolio_ladder called. long_positions: {}, hedge_positions: {}
[VictoryBot][DEBUG] execute_portfolio_ladder symbols: []
[VictoryBot][DEBUG] run_all_strategies called with symbols: []
[VictoryBot][DEBUG] momentum_signals: []
[VictoryBot][DEBUG] ml_signals: []
[VictoryBot][DEBUG] mean_reversion_signals: []
[VictoryBot][DEBUG] pair_trading_signals: []
[VictoryBot][DEBUG] yield_opportunities: []
[VictoryBot][DEBUG] volatility_breakout_signals: []
[VictoryBot][DEBUG] multi_timeframe_momentum_signals: []
[VictoryBot][DEBUG] event_signals: []
[VictoryBot][DEBUG] insurance_signals: []
[VictoryBot][DEBUG] hedge_signals: []
[VictoryBot][DEBUG] top_momentum_assets: []
[VictoryBot] Writing scan results (forced): {'momentum_signals': [], 'ml_signals': [], 'mean_reversion_signals': [], 'pair_trading_signals': [], 'yield_opportunities': [], 'volatility_breakout_signals': [], 'multi_timeframe_momentum_signals': [], 'event_signals': [], 'insurance_signals': [], 'hedge_signals': [], 'top_momentum_assets': [], 'diagnostics': {'num_symbols': 0, 'timestamp': '2025-10-11T11:56:23.637757'}}
[VictoryBot] write_scan_results called. Data: {'momentum_signals': [], 'ml_signals': [], 'diagnostics': {'num_symbols': 0, 'timestamp': '2025-10-11T11:56:23.637757', 'investable_usd': 0, 'investable_per_asset': 0, 'mean_reversion_signals': [], 'pair_trading_signals': [], 'yield_opportunities': [], 'volatility_breakout_signals': [], 'multi_timeframe_momentum_signals': [], 'event_signals': [], 'insurance_signals': [], 'hedge_signals': [], 'top_momentum_assets': []}, 'allocations': {}, 'notes': Full strategy integration. All signals/diagnostics included. No trades/allocations this cycle, but scan and reserves maintained.}
[VictoryBot] scan_results.json written: /Users/nicholaskramer/Downloads/victorychain_stack/runtime/scan_results.json
[VictoryBot] scan_log.jsonl appended: /Users/nicholaskramer/Downloads/victorychain_stack/runtime/scan_log.jsonl
[VictoryBot] Scan results written (forced update).
📊 Executing 0 positions simultaneously...

📊 EXECUTION SUMMARY
=========================
Execution ID: exec_1760198183
Execution time: 0.0 seconds
Target positions: 0
Portfolio fill rate: 0.0%
Portfolio flat: ✅
💾 Report saved: execution_report_exec_1760198183.json
[VictoryBot] Profit target or trailing stop hit for FLOKI/USDT: gain=0.00%, trailing_drop=17.22%. Selling 3985.07...
[VictoryBot] Error in monitor_and_sell_for_profit: 'BTCFreeExecutionEngine' object has no attribute 'execute_order_with_fallback'
[VictoryBot] Available USD balance: 0.0
[VictoryBot] Available USDT balance: 30.93978711
[VictoryBot] All unique quote assets: ['BTC', 'BUSD', 'DAI', 'ETH', 'USD', 'USD4', 'USDC', 'USDT', 'UST']
[VictoryBot] All available tradable USD/USDT-like pairs: ['BTC/USDT', 'ETH/USDT', 'XRP/USDT', 'BCH/USDT', 'LTC/USDT', 'BNB/USDT', 'ADA/USDT', 'BAT/USDT', 'ETC/USDT', 'XLM/USDT', 'ZRX/USDT', 'DOGE/USDT', 'ATOM/USDT', 'NEO/USDT', 'VET/USDT', 'QTUM/USDT', 'ONT/USDT', 'KNC/USDT', 'VTHO/USDT', 'COMP/USDT', 'ONE/USDT', 'BAND/USDT', 'STORJ/USDT', 'UNI/USDT', 'SOL/USDT', 'EGLD/USDT', 'PAXG/USDT', 'OXT/USDT', 'ZEN/USDT', 'BTC/USDC', 'FIL/USDT', 'AAVE/USDT', 'GRT/USDT', 'SHIB/USDT', 'CRV/USDT', 'AXS/USDT', 'AVAX/USDT', 'CTSI/USDT', 'DOT/USDT', 'YFI/USDT', '1INCH/USDT', 'USDC/USDT', 'ETH/USDC', 'MANA/USDT', 'ALGO/USDT', 'LINK/USDT', 'ZEC/USDT', 'ENJ/USDT', 'NEAR/USDT', 'SUSHI/USDT', 'LRC/USDT', 'LPT/USDT', 'NMR/USDT', 'SLP/USDT', 'CHZ/USDT', 'OGN/USDT', 'GALA/USDT', 'TLM/USDT', 'SNX/USDT', 'AUDIO/USDT', 'ENS/USDT', 'REQ/USDT', 'APE/USDT', 'FLUX/USDT', 'COTI/USDT', 'VOXEL/USDT', 'RLC/USDT', 'BICO/USDT', 'API3/USDT', 'BNT/USDT', 'IMX/USDT', 'FLOW/USDT', 'GTC/USDT', 'THETA/USDT', 'TFUEL/USDT', 'OCEAN/USDT', 'LAZIO/USDT', 'SANTOS/USDT', 'ALPINE/USDT', 'PORTO/USDT', 'CELR/USDT', 'SKL/USDT', 'WAXP/USDT', 'LTO/USDT', 'FET/USDT', 'ICP/USDT', 'T/USDT', 'OP/USDT', 'ROSE/USDT', 'CELO/USDT', 'KDA/USDT', 'KSM/USDT', 'ACH/USDT', 'SYS/USDT', 'RAD/USDT', 'ILV/USDT', 'LDO/USDT', 'RARE/USDT', 'LSK/USDT', 'DGB/USDT', 'REEF/USDT', 'ALICE/USDT', 'FORTH/USDT', 'ASTR/USDT', 'BTRST/USDT', 'SAND/USDT', 'GLM/USDT', 'QNT/USDT', 'STG/USDT', 'AXL/USDT', 'KAVA/USDT', 'APT/USDT', 'MASK/USDT', 'BOSON/USDT', 'POND/USDT', 'SOL/USDC', 'ADA/USDC', 'JAM/USDT', 'TRAC/USDT', 'PROM/USDT', 'DIA/USDT', 'LOOM/USDT', 'STMX/USDT', 'BTC/USD', 'ETH/USD', 'BCH/USD', 'LTC/USD', 'USDT/USD', 'BNB/USD', 'ADA/USD', 'ETC/USD', 'XLM/USD', 'LINK/USD', 'RVN/USD', 'ALGO/USD', 'IOTA/USD', 'ATOM/USD', 'ZIL/USD', 'VET/USD', 'HBAR/USD', 'DOGE/USD', 'VTHO/USD', 'USDC/USD', 'ONE/USD', 'UNI/USD', 'SOL/USD', 'AAVE/USD', 'GRT/USD', 'SUSHI/USD', 'CRV/USD', 'AVAX/USD', 'DOT/USD', 'NEAR/USD', 'LPT/USD', 'GALA/USD', 'ENS/USD', 'THETA/USD', 'FET/USD', 'ICP/USD', 'OP/USD', 'KDA/USD', 'DGB/USD', 'SAND/USD', 'SHIB/USD', 'POLYX/USDT', 'IOST/USDT', 'ARB/USDT', 'FLOKI/USDT', 'FLOKI/USD', 'XEC/USDT', 'BLUR/USDT', 'ANKR/USDT', 'DAI/USDT', 'DASH/USDT', 'HBAR/USDT', 'ICX/USDT', 'IOTA/USDT', 'RVN/USDT', 'XNO/USDT', 'XTZ/USDT', 'ZIL/USDT', 'ORBS/USDT', 'ADX/USDT', 'FORT/USDT', 'SUI/USDT', 'ONG/USDT', 'G/USDT', 'RENDER/USDT', 'BONK/USDT', 'MAGIC/USDT', 'PEPE/USDT', 'WIF/USDT', 'IOTX/USDT', 'PNUT/USDT', 'PENGU/USDT', 'POL/USDT', 'TRUMP/USDT', 'NEIRO/USDT', 'SUI/USD', 'XRP/USD', 'BONK/USD', 'PEPE/USD', 'POL/USD', 'RENDER/USD', 'TRUMP/USD', 'EIGEN/USDT', 'ME/USDT', 'ME/USD', 'D/USDT', 'METIS/USDT', 'JUP/USD', 'JUP/USDT', 'S/USD', 'S/USDT', 'JTO/USDT', 'ORCA/USDT', 'DATA/USDT', 'VIRTUAL/USDT', 'AIXBT/USDT', 'KAITO/USDT', 'TURBO/USDT', 'HYPE/USD', 'HYPE/USDT', 'ENA/USDT', 'LAYER/USDT', 'FARTCOIN/USDT', 'SPX/USDT', 'POPCAT/USDT', 'MOODENG/USDT', 'ANIME/USDT', '1000MOG/USDT', 'ONDO/USDT', '1000REKT/USDT', 'XDC/USDT', 'BRETT/USDT', 'WLD/USDT', 'TOSHI/USDT', 'USELESS/USDT', 'A2Z/USDT', 'NOBODY/USDT', 'PUMP/USDT', 'A/USDT', 'MEW/USDT', 'SKY/USDT', 'GIGA/USDT', 'DOOD/USDT']
[VictoryBot] ISO 20022 tradable USD/USDT-like pairs: ['XRP/USDT', 'XLM/USDT', 'ALGO/USDT', 'QNT/USDT', 'XLM/USD', 'ALGO/USD', 'IOTA/USD', 'HBAR/USD', 'HBAR/USDT', 'IOTA/USDT', 'XRP/USD', 'XDC/USDT']
[VictoryBot] Top scored symbols: ['XRP/USDT', 'XRP/USD', 'HBAR/USDT', 'XLM/USDT', 'HBAR/USD', 'ALGO/USDT', 'IOTA/USDT', 'XLM/USD', 'ALGO/USD', 'IOTA/USD']
[VictoryBot] Full scored universe: [('XRP/USDT', 1738506.9334443128, 3477013.88681, -0.09320949281456836, 0.12001440353557573, 0), ('XRP/USD', 540035.7781270536, 1080071.57847, -0.09396120264494197, 0.11386942866283292, 0), ('HBAR/USDT', 187376.3187019556, 374752.72339, -0.150312242823256, 0.01400418965881282, 0), ('XLM/USDT', 140750.20069915045, 281500.4642, -0.11364252780037984, 0.017946058731654703, 0), ('HBAR/USD', 61195.61173240531, 122391.30955, -0.15037812681791737, 0.013805622356127228, 0), ('ALGO/USDT', 50595.940273445085, 101191.9428, -0.11001410437235545, 0.012517842625628429, 0), ('IOTA/USDT', 35474.21704982275, 70948.5249, -0.15701042873696416, 0.011353009116529417, 0), ('XLM/USD', 29365.189253220895, 58730.4125, -0.06534707158351412, 0.017382282473829492, 0), ('ALGO/USD', 13668.298435987957, 27336.6493, -0.09413434247871334, 0.013508604665175452, 0), ('IOTA/USD', 7601.668940491849, 15203.42, -0.14177803602556655, 0.009826017708105355, 0)]
[VictoryBot] Momentum signals: ['XLM/USD', 'XRP/USDT', 'XRP/USD', 'ALGO/USD', 'ALGO/USDT']
[VictoryBot] ML signals: []
[VictoryBot] No open positions. Using available USD/USDT balance: 30.93978711
[VictoryBot] Portfolio sizing diagnostics:
  Investable USD: 27.845808399
  Investable per asset: 27.845808399
  XRP/USDT: ATR=0.1226, liquidity=65387.50, computed size=9.28
    Skipping XRP/USDT: size 9.28 below minimum order size.
[VictoryBot] Skipping reserve asset XRP: no valid tradable symbol or below min order size.
[VictoryBot] Skipping reserve asset HBAR: no valid tradable symbol or below min order size.
[VictoryBot] Skipping reserve asset LINK: no valid tradable symbol or below min order size.
[VictoryBot] Skipping reserve asset XLM: no valid tradable symbol or below min order size.
✅ Portfolio in balance. No rebalancing needed.
[VictoryBot] Final target allocations: {}
🚀 EXECUTING PORTFOLIO LADDER
========================================
[VictoryBot] execute_portfolio_ladder called. long_positions: {}, hedge_positions: {}
[VictoryBot][DEBUG] execute_portfolio_ladder symbols: []
[VictoryBot][DEBUG] run_all_strategies called with symbols: []
[VictoryBot][DEBUG] momentum_signals: []
[VictoryBot][DEBUG] ml_signals: []
[VictoryBot][DEBUG] mean_reversion_signals: []
[VictoryBot][DEBUG] pair_trading_signals: []
[VictoryBot][DEBUG] yield_opportunities: []
[VictoryBot][DEBUG] volatility_breakout_signals: []
[VictoryBot][DEBUG] multi_timeframe_momentum_signals: []
[VictoryBot][DEBUG] event_signals: []
[VictoryBot][DEBUG] insurance_signals: []
[VictoryBot][DEBUG] hedge_signals: []
[VictoryBot][DEBUG] top_momentum_assets: []
[VictoryBot] Writing scan results (forced): {'momentum_signals': [], 'ml_signals': [], 'mean_reversion_signals': [], 'pair_trading_signals': [], 'yield_opportunities': [], 'volatility_breakout_signals': [], 'multi_timeframe_momentum_signals': [], 'event_signals': [], 'insurance_signals': [], 'hedge_signals': [], 'top_momentum_assets': [], 'diagnostics': {'num_symbols': 0, 'timestamp': '2025-10-11T11:57:47.901748'}}
[VictoryBot] write_scan_results called. Data: {'momentum_signals': [], 'ml_signals': [], 'diagnostics': {'num_symbols': 0, 'timestamp': '2025-10-11T11:57:47.901748', 'investable_usd': 0, 'investable_per_asset': 0, 'mean_reversion_signals': [], 'pair_trading_signals': [], 'yield_opportunities': [], 'volatility_breakout_signals': [], 'multi_timeframe_momentum_signals': [], 'event_signals': [], 'insurance_signals': [], 'hedge_signals': [], 'top_momentum_assets': []}, 'allocations': {}, 'notes': Full strategy integration. All signals/diagnostics included. No trades/allocations this cycle, but scan and reserves maintained.}
[VictoryBot] scan_results.json written: /Users/nicholaskramer/Downloads/victorychain_stack/runtime/scan_results.json
[VictoryBot] scan_log.jsonl appended: /Users/nicholaskramer/Downloads/victorychain_stack/runtime/scan_log.jsonl
[VictoryBot] Scan results written (forced update).
📊 Executing 0 positions simultaneously...

📊 EXECUTION SUMMARY
=========================
Execution ID: exec_1760198267
Execution time: 0.0 seconds
Target positions: 0
Portfolio fill rate: 0.0%
Portfolio flat: ✅
💾 Report saved: execution_report_exec_1760198267.json
[VictoryBot] Profit target or trailing stop hit for FLOKI/USDT: gain=0.00%, trailing_drop=4.35%. Selling 3985.07...
[VictoryBot] Error in monitor_and_sell_for_profit: 'BTCFreeExecutionEngine' object has no attribute 'execute_order_with_fallback'
[VictoryBot] Available USD balance: 0.0
[VictoryBot] Available USDT balance: 30.93978711
[VictoryBot] All unique quote assets: ['BTC', 'BUSD', 'DAI', 'ETH', 'USD', 'USD4', 'USDC', 'USDT', 'UST']
[VictoryBot] All available tradable USD/USDT-like pairs: ['BTC/USDT', 'ETH/USDT', 'XRP/USDT', 'BCH/USDT', 'LTC/USDT', 'BNB/USDT', 'ADA/USDT', 'BAT/USDT', 'ETC/USDT', 'XLM/USDT', 'ZRX/USDT', 'DOGE/USDT', 'ATOM/USDT', 'NEO/USDT', 'VET/USDT', 'QTUM/USDT', 'ONT/USDT', 'KNC/USDT', 'VTHO/USDT', 'COMP/USDT', 'ONE/USDT', 'BAND/USDT', 'STORJ/USDT', 'UNI/USDT', 'SOL/USDT', 'EGLD/USDT', 'PAXG/USDT', 'OXT/USDT', 'ZEN/USDT', 'BTC/USDC', 'FIL/USDT', 'AAVE/USDT', 'GRT/USDT', 'SHIB/USDT', 'CRV/USDT', 'AXS/USDT', 'AVAX/USDT', 'CTSI/USDT', 'DOT/USDT', 'YFI/USDT', '1INCH/USDT', 'USDC/USDT', 'ETH/USDC', 'MANA/USDT', 'ALGO/USDT', 'LINK/USDT', 'ZEC/USDT', 'ENJ/USDT', 'NEAR/USDT', 'SUSHI/USDT', 'LRC/USDT', 'LPT/USDT', 'NMR/USDT', 'SLP/USDT', 'CHZ/USDT', 'OGN/USDT', 'GALA/USDT', 'TLM/USDT', 'SNX/USDT', 'AUDIO/USDT', 'ENS/USDT', 'REQ/USDT', 'APE/USDT', 'FLUX/USDT', 'COTI/USDT', 'VOXEL/USDT', 'RLC/USDT', 'BICO/USDT', 'API3/USDT', 'BNT/USDT', 'IMX/USDT', 'FLOW/USDT', 'GTC/USDT', 'THETA/USDT', 'TFUEL/USDT', 'OCEAN/USDT', 'LAZIO/USDT', 'SANTOS/USDT', 'ALPINE/USDT', 'PORTO/USDT', 'CELR/USDT', 'SKL/USDT', 'WAXP/USDT', 'LTO/USDT', 'FET/USDT', 'ICP/USDT', 'T/USDT', 'OP/USDT', 'ROSE/USDT', 'CELO/USDT', 'KDA/USDT', 'KSM/USDT', 'ACH/USDT', 'SYS/USDT', 'RAD/USDT', 'ILV/USDT', 'LDO/USDT', 'RARE/USDT', 'LSK/USDT', 'DGB/USDT', 'REEF/USDT', 'ALICE/USDT', 'FORTH/USDT', 'ASTR/USDT', 'BTRST/USDT', 'SAND/USDT', 'GLM/USDT', 'QNT/USDT', 'STG/USDT', 'AXL/USDT', 'KAVA/USDT', 'APT/USDT', 'MASK/USDT', 'BOSON/USDT', 'POND/USDT', 'SOL/USDC', 'ADA/USDC', 'JAM/USDT', 'TRAC/USDT', 'PROM/USDT', 'DIA/USDT', 'LOOM/USDT', 'STMX/USDT', 'BTC/USD', 'ETH/USD', 'BCH/USD', 'LTC/USD', 'USDT/USD', 'BNB/USD', 'ADA/USD', 'ETC/USD', 'XLM/USD', 'LINK/USD', 'RVN/USD', 'ALGO/USD', 'IOTA/USD', 'ATOM/USD', 'ZIL/USD', 'VET/USD', 'HBAR/USD', 'DOGE/USD', 'VTHO/USD', 'USDC/USD', 'ONE/USD', 'UNI/USD', 'SOL/USD', 'AAVE/USD', 'GRT/USD', 'SUSHI/USD', 'CRV/USD', 'AVAX/USD', 'DOT/USD', 'NEAR/USD', 'LPT/USD', 'GALA/USD', 'ENS/USD', 'THETA/USD', 'FET/USD', 'ICP/USD', 'OP/USD', 'KDA/USD', 'DGB/USD', 'SAND/USD', 'SHIB/USD', 'POLYX/USDT', 'IOST/USDT', 'ARB/USDT', 'FLOKI/USDT', 'FLOKI/USD', 'XEC/USDT', 'BLUR/USDT', 'ANKR/USDT', 'DAI/USDT', 'DASH/USDT', 'HBAR/USDT', 'ICX/USDT', 'IOTA/USDT', 'RVN/USDT', 'XNO/USDT', 'XTZ/USDT', 'ZIL/USDT', 'ORBS/USDT', 'ADX/USDT', 'FORT/USDT', 'SUI/USDT', 'ONG/USDT', 'G/USDT', 'RENDER/USDT', 'BONK/USDT', 'MAGIC/USDT', 'PEPE/USDT', 'WIF/USDT', 'IOTX/USDT', 'PNUT/USDT', 'PENGU/USDT', 'POL/USDT', 'TRUMP/USDT', 'NEIRO/USDT', 'SUI/USD', 'XRP/USD', 'BONK/USD', 'PEPE/USD', 'POL/USD', 'RENDER/USD', 'TRUMP/USD', 'EIGEN/USDT', 'ME/USDT', 'ME/USD', 'D/USDT', 'METIS/USDT', 'JUP/USD', 'JUP/USDT', 'S/USD', 'S/USDT', 'JTO/USDT', 'ORCA/USDT', 'DATA/USDT', 'VIRTUAL/USDT', 'AIXBT/USDT', 'KAITO/USDT', 'TURBO/USDT', 'HYPE/USD', 'HYPE/USDT', 'ENA/USDT', 'LAYER/USDT', 'FARTCOIN/USDT', 'SPX/USDT', 'POPCAT/USDT', 'MOODENG/USDT', 'ANIME/USDT', '1000MOG/USDT', 'ONDO/USDT', '1000REKT/USDT', 'XDC/USDT', 'BRETT/USDT', 'WLD/USDT', 'TOSHI/USDT', 'USELESS/USDT', 'A2Z/USDT', 'NOBODY/USDT', 'PUMP/USDT', 'A/USDT', 'MEW/USDT', 'SKY/USDT', 'GIGA/USDT', 'DOOD/USDT']
[VictoryBot] ISO 20022 tradable USD/USDT-like pairs: ['XRP/USDT', 'XLM/USDT', 'ALGO/USDT', 'QNT/USDT', 'XLM/USD', 'ALGO/USD', 'IOTA/USD', 'HBAR/USD', 'HBAR/USDT', 'IOTA/USDT', 'XRP/USD', 'XDC/USDT']
[VictoryBot] Top scored symbols: ['XRP/USDT', 'XRP/USD', 'HBAR/USDT', 'XLM/USDT', 'HBAR/USD', 'ALGO/USDT', 'IOTA/USDT', 'XLM/USD', 'ALGO/USD', 'IOTA/USD']
[VictoryBot] Full scored universe: [('XRP/USDT', 1738506.9334443128, 3477013.88681, -0.09320949281456836, 0.12001440353557573, 0), ('XRP/USD', 540035.7781270536, 1080071.57847, -0.09396120264494197, 0.11386942866283292, 0), ('HBAR/USDT', 187331.1736669556, 374662.43332, -0.150312242823256, 0.01400418965881282, 0), ('XLM/USDT', 140750.20069915045, 281500.4642, -0.11364252780037984, 0.017946058731654703, 0), ('HBAR/USD', 61150.27825740531, 122300.6426, -0.15037812681791737, 0.013805622356127228, 0), ('ALGO/USDT', 50595.940273445085, 101191.9428, -0.11001410437235545, 0.012517842625628429, 0), ('IOTA/USDT', 35740.118299822745, 71480.3274, -0.15701042873696416, 0.011353009116529417, 0), ('XLM/USD', 24365.183253220897, 48730.4005, -0.06534707158351412, 0.017382282473829492, 0), ('ALGO/USD', 13668.298435987957, 27336.6493, -0.09413434247871334, 0.013508604665175452, 0), ('IOTA/USD', 7601.668940491849, 15203.42, -0.14177803602556655, 0.009826017708105355, 0)]
[VictoryBot] Momentum signals: ['XLM/USD', 'XRP/USDT', 'XRP/USD', 'ALGO/USD', 'ALGO/USDT']
[VictoryBot] ML signals: []
[VictoryBot] No open positions. Using available USD/USDT balance: 30.93978711
[VictoryBot] Portfolio sizing diagnostics:
  Investable USD: 27.845808399
  Investable per asset: 27.845808399
  XRP/USDT: ATR=0.1226, liquidity=62936.60, computed size=9.28
    Skipping XRP/USDT: size 9.28 below minimum order size.
[VictoryBot] Skipping reserve asset XRP: no valid tradable symbol or below min order size.
[VictoryBot] Skipping reserve asset HBAR: no valid tradable symbol or below min order size.
[VictoryBot] Skipping reserve asset LINK: no valid tradable symbol or below min order size.
[VictoryBot] Skipping reserve asset XLM: no valid tradable symbol or below min order size.
✅ Portfolio in balance. No rebalancing needed.
[VictoryBot] Final target allocations: {}
🚀 EXECUTING PORTFOLIO LADDER
========================================
[VictoryBot] execute_portfolio_ladder called. long_positions: {}, hedge_positions: {}
[VictoryBot][DEBUG] execute_portfolio_ladder symbols: []
[VictoryBot][DEBUG] run_all_strategies called with symbols: []
[VictoryBot][DEBUG] momentum_signals: []
[VictoryBot][DEBUG] ml_signals: []
[VictoryBot][DEBUG] mean_reversion_signals: []
[VictoryBot][DEBUG] pair_trading_signals: []
[VictoryBot][DEBUG] yield_opportunities: []
[VictoryBot][DEBUG] volatility_breakout_signals: []
[VictoryBot][DEBUG] multi_timeframe_momentum_signals: []
[VictoryBot][DEBUG] event_signals: []
[VictoryBot][DEBUG] insurance_signals: []
[VictoryBot][DEBUG] hedge_signals: []
[VictoryBot][DEBUG] top_momentum_assets: []
[VictoryBot] Writing scan results (forced): {'momentum_signals': [], 'ml_signals': [], 'mean_reversion_signals': [], 'pair_trading_signals': [], 'yield_opportunities': [], 'volatility_breakout_signals': [], 'multi_timeframe_momentum_signals': [], 'event_signals': [], 'insurance_signals': [], 'hedge_signals': [], 'top_momentum_assets': [], 'diagnostics': {'num_symbols': 0, 'timestamp': '2025-10-11T11:59:13.071399'}}
[VictoryBot] write_scan_results called. Data: {'momentum_signals': [], 'ml_signals': [], 'diagnostics': {'num_symbols': 0, 'timestamp': '2025-10-11T11:59:13.071399', 'investable_usd': 0, 'investable_per_asset': 0, 'mean_reversion_signals': [], 'pair_trading_signals': [], 'yield_opportunities': [], 'volatility_breakout_signals': [], 'multi_timeframe_momentum_signals': [], 'event_signals': [], 'insurance_signals': [], 'hedge_signals': [], 'top_momentum_assets': []}, 'allocations': {}, 'notes': Full strategy integration. All signals/diagnostics included. No trades/allocations this cycle, but scan and reserves maintained.}
[VictoryBot] scan_results.json written: /Users/nicholaskramer/Downloads/victorychain_stack/runtime/scan_results.json
[VictoryBot] scan_log.jsonl appended: /Users/nicholaskramer/Downloads/victorychain_stack/runtime/scan_log.jsonl
[VictoryBot] Scan results written (forced update).
📊 Executing 0 positions simultaneously...

📊 EXECUTION SUMMARY
=========================
Execution ID: exec_1760198353
Execution time: 0.0 seconds
Target positions: 0
Portfolio fill rate: 0.0%
Portfolio flat: ✅
💾 Report saved: execution_report_exec_1760198353.json
[VictoryBot] Profit target or trailing stop hit for FLOKI/USDT: gain=0.00%, trailing_drop=4.35%. Selling 3985.07...
[VictoryBot] Error in monitor_and_sell_for_profit: 'BTCFreeExecutionEngine' object has no attribute 'execute_order_with_fallback'
[VictoryBot] Available USD balance: 0.0
[VictoryBot] Available USDT balance: 30.93978711
[VictoryBot] All unique quote assets: ['BTC', 'BUSD', 'DAI', 'ETH', 'USD', 'USD4', 'USDC', 'USDT', 'UST']
[VictoryBot] All available tradable USD/USDT-like pairs: ['BTC/USDT', 'ETH/USDT', 'XRP/USDT', 'BCH/USDT', 'LTC/USDT', 'BNB/USDT', 'ADA/USDT', 'BAT/USDT', 'ETC/USDT', 'XLM/USDT', 'ZRX/USDT', 'DOGE/USDT', 'ATOM/USDT', 'NEO/USDT', 'VET/USDT', 'QTUM/USDT', 'ONT/USDT', 'KNC/USDT', 'VTHO/USDT', 'COMP/USDT', 'ONE/USDT', 'BAND/USDT', 'STORJ/USDT', 'UNI/USDT', 'SOL/USDT', 'EGLD/USDT', 'PAXG/USDT', 'OXT/USDT', 'ZEN/USDT', 'BTC/USDC', 'FIL/USDT', 'AAVE/USDT', 'GRT/USDT', 'SHIB/USDT', 'CRV/USDT', 'AXS/USDT', 'AVAX/USDT', 'CTSI/USDT', 'DOT/USDT', 'YFI/USDT', '1INCH/USDT', 'USDC/USDT', 'ETH/USDC', 'MANA/USDT', 'ALGO/USDT', 'LINK/USDT', 'ZEC/USDT', 'ENJ/USDT', 'NEAR/USDT', 'SUSHI/USDT', 'LRC/USDT', 'LPT/USDT', 'NMR/USDT', 'SLP/USDT', 'CHZ/USDT', 'OGN/USDT', 'GALA/USDT', 'TLM/USDT', 'SNX/USDT', 'AUDIO/USDT', 'ENS/USDT', 'REQ/USDT', 'APE/USDT', 'FLUX/USDT', 'COTI/USDT', 'VOXEL/USDT', 'RLC/USDT', 'BICO/USDT', 'API3/USDT', 'BNT/USDT', 'IMX/USDT', 'FLOW/USDT', 'GTC/USDT', 'THETA/USDT', 'TFUEL/USDT', 'OCEAN/USDT', 'LAZIO/USDT', 'SANTOS/USDT', 'ALPINE/USDT', 'PORTO/USDT', 'CELR/USDT', 'SKL/USDT', 'WAXP/USDT', 'LTO/USDT', 'FET/USDT', 'ICP/USDT', 'T/USDT', 'OP/USDT', 'ROSE/USDT', 'CELO/USDT', 'KDA/USDT', 'KSM/USDT', 'ACH/USDT', 'SYS/USDT', 'RAD/USDT', 'ILV/USDT', 'LDO/USDT', 'RARE/USDT', 'LSK/USDT', 'DGB/USDT', 'REEF/USDT', 'ALICE/USDT', 'FORTH/USDT', 'ASTR/USDT', 'BTRST/USDT', 'SAND/USDT', 'GLM/USDT', 'QNT/USDT', 'STG/USDT', 'AXL/USDT', 'KAVA/USDT', 'APT/USDT', 'MASK/USDT', 'BOSON/USDT', 'POND/USDT', 'SOL/USDC', 'ADA/USDC', 'JAM/USDT', 'TRAC/USDT', 'PROM/USDT', 'DIA/USDT', 'LOOM/USDT', 'STMX/USDT', 'BTC/USD', 'ETH/USD', 'BCH/USD', 'LTC/USD', 'USDT/USD', 'BNB/USD', 'ADA/USD', 'ETC/USD', 'XLM/USD', 'LINK/USD', 'RVN/USD', 'ALGO/USD', 'IOTA/USD', 'ATOM/USD', 'ZIL/USD', 'VET/USD', 'HBAR/USD', 'DOGE/USD', 'VTHO/USD', 'USDC/USD', 'ONE/USD', 'UNI/USD', 'SOL/USD', 'AAVE/USD', 'GRT/USD', 'SUSHI/USD', 'CRV/USD', 'AVAX/USD', 'DOT/USD', 'NEAR/USD', 'LPT/USD', 'GALA/USD', 'ENS/USD', 'THETA/USD', 'FET/USD', 'ICP/USD', 'OP/USD', 'KDA/USD', 'DGB/USD', 'SAND/USD', 'SHIB/USD', 'POLYX/USDT', 'IOST/USDT', 'ARB/USDT', 'FLOKI/USDT', 'FLOKI/USD', 'XEC/USDT', 'BLUR/USDT', 'ANKR/USDT', 'DAI/USDT', 'DASH/USDT', 'HBAR/USDT', 'ICX/USDT', 'IOTA/USDT', 'RVN/USDT', 'XNO/USDT', 'XTZ/USDT', 'ZIL/USDT', 'ORBS/USDT', 'ADX/USDT', 'FORT/USDT', 'SUI/USDT', 'ONG/USDT', 'G/USDT', 'RENDER/USDT', 'BONK/USDT', 'MAGIC/USDT', 'PEPE/USDT', 'WIF/USDT', 'IOTX/USDT', 'PNUT/USDT', 'PENGU/USDT', 'POL/USDT', 'TRUMP/USDT', 'NEIRO/USDT', 'SUI/USD', 'XRP/USD', 'BONK/USD', 'PEPE/USD', 'POL/USD', 'RENDER/USD', 'TRUMP/USD', 'EIGEN/USDT', 'ME/USDT', 'ME/USD', 'D/USDT', 'METIS/USDT', 'JUP/USD', 'JUP/USDT', 'S/USD', 'S/USDT', 'JTO/USDT', 'ORCA/USDT', 'DATA/USDT', 'VIRTUAL/USDT', 'AIXBT/USDT', 'KAITO/USDT', 'TURBO/USDT', 'HYPE/USD', 'HYPE/USDT', 'ENA/USDT', 'LAYER/USDT', 'FARTCOIN/USDT', 'SPX/USDT', 'POPCAT/USDT', 'MOODENG/USDT', 'ANIME/USDT', '1000MOG/USDT', 'ONDO/USDT', '1000REKT/USDT', 'XDC/USDT', 'BRETT/USDT', 'WLD/USDT', 'TOSHI/USDT', 'USELESS/USDT', 'A2Z/USDT', 'NOBODY/USDT', 'PUMP/USDT', 'A/USDT', 'MEW/USDT', 'SKY/USDT', 'GIGA/USDT', 'DOOD/USDT']
[VictoryBot] ISO 20022 tradable USD/USDT-like pairs: ['XRP/USDT', 'XLM/USDT', 'ALGO/USDT', 'QNT/USDT', 'XLM/USD', 'ALGO/USD', 'IOTA/USD', 'HBAR/USD', 'HBAR/USDT', 'IOTA/USDT', 'XRP/USD', 'XDC/USDT']
[VictoryBot] Top scored symbols: ['XRP/USDT', 'XRP/USD', 'HBAR/USDT', 'XLM/USDT', 'HBAR/USD', 'ALGO/USDT', 'IOTA/USDT', 'XLM/USD', 'ALGO/USD', 'IOTA/USD']
[VictoryBot] Full scored universe: [('XRP/USDT', 1738506.9322009962, 3477013.88681, -0.09188120262203835, 0.10906904572792414, 0), ('XRP/USD', 540035.7772567308, 1080071.57847, -0.09153846153846146, 0.10322179490785847, 0), ('HBAR/USDT', 187331.1731301939, 374662.43332, -0.1515034322730348, 0.012808157088355839, 0), ('XLM/USDT', 140750.2013390272, 281500.4642, -0.11074829931972793, 0.016423446654097913, 0), ('HBAR/USD', 61021.352819047526, 122042.7926, -0.1512832929782082, 0.012693569433378462, 0), ('ALGO/USDT', 50569.67370642984, 101139.4059, -0.10326859308384657, 0.011580051813355587, 0), ('IOTA/USDT', 35747.24621475396, 71494.5864, -0.16186635944700467, 0.010497745281725977, 0), ('XLM/USD', 24365.1824241228, 48730.4005, -0.0676223965377332, 0.016405611722822164, 0), ('ALGO/USD', 13668.293527437738, 27336.6493, -0.11013011152416356, 0.01277647463113358, 0), ('IOTA/USD', 7601.6688352403535, 15203.42, -0.14177803602556655, 0.0091243410720994, 0)]
[VictoryBot] Momentum signals: ['XLM/USD', 'XRP/USD', 'XRP/USDT', 'ALGO/USDT', 'ALGO/USD']
[VictoryBot] ML signals: []
[VictoryBot] No open positions. Using available USD/USDT balance: 30.93978711
[VictoryBot] Portfolio sizing diagnostics:
  Investable USD: 27.845808399
  Investable per asset: 27.845808399
  XRP/USDT: ATR=0.0874, liquidity=64933.20, computed size=9.28
    Skipping XRP/USDT: size 9.28 below minimum order size.
[VictoryBot] Skipping reserve asset XRP: no valid tradable symbol or below min order size.
[VictoryBot] Skipping reserve asset HBAR: no valid tradable symbol or below min order size.
[VictoryBot] Skipping reserve asset LINK: no valid tradable symbol or below min order size.
[VictoryBot] Skipping reserve asset XLM: no valid tradable symbol or below min order size.
✅ Portfolio in balance. No rebalancing needed.
[VictoryBot] Final target allocations: {}
🚀 EXECUTING PORTFOLIO LADDER
========================================
[VictoryBot] execute_portfolio_ladder called. long_positions: {}, hedge_positions: {}
[VictoryBot][DEBUG] execute_portfolio_ladder symbols: []
[VictoryBot][DEBUG] run_all_strategies called with symbols: []
[VictoryBot][DEBUG] momentum_signals: []
[VictoryBot][DEBUG] ml_signals: []
[VictoryBot][DEBUG] mean_reversion_signals: []
[VictoryBot][DEBUG] pair_trading_signals: []
[VictoryBot][DEBUG] yield_opportunities: []
[VictoryBot][DEBUG] volatility_breakout_signals: []
[VictoryBot][DEBUG] multi_timeframe_momentum_signals: []
[VictoryBot][DEBUG] event_signals: []
[VictoryBot][DEBUG] insurance_signals: []
[VictoryBot][DEBUG] hedge_signals: []
[VictoryBot][DEBUG] top_momentum_assets: []
[VictoryBot] Writing scan results (forced): {'momentum_signals': [], 'ml_signals': [], 'mean_reversion_signals': [], 'pair_trading_signals': [], 'yield_opportunities': [], 'volatility_breakout_signals': [], 'multi_timeframe_momentum_signals': [], 'event_signals': [], 'insurance_signals': [], 'hedge_signals': [], 'top_momentum_assets': [], 'diagnostics': {'num_symbols': 0, 'timestamp': '2025-10-11T12:00:37.293611'}}
[VictoryBot] write_scan_results called. Data: {'momentum_signals': [], 'ml_signals': [], 'diagnostics': {'num_symbols': 0, 'timestamp': '2025-10-11T12:00:37.293611', 'investable_usd': 0, 'investable_per_asset': 0, 'mean_reversion_signals': [], 'pair_trading_signals': [], 'yield_opportunities': [], 'volatility_breakout_signals': [], 'multi_timeframe_momentum_signals': [], 'event_signals': [], 'insurance_signals': [], 'hedge_signals': [], 'top_momentum_assets': []}, 'allocations': {}, 'notes': Full strategy integration. All signals/diagnostics included. No trades/allocations this cycle, but scan and reserves maintained.}
[VictoryBot] scan_results.json written: /Users/nicholaskramer/Downloads/victorychain_stack/runtime/scan_results.json
[VictoryBot] scan_log.jsonl appended: /Users/nicholaskramer/Downloads/victorychain_stack/runtime/scan_log.jsonl
[VictoryBot] Scan results written (forced update).
📊 Executing 0 positions simultaneously...

📊 EXECUTION SUMMARY
=========================
Execution ID: exec_1760198437
Execution time: 0.0 seconds
Target positions: 0
Portfolio fill rate: 0.0%
Portfolio flat: ✅
💾 Report saved: execution_report_exec_1760198437.json
[VictoryBot] Profit target or trailing stop hit for FLOKI/USDT: gain=0.00%, trailing_drop=4.35%. Selling 3985.07...
[VictoryBot] Error in monitor_and_sell_for_profit: 'BTCFreeExecutionEngine' object has no attribute 'execute_order_with_fallback'
[VictoryBot] Available USD balance: 0.0
[VictoryBot] Available USDT balance: 30.93978711
[VictoryBot] All unique quote assets: ['BTC', 'BUSD', 'DAI', 'ETH', 'USD', 'USD4', 'USDC', 'USDT', 'UST']
[VictoryBot] All available tradable USD/USDT-like pairs: ['BTC/USDT', 'ETH/USDT', 'XRP/USDT', 'BCH/USDT', 'LTC/USDT', 'BNB/USDT', 'ADA/USDT', 'BAT/USDT', 'ETC/USDT', 'XLM/USDT', 'ZRX/USDT', 'DOGE/USDT', 'ATOM/USDT', 'NEO/USDT', 'VET/USDT', 'QTUM/USDT', 'ONT/USDT', 'KNC/USDT', 'VTHO/USDT', 'COMP/USDT', 'ONE/USDT', 'BAND/USDT', 'STORJ/USDT', 'UNI/USDT', 'SOL/USDT', 'EGLD/USDT', 'PAXG/USDT', 'OXT/USDT', 'ZEN/USDT', 'BTC/USDC', 'FIL/USDT', 'AAVE/USDT', 'GRT/USDT', 'SHIB/USDT', 'CRV/USDT', 'AXS/USDT', 'AVAX/USDT', 'CTSI/USDT', 'DOT/USDT', 'YFI/USDT', '1INCH/USDT', 'USDC/USDT', 'ETH/USDC', 'MANA/USDT', 'ALGO/USDT', 'LINK/USDT', 'ZEC/USDT', 'ENJ/USDT', 'NEAR/USDT', 'SUSHI/USDT', 'LRC/USDT', 'LPT/USDT', 'NMR/USDT', 'SLP/USDT', 'CHZ/USDT', 'OGN/USDT', 'GALA/USDT', 'TLM/USDT', 'SNX/USDT', 'AUDIO/USDT', 'ENS/USDT', 'REQ/USDT', 'APE/USDT', 'FLUX/USDT', 'COTI/USDT', 'VOXEL/USDT', 'RLC/USDT', 'BICO/USDT', 'API3/USDT', 'BNT/USDT', 'IMX/USDT', 'FLOW/USDT', 'GTC/USDT', 'THETA/USDT', 'TFUEL/USDT', 'OCEAN/USDT', 'LAZIO/USDT', 'SANTOS/USDT', 'ALPINE/USDT', 'PORTO/USDT', 'CELR/USDT', 'SKL/USDT', 'WAXP/USDT', 'LTO/USDT', 'FET/USDT', 'ICP/USDT', 'T/USDT', 'OP/USDT', 'ROSE/USDT', 'CELO/USDT', 'KDA/USDT', 'KSM/USDT', 'ACH/USDT', 'SYS/USDT', 'RAD/USDT', 'ILV/USDT', 'LDO/USDT', 'RARE/USDT', 'LSK/USDT', 'DGB/USDT', 'REEF/USDT', 'ALICE/USDT', 'FORTH/USDT', 'ASTR/USDT', 'BTRST/USDT', 'SAND/USDT', 'GLM/USDT', 'QNT/USDT', 'STG/USDT', 'AXL/USDT', 'KAVA/USDT', 'APT/USDT', 'MASK/USDT', 'BOSON/USDT', 'POND/USDT', 'SOL/USDC', 'ADA/USDC', 'JAM/USDT', 'TRAC/USDT', 'PROM/USDT', 'DIA/USDT', 'LOOM/USDT', 'STMX/USDT', 'BTC/USD', 'ETH/USD', 'BCH/USD', 'LTC/USD', 'USDT/USD', 'BNB/USD', 'ADA/USD', 'ETC/USD', 'XLM/USD', 'LINK/USD', 'RVN/USD', 'ALGO/USD', 'IOTA/USD', 'ATOM/USD', 'ZIL/USD', 'VET/USD', 'HBAR/USD', 'DOGE/USD', 'VTHO/USD', 'USDC/USD', 'ONE/USD', 'UNI/USD', 'SOL/USD', 'AAVE/USD', 'GRT/USD', 'SUSHI/USD', 'CRV/USD', 'AVAX/USD', 'DOT/USD', 'NEAR/USD', 'LPT/USD', 'GALA/USD', 'ENS/USD', 'THETA/USD', 'FET/USD', 'ICP/USD', 'OP/USD', 'KDA/USD', 'DGB/USD', 'SAND/USD', 'SHIB/USD', 'POLYX/USDT', 'IOST/USDT', 'ARB/USDT', 'FLOKI/USDT', 'FLOKI/USD', 'XEC/USDT', 'BLUR/USDT', 'ANKR/USDT', 'DAI/USDT', 'DASH/USDT', 'HBAR/USDT', 'ICX/USDT', 'IOTA/USDT', 'RVN/USDT', 'XNO/USDT', 'XTZ/USDT', 'ZIL/USDT', 'ORBS/USDT', 'ADX/USDT', 'FORT/USDT', 'SUI/USDT', 'ONG/USDT', 'G/USDT', 'RENDER/USDT', 'BONK/USDT', 'MAGIC/USDT', 'PEPE/USDT', 'WIF/USDT', 'IOTX/USDT', 'PNUT/USDT', 'PENGU/USDT', 'POL/USDT', 'TRUMP/USDT', 'NEIRO/USDT', 'SUI/USD', 'XRP/USD', 'BONK/USD', 'PEPE/USD', 'POL/USD', 'RENDER/USD', 'TRUMP/USD', 'EIGEN/USDT', 'ME/USDT', 'ME/USD', 'D/USDT', 'METIS/USDT', 'JUP/USD', 'JUP/USDT', 'S/USD', 'S/USDT', 'JTO/USDT', 'ORCA/USDT', 'DATA/USDT', 'VIRTUAL/USDT', 'AIXBT/USDT', 'KAITO/USDT', 'TURBO/USDT', 'HYPE/USD', 'HYPE/USDT', 'ENA/USDT', 'LAYER/USDT', 'FARTCOIN/USDT', 'SPX/USDT', 'POPCAT/USDT', 'MOODENG/USDT', 'ANIME/USDT', '1000MOG/USDT', 'ONDO/USDT', '1000REKT/USDT', 'XDC/USDT', 'BRETT/USDT', 'WLD/USDT', 'TOSHI/USDT', 'USELESS/USDT', 'A2Z/USDT', 'NOBODY/USDT', 'PUMP/USDT', 'A/USDT', 'MEW/USDT', 'SKY/USDT', 'GIGA/USDT', 'DOOD/USDT']
[VictoryBot] ISO 20022 tradable USD/USDT-like pairs: ['XRP/USDT', 'XLM/USDT', 'ALGO/USDT', 'QNT/USDT', 'XLM/USD', 'ALGO/USD', 'IOTA/USD', 'HBAR/USD', 'HBAR/USDT', 'IOTA/USDT', 'XRP/USD', 'XDC/USDT']
[VictoryBot] Top scored symbols: ['XRP/USDT', 'XRP/USD', 'HBAR/USDT', 'XLM/USDT', 'HBAR/USD', 'ALGO/USDT', 'IOTA/USDT', 'XLM/USD', 'ALGO/USD', 'IOTA/USD']
[VictoryBot] Full scored universe: [('XRP/USDT', 1738439.5143549014, 3476879.05081, -0.09136851356794971, 0.10906970292432268, 0), ('XRP/USD', 539985.8215317308, 1079971.66702, -0.09153846153846146, 0.10322179490785847, 0), ('HBAR/USDT', 187331.1731301939, 374662.43332, -0.1515034322730348, 0.012808157088355839, 0), ('XLM/USDT', 139750.2338390272, 279500.5292, -0.11074829931972793, 0.016423446654097913, 0), ('HBAR/USD', 61021.352819047526, 122042.7926, -0.1512832929782082, 0.012693569433378462, 0), ('ALGO/USDT', 50539.40685642984, 101078.8722, -0.10326859308384657, 0.011580051813355587, 0), ('IOTA/USDT', 35747.24621475396, 71494.5864, -0.16186635944700467, 0.010497745281725977, 0), ('XLM/USD', 24365.1824241228, 48730.4005, -0.0676223965377332, 0.016405611722822164, 0), ('ALGO/USD', 13668.293527437738, 27336.6493, -0.11013011152416356, 0.01277647463113358, 0), ('IOTA/USD', 7601.6688352403535, 15203.42, -0.14177803602556655, 0.0091243410720994, 0)]
[VictoryBot] Momentum signals: ['XLM/USD', 'XRP/USDT', 'XRP/USD', 'ALGO/USDT', 'ALGO/USD']
[VictoryBot] ML signals: []
[VictoryBot] No open positions. Using available USD/USDT balance: 30.93978711
[VictoryBot] Portfolio sizing diagnostics:
  Investable USD: 27.845808399
  Investable per asset: 27.845808399
  XRP/USDT: ATR=0.0874, liquidity=55025.10, computed size=9.28
    Skipping XRP/USDT: size 9.28 below minimum order size.
[VictoryBot] Skipping reserve asset XRP: no valid tradable symbol or below min order size.
[VictoryBot] Skipping reserve asset HBAR: no valid tradable symbol or below min order size.
[VictoryBot] Skipping reserve asset LINK: no valid tradable symbol or below min order size.
[VictoryBot] Skipping reserve asset XLM: no valid tradable symbol or below min order size.
✅ Portfolio in balance. No rebalancing needed.
[VictoryBot] Final target allocations: {}
🚀 EXECUTING PORTFOLIO LADDER
========================================
[VictoryBot] execute_portfolio_ladder called. long_positions: {}, hedge_positions: {}
[VictoryBot][DEBUG] execute_portfolio_ladder symbols: []
[VictoryBot][DEBUG] run_all_strategies called with symbols: []
[VictoryBot][DEBUG] momentum_signals: []
[VictoryBot][DEBUG] ml_signals: []
[VictoryBot][DEBUG] mean_reversion_signals: []
[VictoryBot][DEBUG] pair_trading_signals: []
[VictoryBot][DEBUG] yield_opportunities: []
[VictoryBot][DEBUG] volatility_breakout_signals: []
[VictoryBot][DEBUG] multi_timeframe_momentum_signals: []
[VictoryBot][DEBUG] event_signals: []
[VictoryBot][DEBUG] insurance_signals: []
[VictoryBot][DEBUG] hedge_signals: []
[VictoryBot][DEBUG] top_momentum_assets: []
[VictoryBot] Writing scan results (forced): {'momentum_signals': [], 'ml_signals': [], 'mean_reversion_signals': [], 'pair_trading_signals': [], 'yield_opportunities': [], 'volatility_breakout_signals': [], 'multi_timeframe_momentum_signals': [], 'event_signals': [], 'insurance_signals': [], 'hedge_signals': [], 'top_momentum_assets': [], 'diagnostics': {'num_symbols': 0, 'timestamp': '2025-10-11T12:02:01.646837'}}
[VictoryBot] write_scan_results called. Data: {'momentum_signals': [], 'ml_signals': [], 'diagnostics': {'num_symbols': 0, 'timestamp': '2025-10-11T12:02:01.646837', 'investable_usd': 0, 'investable_per_asset': 0, 'mean_reversion_signals': [], 'pair_trading_signals': [], 'yield_opportunities': [], 'volatility_breakout_signals': [], 'multi_timeframe_momentum_signals': [], 'event_signals': [], 'insurance_signals': [], 'hedge_signals': [], 'top_momentum_assets': []}, 'allocations': {}, 'notes': Full strategy integration. All signals/diagnostics included. No trades/allocations this cycle, but scan and reserves maintained.}
[VictoryBot] scan_results.json written: /Users/nicholaskramer/Downloads/victorychain_stack/runtime/scan_results.json
[VictoryBot] scan_log.jsonl appended: /Users/nicholaskramer/Downloads/victorychain_stack/runtime/scan_log.jsonl
[VictoryBot] Scan results written (forced update).
📊 Executing 0 positions simultaneously...

📊 EXECUTION SUMMARY
=========================
Execution ID: exec_1760198521
Execution time: 0.0 seconds
Target positions: 0
Portfolio fill rate: 0.0%
Portfolio flat: ✅
💾 Report saved: execution_report_exec_1760198521.json
[VictoryBot] Profit target or trailing stop hit for FLOKI/USDT: gain=0.00%, trailing_drop=4.35%. Selling 3985.07...
[VictoryBot] Error in monitor_and_sell_for_profit: 'BTCFreeExecutionEngine' object has no attribute 'execute_order_with_fallback'
[VictoryBot] Available USD balance: 0.0
[VictoryBot] Available USDT balance: 30.93978711
[VictoryBot] All unique quote assets: ['BTC', 'BUSD', 'DAI', 'ETH', 'USD', 'USD4', 'USDC', 'USDT', 'UST']
[VictoryBot] All available tradable USD/USDT-like pairs: ['BTC/USDT', 'ETH/USDT', 'XRP/USDT', 'BCH/USDT', 'LTC/USDT', 'BNB/USDT', 'ADA/USDT', 'BAT/USDT', 'ETC/USDT', 'XLM/USDT', 'ZRX/USDT', 'DOGE/USDT', 'ATOM/USDT', 'NEO/USDT', 'VET/USDT', 'QTUM/USDT', 'ONT/USDT', 'KNC/USDT', 'VTHO/USDT', 'COMP/USDT', 'ONE/USDT', 'BAND/USDT', 'STORJ/USDT', 'UNI/USDT', 'SOL/USDT', 'EGLD/USDT', 'PAXG/USDT', 'OXT/USDT', 'ZEN/USDT', 'BTC/USDC', 'FIL/USDT', 'AAVE/USDT', 'GRT/USDT', 'SHIB/USDT', 'CRV/USDT', 'AXS/USDT', 'AVAX/USDT', 'CTSI/USDT', 'DOT/USDT', 'YFI/USDT', '1INCH/USDT', 'USDC/USDT', 'ETH/USDC', 'MANA/USDT', 'ALGO/USDT', 'LINK/USDT', 'ZEC/USDT', 'ENJ/USDT', 'NEAR/USDT', 'SUSHI/USDT', 'LRC/USDT', 'LPT/USDT', 'NMR/USDT', 'SLP/USDT', 'CHZ/USDT', 'OGN/USDT', 'GALA/USDT', 'TLM/USDT', 'SNX/USDT', 'AUDIO/USDT', 'ENS/USDT', 'REQ/USDT', 'APE/USDT', 'FLUX/USDT', 'COTI/USDT', 'VOXEL/USDT', 'RLC/USDT', 'BICO/USDT', 'API3/USDT', 'BNT/USDT', 'IMX/USDT', 'FLOW/USDT', 'GTC/USDT', 'THETA/USDT', 'TFUEL/USDT', 'OCEAN/USDT', 'LAZIO/USDT', 'SANTOS/USDT', 'ALPINE/USDT', 'PORTO/USDT', 'CELR/USDT', 'SKL/USDT', 'WAXP/USDT', 'LTO/USDT', 'FET/USDT', 'ICP/USDT', 'T/USDT', 'OP/USDT', 'ROSE/USDT', 'CELO/USDT', 'KDA/USDT', 'KSM/USDT', 'ACH/USDT', 'SYS/USDT', 'RAD/USDT', 'ILV/USDT', 'LDO/USDT', 'RARE/USDT', 'LSK/USDT', 'DGB/USDT', 'REEF/USDT', 'ALICE/USDT', 'FORTH/USDT', 'ASTR/USDT', 'BTRST/USDT', 'SAND/USDT', 'GLM/USDT', 'QNT/USDT', 'STG/USDT', 'AXL/USDT', 'KAVA/USDT', 'APT/USDT', 'MASK/USDT', 'BOSON/USDT', 'POND/USDT', 'SOL/USDC', 'ADA/USDC', 'JAM/USDT', 'TRAC/USDT', 'PROM/USDT', 'DIA/USDT', 'LOOM/USDT', 'STMX/USDT', 'BTC/USD', 'ETH/USD', 'BCH/USD', 'LTC/USD', 'USDT/USD', 'BNB/USD', 'ADA/USD', 'ETC/USD', 'XLM/USD', 'LINK/USD', 'RVN/USD', 'ALGO/USD', 'IOTA/USD', 'ATOM/USD', 'ZIL/USD', 'VET/USD', 'HBAR/USD', 'DOGE/USD', 'VTHO/USD', 'USDC/USD', 'ONE/USD', 'UNI/USD', 'SOL/USD', 'AAVE/USD', 'GRT/USD', 'SUSHI/USD', 'CRV/USD', 'AVAX/USD', 'DOT/USD', 'NEAR/USD', 'LPT/USD', 'GALA/USD', 'ENS/USD', 'THETA/USD', 'FET/USD', 'ICP/USD', 'OP/USD', 'KDA/USD', 'DGB/USD', 'SAND/USD', 'SHIB/USD', 'POLYX/USDT', 'IOST/USDT', 'ARB/USDT', 'FLOKI/USDT', 'FLOKI/USD', 'XEC/USDT', 'BLUR/USDT', 'ANKR/USDT', 'DAI/USDT', 'DASH/USDT', 'HBAR/USDT', 'ICX/USDT', 'IOTA/USDT', 'RVN/USDT', 'XNO/USDT', 'XTZ/USDT', 'ZIL/USDT', 'ORBS/USDT', 'ADX/USDT', 'FORT/USDT', 'SUI/USDT', 'ONG/USDT', 'G/USDT', 'RENDER/USDT', 'BONK/USDT', 'MAGIC/USDT', 'PEPE/USDT', 'WIF/USDT', 'IOTX/USDT', 'PNUT/USDT', 'PENGU/USDT', 'POL/USDT', 'TRUMP/USDT', 'NEIRO/USDT', 'SUI/USD', 'XRP/USD', 'BONK/USD', 'PEPE/USD', 'POL/USD', 'RENDER/USD', 'TRUMP/USD', 'EIGEN/USDT', 'ME/USDT', 'ME/USD', 'D/USDT', 'METIS/USDT', 'JUP/USD', 'JUP/USDT', 'S/USD', 'S/USDT', 'JTO/USDT', 'ORCA/USDT', 'DATA/USDT', 'VIRTUAL/USDT', 'AIXBT/USDT', 'KAITO/USDT', 'TURBO/USDT', 'HYPE/USD', 'HYPE/USDT', 'ENA/USDT', 'LAYER/USDT', 'FARTCOIN/USDT', 'SPX/USDT', 'POPCAT/USDT', 'MOODENG/USDT', 'ANIME/USDT', '1000MOG/USDT', 'ONDO/USDT', '1000REKT/USDT', 'XDC/USDT', 'BRETT/USDT', 'WLD/USDT', 'TOSHI/USDT', 'USELESS/USDT', 'A2Z/USDT', 'NOBODY/USDT', 'PUMP/USDT', 'A/USDT', 'MEW/USDT', 'SKY/USDT', 'GIGA/USDT', 'DOOD/USDT']
[VictoryBot] ISO 20022 tradable USD/USDT-like pairs: ['XRP/USDT', 'XLM/USDT', 'ALGO/USDT', 'QNT/USDT', 'XLM/USD', 'ALGO/USD', 'IOTA/USD', 'HBAR/USD', 'HBAR/USDT', 'IOTA/USDT', 'XRP/USD', 'XDC/USDT']
[VictoryBot] Top scored symbols: ['XRP/USDT', 'XRP/USD', 'HBAR/USDT', 'XLM/USDT', 'HBAR/USD', 'ALGO/USDT', 'IOTA/USDT', 'XLM/USD', 'ALGO/USD', 'IOTA/USD']
[VictoryBot] Full scored universe: [('XRP/USDT', 1738434.5873949013, 3476869.19689, -0.09136851356794971, 0.10906970292432268, 0), ('XRP/USD', 539985.8215317308, 1079971.66702, -0.09153846153846146, 0.10322179490785847, 0), ('HBAR/USDT', 187331.1731301939, 374662.43332, -0.1515034322730348, 0.012808157088355839, 0), ('XLM/USDT', 139750.24825307916, 279500.5533, -0.10285714285714286, 0.01640147993322554, 0), ('HBAR/USD', 61021.352819047526, 122042.7926, -0.1512832929782082, 0.012693569433378462, 0), ('ALGO/USDT', 50539.40685642984, 101078.8722, -0.10326859308384657, 0.011580051813355587, 0), ('IOTA/USDT', 35747.24621475396, 71494.5864, -0.16186635944700467, 0.010497745281725977, 0), ('XLM/USD', 24365.1824241228, 48730.4005, -0.0676223965377332, 0.016405611722822164, 0), ('ALGO/USD', 13668.293527437738, 27336.6493, -0.11013011152416356, 0.01277647463113358, 0), ('IOTA/USD', 7601.6688352403535, 15203.42, -0.14177803602556655, 0.0091243410720994, 0)]
[VictoryBot] Momentum signals: ['XLM/USD', 'XRP/USDT', 'XRP/USD', 'XLM/USDT', 'ALGO/USDT']
[VictoryBot] ML signals: []
[VictoryBot] No open positions. Using available USD/USDT balance: 30.93978711
[VictoryBot] Portfolio sizing diagnostics:
  Investable USD: 27.845808399
  Investable per asset: 27.845808399
  XLM/USDT: ATR=0.0117, liquidity=113874.00, computed size=9.28
    Skipping XLM/USDT: size 9.28 below minimum order size.
[VictoryBot] Skipping reserve asset XRP: no valid tradable symbol or below min order size.
[VictoryBot] Skipping reserve asset HBAR: no valid tradable symbol or below min order size.
[VictoryBot] Skipping reserve asset LINK: no valid tradable symbol or below min order size.
[VictoryBot] Skipping reserve asset XLM: no valid tradable symbol or below min order size.
✅ Portfolio in balance. No rebalancing needed.
[VictoryBot] Final target allocations: {}
🚀 EXECUTING PORTFOLIO LADDER
========================================
[VictoryBot] execute_portfolio_ladder called. long_positions: {}, hedge_positions: {}
[VictoryBot][DEBUG] execute_portfolio_ladder symbols: []
[VictoryBot][DEBUG] run_all_strategies called with symbols: []
[VictoryBot][DEBUG] momentum_signals: []
[VictoryBot][DEBUG] ml_signals: []
[VictoryBot][DEBUG] mean_reversion_signals: []
[VictoryBot][DEBUG] pair_trading_signals: []
[VictoryBot][DEBUG] yield_opportunities: []
[VictoryBot][DEBUG] volatility_breakout_signals: []
[VictoryBot][DEBUG] multi_timeframe_momentum_signals: []
[VictoryBot][DEBUG] event_signals: []
[VictoryBot][DEBUG] insurance_signals: []
[VictoryBot][DEBUG] hedge_signals: []
[VictoryBot][DEBUG] top_momentum_assets: []
[VictoryBot] Writing scan results (forced): {'momentum_signals': [], 'ml_signals': [], 'mean_reversion_signals': [], 'pair_trading_signals': [], 'yield_opportunities': [], 'volatility_breakout_signals': [], 'multi_timeframe_momentum_signals': [], 'event_signals': [], 'insurance_signals': [], 'hedge_signals': [], 'top_momentum_assets': [], 'diagnostics': {'num_symbols': 0, 'timestamp': '2025-10-11T12:03:25.869021'}}
[VictoryBot] write_scan_results called. Data: {'momentum_signals': [], 'ml_signals': [], 'diagnostics': {'num_symbols': 0, 'timestamp': '2025-10-11T12:03:25.869021', 'investable_usd': 0, 'investable_per_asset': 0, 'mean_reversion_signals': [], 'pair_trading_signals': [], 'yield_opportunities': [], 'volatility_breakout_signals': [], 'multi_timeframe_momentum_signals': [], 'event_signals': [], 'insurance_signals': [], 'hedge_signals': [], 'top_momentum_assets': []}, 'allocations': {}, 'notes': Full strategy integration. All signals/diagnostics included. No trades/allocations this cycle, but scan and reserves maintained.}
[VictoryBot] scan_results.json written: /Users/nicholaskramer/Downloads/victorychain_stack/runtime/scan_results.json
[VictoryBot] scan_log.jsonl appended: /Users/nicholaskramer/Downloads/victorychain_stack/runtime/scan_log.jsonl
[VictoryBot] Scan results written (forced update).
📊 Executing 0 positions simultaneously...

📊 EXECUTION SUMMARY
=========================
Execution ID: exec_1760198605
Execution time: 0.0 seconds
Target positions: 0
Portfolio fill rate: 0.0%
Portfolio flat: ✅
💾 Report saved: execution_report_exec_1760198605.json
[VictoryBot] Profit target or trailing stop hit for FLOKI/USDT: gain=0.00%, trailing_drop=4.35%. Selling 3985.07...
[VictoryBot] Error in monitor_and_sell_for_profit: 'BTCFreeExecutionEngine' object has no attribute 'execute_order_with_fallback'
[VictoryBot] Available USD balance: 0.0
[VictoryBot] Available USDT balance: 30.93978711
[VictoryBot] All unique quote assets: ['BTC', 'BUSD', 'DAI', 'ETH', 'USD', 'USD4', 'USDC', 'USDT', 'UST']
[VictoryBot] All available tradable USD/USDT-like pairs: ['BTC/USDT', 'ETH/USDT', 'XRP/USDT', 'BCH/USDT', 'LTC/USDT', 'BNB/USDT', 'ADA/USDT', 'BAT/USDT', 'ETC/USDT', 'XLM/USDT', 'ZRX/USDT', 'DOGE/USDT', 'ATOM/USDT', 'NEO/USDT', 'VET/USDT', 'QTUM/USDT', 'ONT/USDT', 'KNC/USDT', 'VTHO/USDT', 'COMP/USDT', 'ONE/USDT', 'BAND/USDT', 'STORJ/USDT', 'UNI/USDT', 'SOL/USDT', 'EGLD/USDT', 'PAXG/USDT', 'OXT/USDT', 'ZEN/USDT', 'BTC/USDC', 'FIL/USDT', 'AAVE/USDT', 'GRT/USDT', 'SHIB/USDT', 'CRV/USDT', 'AXS/USDT', 'AVAX/USDT', 'CTSI/USDT', 'DOT/USDT', 'YFI/USDT', '1INCH/USDT', 'USDC/USDT', 'ETH/USDC', 'MANA/USDT', 'ALGO/USDT', 'LINK/USDT', 'ZEC/USDT', 'ENJ/USDT', 'NEAR/USDT', 'SUSHI/USDT', 'LRC/USDT', 'LPT/USDT', 'NMR/USDT', 'SLP/USDT', 'CHZ/USDT', 'OGN/USDT', 'GALA/USDT', 'TLM/USDT', 'SNX/USDT', 'AUDIO/USDT', 'ENS/USDT', 'REQ/USDT', 'APE/USDT', 'FLUX/USDT', 'COTI/USDT', 'VOXEL/USDT', 'RLC/USDT', 'BICO/USDT', 'API3/USDT', 'BNT/USDT', 'IMX/USDT', 'FLOW/USDT', 'GTC/USDT', 'THETA/USDT', 'TFUEL/USDT', 'OCEAN/USDT', 'LAZIO/USDT', 'SANTOS/USDT', 'ALPINE/USDT', 'PORTO/USDT', 'CELR/USDT', 'SKL/USDT', 'WAXP/USDT', 'LTO/USDT', 'FET/USDT', 'ICP/USDT', 'T/USDT', 'OP/USDT', 'ROSE/USDT', 'CELO/USDT', 'KDA/USDT', 'KSM/USDT', 'ACH/USDT', 'SYS/USDT', 'RAD/USDT', 'ILV/USDT', 'LDO/USDT', 'RARE/USDT', 'LSK/USDT', 'DGB/USDT', 'REEF/USDT', 'ALICE/USDT', 'FORTH/USDT', 'ASTR/USDT', 'BTRST/USDT', 'SAND/USDT', 'GLM/USDT', 'QNT/USDT', 'STG/USDT', 'AXL/USDT', 'KAVA/USDT', 'APT/USDT', 'MASK/USDT', 'BOSON/USDT', 'POND/USDT', 'SOL/USDC', 'ADA/USDC', 'JAM/USDT', 'TRAC/USDT', 'PROM/USDT', 'DIA/USDT', 'LOOM/USDT', 'STMX/USDT', 'BTC/USD', 'ETH/USD', 'BCH/USD', 'LTC/USD', 'USDT/USD', 'BNB/USD', 'ADA/USD', 'ETC/USD', 'XLM/USD', 'LINK/USD', 'RVN/USD', 'ALGO/USD', 'IOTA/USD', 'ATOM/USD', 'ZIL/USD', 'VET/USD', 'HBAR/USD', 'DOGE/USD', 'VTHO/USD', 'USDC/USD', 'ONE/USD', 'UNI/USD', 'SOL/USD', 'AAVE/USD', 'GRT/USD', 'SUSHI/USD', 'CRV/USD', 'AVAX/USD', 'DOT/USD', 'NEAR/USD', 'LPT/USD', 'GALA/USD', 'ENS/USD', 'THETA/USD', 'FET/USD', 'ICP/USD', 'OP/USD', 'KDA/USD', 'DGB/USD', 'SAND/USD', 'SHIB/USD', 'POLYX/USDT', 'IOST/USDT', 'ARB/USDT', 'FLOKI/USDT', 'FLOKI/USD', 'XEC/USDT', 'BLUR/USDT', 'ANKR/USDT', 'DAI/USDT', 'DASH/USDT', 'HBAR/USDT', 'ICX/USDT', 'IOTA/USDT', 'RVN/USDT', 'XNO/USDT', 'XTZ/USDT', 'ZIL/USDT', 'ORBS/USDT', 'ADX/USDT', 'FORT/USDT', 'SUI/USDT', 'ONG/USDT', 'G/USDT', 'RENDER/USDT', 'BONK/USDT', 'MAGIC/USDT', 'PEPE/USDT', 'WIF/USDT', 'IOTX/USDT', 'PNUT/USDT', 'PENGU/USDT', 'POL/USDT', 'TRUMP/USDT', 'NEIRO/USDT', 'SUI/USD', 'XRP/USD', 'BONK/USD', 'PEPE/USD', 'POL/USD', 'RENDER/USD', 'TRUMP/USD', 'EIGEN/USDT', 'ME/USDT', 'ME/USD', 'D/USDT', 'METIS/USDT', 'JUP/USD', 'JUP/USDT', 'S/USD', 'S/USDT', 'JTO/USDT', 'ORCA/USDT', 'DATA/USDT', 'VIRTUAL/USDT', 'AIXBT/USDT', 'KAITO/USDT', 'TURBO/USDT', 'HYPE/USD', 'HYPE/USDT', 'ENA/USDT', 'LAYER/USDT', 'FARTCOIN/USDT', 'SPX/USDT', 'POPCAT/USDT', 'MOODENG/USDT', 'ANIME/USDT', '1000MOG/USDT', 'ONDO/USDT', '1000REKT/USDT', 'XDC/USDT', 'BRETT/USDT', 'WLD/USDT', 'TOSHI/USDT', 'USELESS/USDT', 'A2Z/USDT', 'NOBODY/USDT', 'PUMP/USDT', 'A/USDT', 'MEW/USDT', 'SKY/USDT', 'GIGA/USDT', 'DOOD/USDT']
[VictoryBot] ISO 20022 tradable USD/USDT-like pairs: ['XRP/USDT', 'XLM/USDT', 'ALGO/USDT', 'QNT/USDT', 'XLM/USD', 'ALGO/USD', 'IOTA/USD', 'HBAR/USD', 'HBAR/USDT', 'IOTA/USDT', 'XRP/USD', 'XDC/USDT']
[VictoryBot] Top scored symbols: ['XRP/USDT', 'XRP/USD', 'HBAR/USDT', 'XLM/USDT', 'HBAR/USD', 'ALGO/USDT', 'IOTA/USDT', 'XLM/USD', 'ALGO/USD', 'IOTA/USD']
[VictoryBot] Full scored universe: [('XRP/USDT', 1738454.0503771116, 3476908.12336, -0.09221078844252398, 0.10906898763626628, 0), ('XRP/USD', 539985.8215317308, 1079971.66702, -0.09153846153846146, 0.10322179490785847, 0), ('HBAR/USDT', 187299.2712856347, 374598.62937, -0.15106835540945568, 0.012807608763543645, 0), ('XLM/USDT', 139750.24825307916, 279500.5533, -0.10285714285714286, 0.01640147993322554, 0), ('HBAR/USD', 60983.89303404753, 121967.87303, -0.1512832929782082, 0.012693569433378462, 0), ('ALGO/USDT', 50539.40685642984, 101078.8722, -0.10326859308384657, 0.011580051813355587, 0), ('IOTA/USDT', 35738.601214753966, 71477.2964, -0.16186635944700467, 0.010497745281725977, 0), ('XLM/USD', 24365.1824241228, 48730.4005, -0.0676223965377332, 0.016405611722822164, 0), ('ALGO/USD', 13668.293527437738, 27336.6493, -0.11013011152416356, 0.01277647463113358, 0), ('IOTA/USD', 7601.6688352403535, 15203.42, -0.14177803602556655, 0.0091243410720994, 0)]
[VictoryBot] Momentum signals: ['XLM/USD', 'XRP/USD', 'XRP/USDT', 'XLM/USDT', 'ALGO/USDT']
[VictoryBot] ML signals: []
[VictoryBot] No open positions. Using available USD/USDT balance: 30.93978711
[VictoryBot] Portfolio sizing diagnostics:
  Investable USD: 27.845808399
  Investable per asset: 27.845808399
  XLM/USDT: ATR=0.0117, liquidity=88490.00, computed size=9.28
    Skipping XLM/USDT: size 9.28 below minimum order size.
[VictoryBot] Skipping reserve asset XRP: no valid tradable symbol or below min order size.
[VictoryBot] Skipping reserve asset HBAR: no valid tradable symbol or below min order size.
[VictoryBot] Skipping reserve asset LINK: no valid tradable symbol or below min order size.
[VictoryBot] Skipping reserve asset XLM: no valid tradable symbol or below min order size.
✅ Portfolio in balance. No rebalancing needed.
[VictoryBot] Final target allocations: {}
🚀 EXECUTING PORTFOLIO LADDER
========================================
[VictoryBot] execute_portfolio_ladder called. long_positions: {}, hedge_positions: {}
[VictoryBot][DEBUG] execute_portfolio_ladder symbols: []
[VictoryBot][DEBUG] run_all_strategies called with symbols: []
[VictoryBot][DEBUG] momentum_signals: []
[VictoryBot][DEBUG] ml_signals: []
[VictoryBot][DEBUG] mean_reversion_signals: []
[VictoryBot][DEBUG] pair_trading_signals: []
[VictoryBot][DEBUG] yield_opportunities: []
[VictoryBot][DEBUG] volatility_breakout_signals: []
[VictoryBot][DEBUG] multi_timeframe_momentum_signals: []
[VictoryBot][DEBUG] event_signals: []
[VictoryBot][DEBUG] insurance_signals: []
[VictoryBot][DEBUG] hedge_signals: []
[VictoryBot][DEBUG] top_momentum_assets: []
[VictoryBot] Writing scan results (forced): {'momentum_signals': [], 'ml_signals': [], 'mean_reversion_signals': [], 'pair_trading_signals': [], 'yield_opportunities': [], 'volatility_breakout_signals': [], 'multi_timeframe_momentum_signals': [], 'event_signals': [], 'insurance_signals': [], 'hedge_signals': [], 'top_momentum_assets': [], 'diagnostics': {'num_symbols': 0, 'timestamp': '2025-10-11T12:04:50.274668'}}
[VictoryBot] write_scan_results called. Data: {'momentum_signals': [], 'ml_signals': [], 'diagnostics': {'num_symbols': 0, 'timestamp': '2025-10-11T12:04:50.274668', 'investable_usd': 0, 'investable_per_asset': 0, 'mean_reversion_signals': [], 'pair_trading_signals': [], 'yield_opportunities': [], 'volatility_breakout_signals': [], 'multi_timeframe_momentum_signals': [], 'event_signals': [], 'insurance_signals': [], 'hedge_signals': [], 'top_momentum_assets': []}, 'allocations': {}, 'notes': Full strategy integration. All signals/diagnostics included. No trades/allocations this cycle, but scan and reserves maintained.}
[VictoryBot] scan_results.json written: /Users/nicholaskramer/Downloads/victorychain_stack/runtime/scan_results.json
[VictoryBot] scan_log.jsonl appended: /Users/nicholaskramer/Downloads/victorychain_stack/runtime/scan_log.jsonl
[VictoryBot] Scan results written (forced update).
📊 Executing 0 positions simultaneously...

📊 EXECUTION SUMMARY
=========================
Execution ID: exec_1760198690
Execution time: 0.0 seconds
Target positions: 0
Portfolio fill rate: 0.0%
Portfolio flat: ✅
💾 Report saved: execution_report_exec_1760198690.json
[VictoryBot] Profit target or trailing stop hit for FLOKI/USDT: gain=0.00%, trailing_drop=4.35%. Selling 3985.07...
[VictoryBot] Error in monitor_and_sell_for_profit: 'BTCFreeExecutionEngine' object has no attribute 'execute_order_with_fallback'
[VictoryBot] Available USD balance: 0.0
[VictoryBot] Available USDT balance: 30.93978711
[VictoryBot] All unique quote assets: ['BTC', 'BUSD', 'DAI', 'ETH', 'USD', 'USD4', 'USDC', 'USDT', 'UST']
[VictoryBot] All available tradable USD/USDT-like pairs: ['BTC/USDT', 'ETH/USDT', 'XRP/USDT', 'BCH/USDT', 'LTC/USDT', 'BNB/USDT', 'ADA/USDT', 'BAT/USDT', 'ETC/USDT', 'XLM/USDT', 'ZRX/USDT', 'DOGE/USDT', 'ATOM/USDT', 'NEO/USDT', 'VET/USDT', 'QTUM/USDT', 'ONT/USDT', 'KNC/USDT', 'VTHO/USDT', 'COMP/USDT', 'ONE/USDT', 'BAND/USDT', 'STORJ/USDT', 'UNI/USDT', 'SOL/USDT', 'EGLD/USDT', 'PAXG/USDT', 'OXT/USDT', 'ZEN/USDT', 'BTC/USDC', 'FIL/USDT', 'AAVE/USDT', 'GRT/USDT', 'SHIB/USDT', 'CRV/USDT', 'AXS/USDT', 'AVAX/USDT', 'CTSI/USDT', 'DOT/USDT', 'YFI/USDT', '1INCH/USDT', 'USDC/USDT', 'ETH/USDC', 'MANA/USDT', 'ALGO/USDT', 'LINK/USDT', 'ZEC/USDT', 'ENJ/USDT', 'NEAR/USDT', 'SUSHI/USDT', 'LRC/USDT', 'LPT/USDT', 'NMR/USDT', 'SLP/USDT', 'CHZ/USDT', 'OGN/USDT', 'GALA/USDT', 'TLM/USDT', 'SNX/USDT', 'AUDIO/USDT', 'ENS/USDT', 'REQ/USDT', 'APE/USDT', 'FLUX/USDT', 'COTI/USDT', 'VOXEL/USDT', 'RLC/USDT', 'BICO/USDT', 'API3/USDT', 'BNT/USDT', 'IMX/USDT', 'FLOW/USDT', 'GTC/USDT', 'THETA/USDT', 'TFUEL/USDT', 'OCEAN/USDT', 'LAZIO/USDT', 'SANTOS/USDT', 'ALPINE/USDT', 'PORTO/USDT', 'CELR/USDT', 'SKL/USDT', 'WAXP/USDT', 'LTO/USDT', 'FET/USDT', 'ICP/USDT', 'T/USDT', 'OP/USDT', 'ROSE/USDT', 'CELO/USDT', 'KDA/USDT', 'KSM/USDT', 'ACH/USDT', 'SYS/USDT', 'RAD/USDT', 'ILV/USDT', 'LDO/USDT', 'RARE/USDT', 'LSK/USDT', 'DGB/USDT', 'REEF/USDT', 'ALICE/USDT', 'FORTH/USDT', 'ASTR/USDT', 'BTRST/USDT', 'SAND/USDT', 'GLM/USDT', 'QNT/USDT', 'STG/USDT', 'AXL/USDT', 'KAVA/USDT', 'APT/USDT', 'MASK/USDT', 'BOSON/USDT', 'POND/USDT', 'SOL/USDC', 'ADA/USDC', 'JAM/USDT', 'TRAC/USDT', 'PROM/USDT', 'DIA/USDT', 'LOOM/USDT', 'STMX/USDT', 'BTC/USD', 'ETH/USD', 'BCH/USD', 'LTC/USD', 'USDT/USD', 'BNB/USD', 'ADA/USD', 'ETC/USD', 'XLM/USD', 'LINK/USD', 'RVN/USD', 'ALGO/USD', 'IOTA/USD', 'ATOM/USD', 'ZIL/USD', 'VET/USD', 'HBAR/USD', 'DOGE/USD', 'VTHO/USD', 'USDC/USD', 'ONE/USD', 'UNI/USD', 'SOL/USD', 'AAVE/USD', 'GRT/USD', 'SUSHI/USD', 'CRV/USD', 'AVAX/USD', 'DOT/USD', 'NEAR/USD', 'LPT/USD', 'GALA/USD', 'ENS/USD', 'THETA/USD', 'FET/USD', 'ICP/USD', 'OP/USD', 'KDA/USD', 'DGB/USD', 'SAND/USD', 'SHIB/USD', 'POLYX/USDT', 'IOST/USDT', 'ARB/USDT', 'FLOKI/USDT', 'FLOKI/USD', 'XEC/USDT', 'BLUR/USDT', 'ANKR/USDT', 'DAI/USDT', 'DASH/USDT', 'HBAR/USDT', 'ICX/USDT', 'IOTA/USDT', 'RVN/USDT', 'XNO/USDT', 'XTZ/USDT', 'ZIL/USDT', 'ORBS/USDT', 'ADX/USDT', 'FORT/USDT', 'SUI/USDT', 'ONG/USDT', 'G/USDT', 'RENDER/USDT', 'BONK/USDT', 'MAGIC/USDT', 'PEPE/USDT', 'WIF/USDT', 'IOTX/USDT', 'PNUT/USDT', 'PENGU/USDT', 'POL/USDT', 'TRUMP/USDT', 'NEIRO/USDT', 'SUI/USD', 'XRP/USD', 'BONK/USD', 'PEPE/USD', 'POL/USD', 'RENDER/USD', 'TRUMP/USD', 'EIGEN/USDT', 'ME/USDT', 'ME/USD', 'D/USDT', 'METIS/USDT', 'JUP/USD', 'JUP/USDT', 'S/USD', 'S/USDT', 'JTO/USDT', 'ORCA/USDT', 'DATA/USDT', 'VIRTUAL/USDT', 'AIXBT/USDT', 'KAITO/USDT', 'TURBO/USDT', 'HYPE/USD', 'HYPE/USDT', 'ENA/USDT', 'LAYER/USDT', 'FARTCOIN/USDT', 'SPX/USDT', 'POPCAT/USDT', 'MOODENG/USDT', 'ANIME/USDT', '1000MOG/USDT', 'ONDO/USDT', '1000REKT/USDT', 'XDC/USDT', 'BRETT/USDT', 'WLD/USDT', 'TOSHI/USDT', 'USELESS/USDT', 'A2Z/USDT', 'NOBODY/USDT', 'PUMP/USDT', 'A/USDT', 'MEW/USDT', 'SKY/USDT', 'GIGA/USDT', 'DOOD/USDT']
[VictoryBot] ISO 20022 tradable USD/USDT-like pairs: ['XRP/USDT', 'XLM/USDT', 'ALGO/USDT', 'QNT/USDT', 'XLM/USD', 'ALGO/USD', 'IOTA/USD', 'HBAR/USD', 'HBAR/USDT', 'IOTA/USDT', 'XRP/USD', 'XDC/USDT']
[VictoryBot] Top scored symbols: ['XRP/USDT', 'XRP/USD', 'HBAR/USDT', 'XLM/USDT', 'HBAR/USD', 'ALGO/USDT', 'IOTA/USDT', 'XLM/USD', 'ALGO/USD', 'IOTA/USD']
[VictoryBot] Full scored universe: [('XRP/USDT', 1738853.1078373992, 3477706.23861, -0.09276009814333332, 0.10906952454283464, 0), ('XRP/USD', 540411.2498017307, 1080822.52356, -0.09153846153846146, 0.10322179490785847, 0), ('HBAR/USDT', 186656.8578106347, 373313.80242, -0.15106835540945568, 0.012807608763543645, 0), ('XLM/USDT', 139672.12015307916, 279344.2971, -0.10285714285714286, 0.01640147993322554, 0), ('HBAR/USD', 60356.625964047525, 120713.33889, -0.1512832929782082, 0.012693569433378462, 0), ('ALGO/USDT', 50539.40685642984, 101078.8722, -0.10326859308384657, 0.011580051813355587, 0), ('IOTA/USDT', 35738.601214753966, 71477.2964, -0.16186635944700467, 0.010497745281725977, 0), ('XLM/USD', 24365.1824241228, 48730.4005, -0.0676223965377332, 0.016405611722822164, 0), ('ALGO/USD', 13668.293527437738, 27336.6493, -0.11013011152416356, 0.01277647463113358, 0), ('IOTA/USD', 7601.6688352403535, 15203.42, -0.14177803602556655, 0.0091243410720994, 0)]
[VictoryBot] Momentum signals: ['XLM/USD', 'XRP/USD', 'XRP/USDT', 'XLM/USDT', 'ALGO/USDT']
[VictoryBot] ML signals: []
[VictoryBot] No open positions. Using available USD/USDT balance: 30.93978711
[VictoryBot] Portfolio sizing diagnostics:
  Investable USD: 27.845808399
  Investable per asset: 27.845808399
  XLM/USDT: ATR=0.0117, liquidity=63433.00, computed size=9.28
    Skipping XLM/USDT: size 9.28 below minimum order size.
[VictoryBot] Skipping reserve asset XRP: no valid tradable symbol or below min order size.
[VictoryBot] Skipping reserve asset HBAR: no valid tradable symbol or below min order size.
[VictoryBot] Skipping reserve asset LINK: no valid tradable symbol or below min order size.
[VictoryBot] Skipping reserve asset XLM: no valid tradable symbol or below min order size.
✅ Portfolio in balance. No rebalancing needed.
[VictoryBot] Final target allocations: {}
🚀 EXECUTING PORTFOLIO LADDER
========================================
[VictoryBot] execute_portfolio_ladder called. long_positions: {}, hedge_positions: {}
[VictoryBot][DEBUG] execute_portfolio_ladder symbols: []
[VictoryBot][DEBUG] run_all_strategies called with symbols: []
[VictoryBot][DEBUG] momentum_signals: []
[VictoryBot][DEBUG] ml_signals: []
[VictoryBot][DEBUG] mean_reversion_signals: []
[VictoryBot][DEBUG] pair_trading_signals: []
[VictoryBot][DEBUG] yield_opportunities: []
[VictoryBot][DEBUG] volatility_breakout_signals: []
[VictoryBot][DEBUG] multi_timeframe_momentum_signals: []
[VictoryBot][DEBUG] event_signals: []
[VictoryBot][DEBUG] insurance_signals: []
[VictoryBot][DEBUG] hedge_signals: []
[VictoryBot][DEBUG] top_momentum_assets: []
[VictoryBot] Writing scan results (forced): {'momentum_signals': [], 'ml_signals': [], 'mean_reversion_signals': [], 'pair_trading_signals': [], 'yield_opportunities': [], 'volatility_breakout_signals': [], 'multi_timeframe_momentum_signals': [], 'event_signals': [], 'insurance_signals': [], 'hedge_signals': [], 'top_momentum_assets': [], 'diagnostics': {'num_symbols': 0, 'timestamp': '2025-10-11T12:06:14.575930'}}
[VictoryBot] write_scan_results called. Data: {'momentum_signals': [], 'ml_signals': [], 'diagnostics': {'num_symbols': 0, 'timestamp': '2025-10-11T12:06:14.575930', 'investable_usd': 0, 'investable_per_asset': 0, 'mean_reversion_signals': [], 'pair_trading_signals': [], 'yield_opportunities': [], 'volatility_breakout_signals': [], 'multi_timeframe_momentum_signals': [], 'event_signals': [], 'insurance_signals': [], 'hedge_signals': [], 'top_momentum_assets': []}, 'allocations': {}, 'notes': Full strategy integration. All signals/diagnostics included. No trades/allocations this cycle, but scan and reserves maintained.}
[VictoryBot] scan_results.json written: /Users/nicholaskramer/Downloads/victorychain_stack/runtime/scan_results.json
[VictoryBot] scan_log.jsonl appended: /Users/nicholaskramer/Downloads/victorychain_stack/runtime/scan_log.jsonl
[VictoryBot] Scan results written (forced update).
📊 Executing 0 positions simultaneously...

📊 EXECUTION SUMMARY
=========================
Execution ID: exec_1760198774
Execution time: 0.0 seconds
Target positions: 0
Portfolio fill rate: 0.0%
Portfolio flat: ✅
💾 Report saved: execution_report_exec_1760198774.json
[VictoryBot] Profit target or trailing stop hit for FLOKI/USDT: gain=0.00%, trailing_drop=4.35%. Selling 3985.07...
[VictoryBot] Error in monitor_and_sell_for_profit: 'BTCFreeExecutionEngine' object has no attribute 'execute_order_with_fallback'
[VictoryBot] Available USD balance: 0.0
[VictoryBot] Available USDT balance: 30.93978711
[VictoryBot] All unique quote assets: ['BTC', 'BUSD', 'DAI', 'ETH', 'USD', 'USD4', 'USDC', 'USDT', 'UST']
[VictoryBot] All available tradable USD/USDT-like pairs: ['BTC/USDT', 'ETH/USDT', 'XRP/USDT', 'BCH/USDT', 'LTC/USDT', 'BNB/USDT', 'ADA/USDT', 'BAT/USDT', 'ETC/USDT', 'XLM/USDT', 'ZRX/USDT', 'DOGE/USDT', 'ATOM/USDT', 'NEO/USDT', 'VET/USDT', 'QTUM/USDT', 'ONT/USDT', 'KNC/USDT', 'VTHO/USDT', 'COMP/USDT', 'ONE/USDT', 'BAND/USDT', 'STORJ/USDT', 'UNI/USDT', 'SOL/USDT', 'EGLD/USDT', 'PAXG/USDT', 'OXT/USDT', 'ZEN/USDT', 'BTC/USDC', 'FIL/USDT', 'AAVE/USDT', 'GRT/USDT', 'SHIB/USDT', 'CRV/USDT', 'AXS/USDT', 'AVAX/USDT', 'CTSI/USDT', 'DOT/USDT', 'YFI/USDT', '1INCH/USDT', 'USDC/USDT', 'ETH/USDC', 'MANA/USDT', 'ALGO/USDT', 'LINK/USDT', 'ZEC/USDT', 'ENJ/USDT', 'NEAR/USDT', 'SUSHI/USDT', 'LRC/USDT', 'LPT/USDT', 'NMR/USDT', 'SLP/USDT', 'CHZ/USDT', 'OGN/USDT', 'GALA/USDT', 'TLM/USDT', 'SNX/USDT', 'AUDIO/USDT', 'ENS/USDT', 'REQ/USDT', 'APE/USDT', 'FLUX/USDT', 'COTI/USDT', 'VOXEL/USDT', 'RLC/USDT', 'BICO/USDT', 'API3/USDT', 'BNT/USDT', 'IMX/USDT', 'FLOW/USDT', 'GTC/USDT', 'THETA/USDT', 'TFUEL/USDT', 'OCEAN/USDT', 'LAZIO/USDT', 'SANTOS/USDT', 'ALPINE/USDT', 'PORTO/USDT', 'CELR/USDT', 'SKL/USDT', 'WAXP/USDT', 'LTO/USDT', 'FET/USDT', 'ICP/USDT', 'T/USDT', 'OP/USDT', 'ROSE/USDT', 'CELO/USDT', 'KDA/USDT', 'KSM/USDT', 'ACH/USDT', 'SYS/USDT', 'RAD/USDT', 'ILV/USDT', 'LDO/USDT', 'RARE/USDT', 'LSK/USDT', 'DGB/USDT', 'REEF/USDT', 'ALICE/USDT', 'FORTH/USDT', 'ASTR/USDT', 'BTRST/USDT', 'SAND/USDT', 'GLM/USDT', 'QNT/USDT', 'STG/USDT', 'AXL/USDT', 'KAVA/USDT', 'APT/USDT', 'MASK/USDT', 'BOSON/USDT', 'POND/USDT', 'SOL/USDC', 'ADA/USDC', 'JAM/USDT', 'TRAC/USDT', 'PROM/USDT', 'DIA/USDT', 'LOOM/USDT', 'STMX/USDT', 'BTC/USD', 'ETH/USD', 'BCH/USD', 'LTC/USD', 'USDT/USD', 'BNB/USD', 'ADA/USD', 'ETC/USD', 'XLM/USD', 'LINK/USD', 'RVN/USD', 'ALGO/USD', 'IOTA/USD', 'ATOM/USD', 'ZIL/USD', 'VET/USD', 'HBAR/USD', 'DOGE/USD', 'VTHO/USD', 'USDC/USD', 'ONE/USD', 'UNI/USD', 'SOL/USD', 'AAVE/USD', 'GRT/USD', 'SUSHI/USD', 'CRV/USD', 'AVAX/USD', 'DOT/USD', 'NEAR/USD', 'LPT/USD', 'GALA/USD', 'ENS/USD', 'THETA/USD', 'FET/USD', 'ICP/USD', 'OP/USD', 'KDA/USD', 'DGB/USD', 'SAND/USD', 'SHIB/USD', 'POLYX/USDT', 'IOST/USDT', 'ARB/USDT', 'FLOKI/USDT', 'FLOKI/USD', 'XEC/USDT', 'BLUR/USDT', 'ANKR/USDT', 'DAI/USDT', 'DASH/USDT', 'HBAR/USDT', 'ICX/USDT', 'IOTA/USDT', 'RVN/USDT', 'XNO/USDT', 'XTZ/USDT', 'ZIL/USDT', 'ORBS/USDT', 'ADX/USDT', 'FORT/USDT', 'SUI/USDT', 'ONG/USDT', 'G/USDT', 'RENDER/USDT', 'BONK/USDT', 'MAGIC/USDT', 'PEPE/USDT', 'WIF/USDT', 'IOTX/USDT', 'PNUT/USDT', 'PENGU/USDT', 'POL/USDT', 'TRUMP/USDT', 'NEIRO/USDT', 'SUI/USD', 'XRP/USD', 'BONK/USD', 'PEPE/USD', 'POL/USD', 'RENDER/USD', 'TRUMP/USD', 'EIGEN/USDT', 'ME/USDT', 'ME/USD', 'D/USDT', 'METIS/USDT', 'JUP/USD', 'JUP/USDT', 'S/USD', 'S/USDT', 'JTO/USDT', 'ORCA/USDT', 'DATA/USDT', 'VIRTUAL/USDT', 'AIXBT/USDT', 'KAITO/USDT', 'TURBO/USDT', 'HYPE/USD', 'HYPE/USDT', 'ENA/USDT', 'LAYER/USDT', 'FARTCOIN/USDT', 'SPX/USDT', 'POPCAT/USDT', 'MOODENG/USDT', 'ANIME/USDT', '1000MOG/USDT', 'ONDO/USDT', '1000REKT/USDT', 'XDC/USDT', 'BRETT/USDT', 'WLD/USDT', 'TOSHI/USDT', 'USELESS/USDT', 'A2Z/USDT', 'NOBODY/USDT', 'PUMP/USDT', 'A/USDT', 'MEW/USDT', 'SKY/USDT', 'GIGA/USDT', 'DOOD/USDT']
[VictoryBot] ISO 20022 tradable USD/USDT-like pairs: ['XRP/USDT', 'XLM/USDT', 'ALGO/USDT', 'QNT/USDT', 'XLM/USD', 'ALGO/USD', 'IOTA/USD', 'HBAR/USD', 'HBAR/USDT', 'IOTA/USDT', 'XRP/USD', 'XDC/USDT']
[VictoryBot] Top scored symbols: ['XRP/USDT', 'XRP/USD', 'HBAR/USDT', 'XLM/USDT', 'HBAR/USD', 'ALGO/USDT', 'IOTA/USDT', 'XLM/USD', 'ALGO/USD', 'IOTA/USD']
[VictoryBot] Full scored universe: [('XRP/USDT', 1738856.995233775, 3477714.01371, -0.09327278719742195, 0.10907074034772116, 0), ('XRP/USD', 540411.2498017307, 1080822.52356, -0.09153846153846146, 0.10322179490785847, 0), ('HBAR/USDT', 186558.0307244536, 373116.15103, -0.15570917528763412, 0.012814707775052848, 0), ('XLM/USDT', 139662.16525307915, 279324.3873, -0.10285714285714286, 0.01640147993322554, 0), ('HBAR/USD', 60356.625964047525, 120713.33889, -0.1512832929782082, 0.012693569433378462, 0), ('ALGO/USDT', 50539.40685642984, 101078.8722, -0.10326859308384657, 0.011580051813355587, 0), ('IOTA/USDT', 35738.601214753966, 71477.2964, -0.16186635944700467, 0.010497745281725977, 0), ('XLM/USD', 24365.1824241228, 48730.4005, -0.0676223965377332, 0.016405611722822164, 0), ('ALGO/USD', 13668.293527437738, 27336.6493, -0.11013011152416356, 0.01277647463113358, 0), ('IOTA/USD', 7601.6688352403535, 15203.42, -0.14177803602556655, 0.0091243410720994, 0)]
[VictoryBot] Momentum signals: ['XLM/USD', 'XRP/USD', 'XRP/USDT', 'XLM/USDT', 'ALGO/USDT']
[VictoryBot] ML signals: []
[VictoryBot] No open positions. Using available USD/USDT balance: 30.93978711
[VictoryBot] Portfolio sizing diagnostics:
  Investable USD: 27.845808399
  Investable per asset: 27.845808399
  XLM/USDT: ATR=0.0117, liquidity=69961.00, computed size=9.28
    Skipping XLM/USDT: size 9.28 below minimum order size.
[VictoryBot] Skipping reserve asset XRP: no valid tradable symbol or below min order size.
[VictoryBot] Skipping reserve asset HBAR: no valid tradable symbol or below min order size.
[VictoryBot] Skipping reserve asset LINK: no valid tradable symbol or below min order size.
[VictoryBot] Skipping reserve asset XLM: no valid tradable symbol or below min order size.
✅ Portfolio in balance. No rebalancing needed.
[VictoryBot] Final target allocations: {}
🚀 EXECUTING PORTFOLIO LADDER
========================================
[VictoryBot] execute_portfolio_ladder called. long_positions: {}, hedge_positions: {}
[VictoryBot][DEBUG] execute_portfolio_ladder symbols: []
[VictoryBot][DEBUG] run_all_strategies called with symbols: []
[VictoryBot][DEBUG] momentum_signals: []
[VictoryBot][DEBUG] ml_signals: []
[VictoryBot][DEBUG] mean_reversion_signals: []
[VictoryBot][DEBUG] pair_trading_signals: []
[VictoryBot][DEBUG] yield_opportunities: []
[VictoryBot][DEBUG] volatility_breakout_signals: []
[VictoryBot][DEBUG] multi_timeframe_momentum_signals: []
[VictoryBot][DEBUG] event_signals: []
[VictoryBot][DEBUG] insurance_signals: []
[VictoryBot][DEBUG] hedge_signals: []
[VictoryBot][DEBUG] top_momentum_assets: []
[VictoryBot] Writing scan results (forced): {'momentum_signals': [], 'ml_signals': [], 'mean_reversion_signals': [], 'pair_trading_signals': [], 'yield_opportunities': [], 'volatility_breakout_signals': [], 'multi_timeframe_momentum_signals': [], 'event_signals': [], 'insurance_signals': [], 'hedge_signals': [], 'top_momentum_assets': [], 'diagnostics': {'num_symbols': 0, 'timestamp': '2025-10-11T12:07:38.914407'}}
[VictoryBot] write_scan_results called. Data: {'momentum_signals': [], 'ml_signals': [], 'diagnostics': {'num_symbols': 0, 'timestamp': '2025-10-11T12:07:38.914407', 'investable_usd': 0, 'investable_per_asset': 0, 'mean_reversion_signals': [], 'pair_trading_signals': [], 'yield_opportunities': [], 'volatility_breakout_signals': [], 'multi_timeframe_momentum_signals': [], 'event_signals': [], 'insurance_signals': [], 'hedge_signals': [], 'top_momentum_assets': []}, 'allocations': {}, 'notes': Full strategy integration. All signals/diagnostics included. No trades/allocations this cycle, but scan and reserves maintained.}
[VictoryBot] scan_results.json written: /Users/nicholaskramer/Downloads/victorychain_stack/runtime/scan_results.json
[VictoryBot] scan_log.jsonl appended: /Users/nicholaskramer/Downloads/victorychain_stack/runtime/scan_log.jsonl
[VictoryBot] Scan results written (forced update).
📊 Executing 0 positions simultaneously...

📊 EXECUTION SUMMARY
=========================
Execution ID: exec_1760198858
Execution time: 0.0 seconds
Target positions: 0
Portfolio fill rate: 0.0%
Portfolio flat: ✅
💾 Report saved: execution_report_exec_1760198858.json
[VictoryBot] Profit target or trailing stop hit for FLOKI/USDT: gain=0.00%, trailing_drop=4.35%. Selling 3985.07...
[VictoryBot] Error in monitor_and_sell_for_profit: 'BTCFreeExecutionEngine' object has no attribute 'execute_order_with_fallback'
[VictoryBot] Available USD balance: 0.0
[VictoryBot] Available USDT balance: 30.93978711
[VictoryBot] All unique quote assets: ['BTC', 'BUSD', 'DAI', 'ETH', 'USD', 'USD4', 'USDC', 'USDT', 'UST']
[VictoryBot] All available tradable USD/USDT-like pairs: ['BTC/USDT', 'ETH/USDT', 'XRP/USDT', 'BCH/USDT', 'LTC/USDT', 'BNB/USDT', 'ADA/USDT', 'BAT/USDT', 'ETC/USDT', 'XLM/USDT', 'ZRX/USDT', 'DOGE/USDT', 'ATOM/USDT', 'NEO/USDT', 'VET/USDT', 'QTUM/USDT', 'ONT/USDT', 'KNC/USDT', 'VTHO/USDT', 'COMP/USDT', 'ONE/USDT', 'BAND/USDT', 'STORJ/USDT', 'UNI/USDT', 'SOL/USDT', 'EGLD/USDT', 'PAXG/USDT', 'OXT/USDT', 'ZEN/USDT', 'BTC/USDC', 'FIL/USDT', 'AAVE/USDT', 'GRT/USDT', 'SHIB/USDT', 'CRV/USDT', 'AXS/USDT', 'AVAX/USDT', 'CTSI/USDT', 'DOT/USDT', 'YFI/USDT', '1INCH/USDT', 'USDC/USDT', 'ETH/USDC', 'MANA/USDT', 'ALGO/USDT', 'LINK/USDT', 'ZEC/USDT', 'ENJ/USDT', 'NEAR/USDT', 'SUSHI/USDT', 'LRC/USDT', 'LPT/USDT', 'NMR/USDT', 'SLP/USDT', 'CHZ/USDT', 'OGN/USDT', 'GALA/USDT', 'TLM/USDT', 'SNX/USDT', 'AUDIO/USDT', 'ENS/USDT', 'REQ/USDT', 'APE/USDT', 'FLUX/USDT', 'COTI/USDT', 'VOXEL/USDT', 'RLC/USDT', 'BICO/USDT', 'API3/USDT', 'BNT/USDT', 'IMX/USDT', 'FLOW/USDT', 'GTC/USDT', 'THETA/USDT', 'TFUEL/USDT', 'OCEAN/USDT', 'LAZIO/USDT', 'SANTOS/USDT', 'ALPINE/USDT', 'PORTO/USDT', 'CELR/USDT', 'SKL/USDT', 'WAXP/USDT', 'LTO/USDT', 'FET/USDT', 'ICP/USDT', 'T/USDT', 'OP/USDT', 'ROSE/USDT', 'CELO/USDT', 'KDA/USDT', 'KSM/USDT', 'ACH/USDT', 'SYS/USDT', 'RAD/USDT', 'ILV/USDT', 'LDO/USDT', 'RARE/USDT', 'LSK/USDT', 'DGB/USDT', 'REEF/USDT', 'ALICE/USDT', 'FORTH/USDT', 'ASTR/USDT', 'BTRST/USDT', 'SAND/USDT', 'GLM/USDT', 'QNT/USDT', 'STG/USDT', 'AXL/USDT', 'KAVA/USDT', 'APT/USDT', 'MASK/USDT', 'BOSON/USDT', 'POND/USDT', 'SOL/USDC', 'ADA/USDC', 'JAM/USDT', 'TRAC/USDT', 'PROM/USDT', 'DIA/USDT', 'LOOM/USDT', 'STMX/USDT', 'BTC/USD', 'ETH/USD', 'BCH/USD', 'LTC/USD', 'USDT/USD', 'BNB/USD', 'ADA/USD', 'ETC/USD', 'XLM/USD', 'LINK/USD', 'RVN/USD', 'ALGO/USD', 'IOTA/USD', 'ATOM/USD', 'ZIL/USD', 'VET/USD', 'HBAR/USD', 'DOGE/USD', 'VTHO/USD', 'USDC/USD', 'ONE/USD', 'UNI/USD', 'SOL/USD', 'AAVE/USD', 'GRT/USD', 'SUSHI/USD', 'CRV/USD', 'AVAX/USD', 'DOT/USD', 'NEAR/USD', 'LPT/USD', 'GALA/USD', 'ENS/USD', 'THETA/USD', 'FET/USD', 'ICP/USD', 'OP/USD', 'KDA/USD', 'DGB/USD', 'SAND/USD', 'SHIB/USD', 'POLYX/USDT', 'IOST/USDT', 'ARB/USDT', 'FLOKI/USDT', 'FLOKI/USD', 'XEC/USDT', 'BLUR/USDT', 'ANKR/USDT', 'DAI/USDT', 'DASH/USDT', 'HBAR/USDT', 'ICX/USDT', 'IOTA/USDT', 'RVN/USDT', 'XNO/USDT', 'XTZ/USDT', 'ZIL/USDT', 'ORBS/USDT', 'ADX/USDT', 'FORT/USDT', 'SUI/USDT', 'ONG/USDT', 'G/USDT', 'RENDER/USDT', 'BONK/USDT', 'MAGIC/USDT', 'PEPE/USDT', 'WIF/USDT', 'IOTX/USDT', 'PNUT/USDT', 'PENGU/USDT', 'POL/USDT', 'TRUMP/USDT', 'NEIRO/USDT', 'SUI/USD', 'XRP/USD', 'BONK/USD', 'PEPE/USD', 'POL/USD', 'RENDER/USD', 'TRUMP/USD', 'EIGEN/USDT', 'ME/USDT', 'ME/USD', 'D/USDT', 'METIS/USDT', 'JUP/USD', 'JUP/USDT', 'S/USD', 'S/USDT', 'JTO/USDT', 'ORCA/USDT', 'DATA/USDT', 'VIRTUAL/USDT', 'AIXBT/USDT', 'KAITO/USDT', 'TURBO/USDT', 'HYPE/USD', 'HYPE/USDT', 'ENA/USDT', 'LAYER/USDT', 'FARTCOIN/USDT', 'SPX/USDT', 'POPCAT/USDT', 'MOODENG/USDT', 'ANIME/USDT', '1000MOG/USDT', 'ONDO/USDT', '1000REKT/USDT', 'XDC/USDT', 'BRETT/USDT', 'WLD/USDT', 'TOSHI/USDT', 'USELESS/USDT', 'A2Z/USDT', 'NOBODY/USDT', 'PUMP/USDT', 'A/USDT', 'MEW/USDT', 'SKY/USDT', 'GIGA/USDT', 'DOOD/USDT']
[VictoryBot] ISO 20022 tradable USD/USDT-like pairs: ['XRP/USDT', 'XLM/USDT', 'ALGO/USDT', 'QNT/USDT', 'XLM/USD', 'ALGO/USD', 'IOTA/USD', 'HBAR/USD', 'HBAR/USDT', 'IOTA/USDT', 'XRP/USD', 'XDC/USDT']
[VictoryBot] Top scored symbols: ['XRP/USDT', 'XRP/USD', 'HBAR/USDT', 'XLM/USDT', 'HBAR/USD', 'ALGO/USDT', 'IOTA/USDT', 'XLM/USD', 'ALGO/USD', 'IOTA/USD']
[VictoryBot] Full scored universe: [('XRP/USDT', 1738841.6219337748, 3477683.26711, -0.09327278719742195, 0.10907074034772116, 0), ('XRP/USD', 540411.2498017307, 1080822.52356, -0.09153846153846146, 0.10322179490785847, 0), ('HBAR/USDT', 186458.3001844536, 372916.68995, -0.15570917528763412, 0.012814707775052848, 0), ('XLM/USDT', 139324.06585307914, 278648.1885, -0.10285714285714286, 0.01640147993322554, 0), ('HBAR/USD', 60356.625964047525, 120713.33889, -0.1512832929782082, 0.012693569433378462, 0), ('ALGO/USDT', 50539.40685642984, 101078.8722, -0.10326859308384657, 0.011580051813355587, 0), ('IOTA/USDT', 35738.601214753966, 71477.2964, -0.16186635944700467, 0.010497745281725977, 0), ('XLM/USD', 24365.1824241228, 48730.4005, -0.0676223965377332, 0.016405611722822164, 0), ('ALGO/USD', 13668.293527437738, 27336.6493, -0.11013011152416356, 0.01277647463113358, 0), ('IOTA/USD', 7601.6688352403535, 15203.42, -0.14177803602556655, 0.0091243410720994, 0)]
[VictoryBot] Momentum signals: ['XLM/USD', 'XRP/USD', 'XRP/USDT', 'XLM/USDT', 'ALGO/USDT']
[VictoryBot] ML signals: []
[VictoryBot] No open positions. Using available USD/USDT balance: 30.93978711
[VictoryBot] Portfolio sizing diagnostics:
  Investable USD: 27.845808399
  Investable per asset: 27.845808399
  XLM/USDT: ATR=0.0117, liquidity=81393.00, computed size=9.28
    Skipping XLM/USDT: size 9.28 below minimum order size.
[VictoryBot] Skipping reserve asset XRP: no valid tradable symbol or below min order size.
[VictoryBot] Skipping reserve asset HBAR: no valid tradable symbol or below min order size.
[VictoryBot] Skipping reserve asset LINK: no valid tradable symbol or below min order size.
[VictoryBot] Skipping reserve asset XLM: no valid tradable symbol or below min order size.
✅ Portfolio in balance. No rebalancing needed.
[VictoryBot] Final target allocations: {}
🚀 EXECUTING PORTFOLIO LADDER
========================================
[VictoryBot] execute_portfolio_ladder called. long_positions: {}, hedge_positions: {}
[VictoryBot][DEBUG] execute_portfolio_ladder symbols: []
[VictoryBot][DEBUG] run_all_strategies called with symbols: []
[VictoryBot][DEBUG] momentum_signals: []
[VictoryBot][DEBUG] ml_signals: []
[VictoryBot][DEBUG] mean_reversion_signals: []
[VictoryBot][DEBUG] pair_trading_signals: []
[VictoryBot][DEBUG] yield_opportunities: []
[VictoryBot][DEBUG] volatility_breakout_signals: []
[VictoryBot][DEBUG] multi_timeframe_momentum_signals: []
[VictoryBot][DEBUG] event_signals: []
[VictoryBot][DEBUG] insurance_signals: []
[VictoryBot][DEBUG] hedge_signals: []
[VictoryBot][DEBUG] top_momentum_assets: []
[VictoryBot] Writing scan results (forced): {'momentum_signals': [], 'ml_signals': [], 'mean_reversion_signals': [], 'pair_trading_signals': [], 'yield_opportunities': [], 'volatility_breakout_signals': [], 'multi_timeframe_momentum_signals': [], 'event_signals': [], 'insurance_signals': [], 'hedge_signals': [], 'top_momentum_assets': [], 'diagnostics': {'num_symbols': 0, 'timestamp': '2025-10-11T12:09:03.197926'}}
[VictoryBot] write_scan_results called. Data: {'momentum_signals': [], 'ml_signals': [], 'diagnostics': {'num_symbols': 0, 'timestamp': '2025-10-11T12:09:03.197926', 'investable_usd': 0, 'investable_per_asset': 0, 'mean_reversion_signals': [], 'pair_trading_signals': [], 'yield_opportunities': [], 'volatility_breakout_signals': [], 'multi_timeframe_momentum_signals': [], 'event_signals': [], 'insurance_signals': [], 'hedge_signals': [], 'top_momentum_assets': []}, 'allocations': {}, 'notes': Full strategy integration. All signals/diagnostics included. No trades/allocations this cycle, but scan and reserves maintained.}
[VictoryBot] scan_results.json written: /Users/nicholaskramer/Downloads/victorychain_stack/runtime/scan_results.json
[VictoryBot] scan_log.jsonl appended: /Users/nicholaskramer/Downloads/victorychain_stack/runtime/scan_log.jsonl
[VictoryBot] Scan results written (forced update).
📊 Executing 0 positions simultaneously...

📊 EXECUTION SUMMARY
=========================
Execution ID: exec_1760198943
Execution time: 0.0 seconds
Target positions: 0
Portfolio fill rate: 0.0%
Portfolio flat: ✅
💾 Report saved: execution_report_exec_1760198943.json
[VictoryBot] Profit target or trailing stop hit for FLOKI/USDT: gain=0.00%, trailing_drop=4.35%. Selling 3985.07...
[VictoryBot] Error in monitor_and_sell_for_profit: 'BTCFreeExecutionEngine' object has no attribute 'execute_order_with_fallback'
[VictoryBot] Available USD balance: 0.0
[VictoryBot] Available USDT balance: 30.93978711
[VictoryBot] All unique quote assets: ['BTC', 'BUSD', 'DAI', 'ETH', 'USD', 'USD4', 'USDC', 'USDT', 'UST']
[VictoryBot] All available tradable USD/USDT-like pairs: ['BTC/USDT', 'ETH/USDT', 'XRP/USDT', 'BCH/USDT', 'LTC/USDT', 'BNB/USDT', 'ADA/USDT', 'BAT/USDT', 'ETC/USDT', 'XLM/USDT', 'ZRX/USDT', 'DOGE/USDT', 'ATOM/USDT', 'NEO/USDT', 'VET/USDT', 'QTUM/USDT', 'ONT/USDT', 'KNC/USDT', 'VTHO/USDT', 'COMP/USDT', 'ONE/USDT', 'BAND/USDT', 'STORJ/USDT', 'UNI/USDT', 'SOL/USDT', 'EGLD/USDT', 'PAXG/USDT', 'OXT/USDT', 'ZEN/USDT', 'BTC/USDC', 'FIL/USDT', 'AAVE/USDT', 'GRT/USDT', 'SHIB/USDT', 'CRV/USDT', 'AXS/USDT', 'AVAX/USDT', 'CTSI/USDT', 'DOT/USDT', 'YFI/USDT', '1INCH/USDT', 'USDC/USDT', 'ETH/USDC', 'MANA/USDT', 'ALGO/USDT', 'LINK/USDT', 'ZEC/USDT', 'ENJ/USDT', 'NEAR/USDT', 'SUSHI/USDT', 'LRC/USDT', 'LPT/USDT', 'NMR/USDT', 'SLP/USDT', 'CHZ/USDT', 'OGN/USDT', 'GALA/USDT', 'TLM/USDT', 'SNX/USDT', 'AUDIO/USDT', 'ENS/USDT', 'REQ/USDT', 'APE/USDT', 'FLUX/USDT', 'COTI/USDT', 'VOXEL/USDT', 'RLC/USDT', 'BICO/USDT', 'API3/USDT', 'BNT/USDT', 'IMX/USDT', 'FLOW/USDT', 'GTC/USDT', 'THETA/USDT', 'TFUEL/USDT', 'OCEAN/USDT', 'LAZIO/USDT', 'SANTOS/USDT', 'ALPINE/USDT', 'PORTO/USDT', 'CELR/USDT', 'SKL/USDT', 'WAXP/USDT', 'LTO/USDT', 'FET/USDT', 'ICP/USDT', 'T/USDT', 'OP/USDT', 'ROSE/USDT', 'CELO/USDT', 'KDA/USDT', 'KSM/USDT', 'ACH/USDT', 'SYS/USDT', 'RAD/USDT', 'ILV/USDT', 'LDO/USDT', 'RARE/USDT', 'LSK/USDT', 'DGB/USDT', 'REEF/USDT', 'ALICE/USDT', 'FORTH/USDT', 'ASTR/USDT', 'BTRST/USDT', 'SAND/USDT', 'GLM/USDT', 'QNT/USDT', 'STG/USDT', 'AXL/USDT', 'KAVA/USDT', 'APT/USDT', 'MASK/USDT', 'BOSON/USDT', 'POND/USDT', 'SOL/USDC', 'ADA/USDC', 'JAM/USDT', 'TRAC/USDT', 'PROM/USDT', 'DIA/USDT', 'LOOM/USDT', 'STMX/USDT', 'BTC/USD', 'ETH/USD', 'BCH/USD', 'LTC/USD', 'USDT/USD', 'BNB/USD', 'ADA/USD', 'ETC/USD', 'XLM/USD', 'LINK/USD', 'RVN/USD', 'ALGO/USD', 'IOTA/USD', 'ATOM/USD', 'ZIL/USD', 'VET/USD', 'HBAR/USD', 'DOGE/USD', 'VTHO/USD', 'USDC/USD', 'ONE/USD', 'UNI/USD', 'SOL/USD', 'AAVE/USD', 'GRT/USD', 'SUSHI/USD', 'CRV/USD', 'AVAX/USD', 'DOT/USD', 'NEAR/USD', 'LPT/USD', 'GALA/USD', 'ENS/USD', 'THETA/USD', 'FET/USD', 'ICP/USD', 'OP/USD', 'KDA/USD', 'DGB/USD', 'SAND/USD', 'SHIB/USD', 'POLYX/USDT', 'IOST/USDT', 'ARB/USDT', 'FLOKI/USDT', 'FLOKI/USD', 'XEC/USDT', 'BLUR/USDT', 'ANKR/USDT', 'DAI/USDT', 'DASH/USDT', 'HBAR/USDT', 'ICX/USDT', 'IOTA/USDT', 'RVN/USDT', 'XNO/USDT', 'XTZ/USDT', 'ZIL/USDT', 'ORBS/USDT', 'ADX/USDT', 'FORT/USDT', 'SUI/USDT', 'ONG/USDT', 'G/USDT', 'RENDER/USDT', 'BONK/USDT', 'MAGIC/USDT', 'PEPE/USDT', 'WIF/USDT', 'IOTX/USDT', 'PNUT/USDT', 'PENGU/USDT', 'POL/USDT', 'TRUMP/USDT', 'NEIRO/USDT', 'SUI/USD', 'XRP/USD', 'BONK/USD', 'PEPE/USD', 'POL/USD', 'RENDER/USD', 'TRUMP/USD', 'EIGEN/USDT', 'ME/USDT', 'ME/USD', 'D/USDT', 'METIS/USDT', 'JUP/USD', 'JUP/USDT', 'S/USD', 'S/USDT', 'JTO/USDT', 'ORCA/USDT', 'DATA/USDT', 'VIRTUAL/USDT', 'AIXBT/USDT', 'KAITO/USDT', 'TURBO/USDT', 'HYPE/USD', 'HYPE/USDT', 'ENA/USDT', 'LAYER/USDT', 'FARTCOIN/USDT', 'SPX/USDT', 'POPCAT/USDT', 'MOODENG/USDT', 'ANIME/USDT', '1000MOG/USDT', 'ONDO/USDT', '1000REKT/USDT', 'XDC/USDT', 'BRETT/USDT', 'WLD/USDT', 'TOSHI/USDT', 'USELESS/USDT', 'A2Z/USDT', 'NOBODY/USDT', 'PUMP/USDT', 'A/USDT', 'MEW/USDT', 'SKY/USDT', 'GIGA/USDT', 'DOOD/USDT']
[VictoryBot] ISO 20022 tradable USD/USDT-like pairs: ['XRP/USDT', 'XLM/USDT', 'ALGO/USDT', 'QNT/USDT', 'XLM/USD', 'ALGO/USD', 'IOTA/USD', 'HBAR/USD', 'HBAR/USDT', 'IOTA/USDT', 'XRP/USD', 'XDC/USDT']
[VictoryBot] Top scored symbols: ['XRP/USDT', 'XRP/USD', 'HBAR/USDT', 'XLM/USDT', 'HBAR/USD', 'ALGO/USDT', 'IOTA/USDT', 'XLM/USD', 'ALGO/USD', 'IOTA/USD']
[VictoryBot] Full scored universe: [('XRP/USDT', 1738847.5807339046, 3477695.18359, -0.09140513421467024, 0.10906963309739337, 0), ('XRP/USD', 540411.2498017307, 1080822.52356, -0.09153846153846146, 0.10322179490785847, 0), ('HBAR/USDT', 186458.3001844536, 372916.68995, -0.15570917528763412, 0.012814707775052848, 0), ('XLM/USDT', 139324.06585307914, 278648.1885, -0.10285714285714286, 0.01640147993322554, 0), ('HBAR/USD', 60356.625964047525, 120713.33889, -0.1512832929782082, 0.012693569433378462, 0), ('ALGO/USDT', 50539.40685642984, 101078.8722, -0.10326859308384657, 0.011580051813355587, 0), ('IOTA/USDT', 35738.601214753966, 71477.2964, -0.16186635944700467, 0.010497745281725977, 0), ('XLM/USD', 24365.1824241228, 48730.4005, -0.0676223965377332, 0.016405611722822164, 0), ('ALGO/USD', 13668.293527437738, 27336.6493, -0.11013011152416356, 0.01277647463113358, 0), ('IOTA/USD', 7601.6688352403535, 15203.42, -0.14177803602556655, 0.0091243410720994, 0)]
[VictoryBot] Momentum signals: ['XLM/USD', 'XRP/USDT', 'XRP/USD', 'XLM/USDT', 'ALGO/USDT']
[VictoryBot] ML signals: []
[VictoryBot] No open positions. Using available USD/USDT balance: 30.93978711
[VictoryBot] Portfolio sizing diagnostics:
  Investable USD: 27.845808399
  Investable per asset: 27.845808399
  XLM/USDT: ATR=0.0117, liquidity=72707.00, computed size=9.28
    Skipping XLM/USDT: size 9.28 below minimum order size.
[VictoryBot] Skipping reserve asset XRP: no valid tradable symbol or below min order size.
[VictoryBot] Skipping reserve asset HBAR: no valid tradable symbol or below min order size.
[VictoryBot] Skipping reserve asset LINK: no valid tradable symbol or below min order size.
[VictoryBot] Skipping reserve asset XLM: no valid tradable symbol or below min order size.
✅ Portfolio in balance. No rebalancing needed.
[VictoryBot] Final target allocations: {}
🚀 EXECUTING PORTFOLIO LADDER
========================================
[VictoryBot] execute_portfolio_ladder called. long_positions: {}, hedge_positions: {}
[VictoryBot][DEBUG] execute_portfolio_ladder symbols: []
[VictoryBot][DEBUG] run_all_strategies called with symbols: []
[VictoryBot][DEBUG] momentum_signals: []
[VictoryBot][DEBUG] ml_signals: []
[VictoryBot][DEBUG] mean_reversion_signals: []
[VictoryBot][DEBUG] pair_trading_signals: []
[VictoryBot][DEBUG] yield_opportunities: []
[VictoryBot][DEBUG] volatility_breakout_signals: []
[VictoryBot][DEBUG] multi_timeframe_momentum_signals: []
[VictoryBot][DEBUG] event_signals: []
[VictoryBot][DEBUG] insurance_signals: []
[VictoryBot][DEBUG] hedge_signals: []
[VictoryBot][DEBUG] top_momentum_assets: []
[VictoryBot] Writing scan results (forced): {'momentum_signals': [], 'ml_signals': [], 'mean_reversion_signals': [], 'pair_trading_signals': [], 'yield_opportunities': [], 'volatility_breakout_signals': [], 'multi_timeframe_momentum_signals': [], 'event_signals': [], 'insurance_signals': [], 'hedge_signals': [], 'top_momentum_assets': [], 'diagnostics': {'num_symbols': 0, 'timestamp': '2025-10-11T12:10:27.622239'}}
[VictoryBot] write_scan_results called. Data: {'momentum_signals': [], 'ml_signals': [], 'diagnostics': {'num_symbols': 0, 'timestamp': '2025-10-11T12:10:27.622239', 'investable_usd': 0, 'investable_per_asset': 0, 'mean_reversion_signals': [], 'pair_trading_signals': [], 'yield_opportunities': [], 'volatility_breakout_signals': [], 'multi_timeframe_momentum_signals': [], 'event_signals': [], 'insurance_signals': [], 'hedge_signals': [], 'top_momentum_assets': []}, 'allocations': {}, 'notes': Full strategy integration. All signals/diagnostics included. No trades/allocations this cycle, but scan and reserves maintained.}
[VictoryBot] scan_results.json written: /Users/nicholaskramer/Downloads/victorychain_stack/runtime/scan_results.json
[VictoryBot] scan_log.jsonl appended: /Users/nicholaskramer/Downloads/victorychain_stack/runtime/scan_log.jsonl
[VictoryBot] Scan results written (forced update).
📊 Executing 0 positions simultaneously...

📊 EXECUTION SUMMARY
=========================
Execution ID: exec_1760199027
Execution time: 0.0 seconds
Target positions: 0
Portfolio fill rate: 0.0%
Portfolio flat: ✅
💾 Report saved: execution_report_exec_1760199027.json
[VictoryBot] Profit target or trailing stop hit for FLOKI/USDT: gain=0.00%, trailing_drop=4.35%. Selling 3985.07...
[VictoryBot] Error in monitor_and_sell_for_profit: 'BTCFreeExecutionEngine' object has no attribute 'execute_order_with_fallback'
[VictoryBot] Available USD balance: 0.0
[VictoryBot] Available USDT balance: 30.93978711
[VictoryBot] All unique quote assets: ['BTC', 'BUSD', 'DAI', 'ETH', 'USD', 'USD4', 'USDC', 'USDT', 'UST']
[VictoryBot] All available tradable USD/USDT-like pairs: ['BTC/USDT', 'ETH/USDT', 'XRP/USDT', 'BCH/USDT', 'LTC/USDT', 'BNB/USDT', 'ADA/USDT', 'BAT/USDT', 'ETC/USDT', 'XLM/USDT', 'ZRX/USDT', 'DOGE/USDT', 'ATOM/USDT', 'NEO/USDT', 'VET/USDT', 'QTUM/USDT', 'ONT/USDT', 'KNC/USDT', 'VTHO/USDT', 'COMP/USDT', 'ONE/USDT', 'BAND/USDT', 'STORJ/USDT', 'UNI/USDT', 'SOL/USDT', 'EGLD/USDT', 'PAXG/USDT', 'OXT/USDT', 'ZEN/USDT', 'BTC/USDC', 'FIL/USDT', 'AAVE/USDT', 'GRT/USDT', 'SHIB/USDT', 'CRV/USDT', 'AXS/USDT', 'AVAX/USDT', 'CTSI/USDT', 'DOT/USDT', 'YFI/USDT', '1INCH/USDT', 'USDC/USDT', 'ETH/USDC', 'MANA/USDT', 'ALGO/USDT', 'LINK/USDT', 'ZEC/USDT', 'ENJ/USDT', 'NEAR/USDT', 'SUSHI/USDT', 'LRC/USDT', 'LPT/USDT', 'NMR/USDT', 'SLP/USDT', 'CHZ/USDT', 'OGN/USDT', 'GALA/USDT', 'TLM/USDT', 'SNX/USDT', 'AUDIO/USDT', 'ENS/USDT', 'REQ/USDT', 'APE/USDT', 'FLUX/USDT', 'COTI/USDT', 'VOXEL/USDT', 'RLC/USDT', 'BICO/USDT', 'API3/USDT', 'BNT/USDT', 'IMX/USDT', 'FLOW/USDT', 'GTC/USDT', 'THETA/USDT', 'TFUEL/USDT', 'OCEAN/USDT', 'LAZIO/USDT', 'SANTOS/USDT', 'ALPINE/USDT', 'PORTO/USDT', 'CELR/USDT', 'SKL/USDT', 'WAXP/USDT', 'LTO/USDT', 'FET/USDT', 'ICP/USDT', 'T/USDT', 'OP/USDT', 'ROSE/USDT', 'CELO/USDT', 'KDA/USDT', 'KSM/USDT', 'ACH/USDT', 'SYS/USDT', 'RAD/USDT', 'ILV/USDT', 'LDO/USDT', 'RARE/USDT', 'LSK/USDT', 'DGB/USDT', 'REEF/USDT', 'ALICE/USDT', 'FORTH/USDT', 'ASTR/USDT', 'BTRST/USDT', 'SAND/USDT', 'GLM/USDT', 'QNT/USDT', 'STG/USDT', 'AXL/USDT', 'KAVA/USDT', 'APT/USDT', 'MASK/USDT', 'BOSON/USDT', 'POND/USDT', 'SOL/USDC', 'ADA/USDC', 'JAM/USDT', 'TRAC/USDT', 'PROM/USDT', 'DIA/USDT', 'LOOM/USDT', 'STMX/USDT', 'BTC/USD', 'ETH/USD', 'BCH/USD', 'LTC/USD', 'USDT/USD', 'BNB/USD', 'ADA/USD', 'ETC/USD', 'XLM/USD', 'LINK/USD', 'RVN/USD', 'ALGO/USD', 'IOTA/USD', 'ATOM/USD', 'ZIL/USD', 'VET/USD', 'HBAR/USD', 'DOGE/USD', 'VTHO/USD', 'USDC/USD', 'ONE/USD', 'UNI/USD', 'SOL/USD', 'AAVE/USD', 'GRT/USD', 'SUSHI/USD', 'CRV/USD', 'AVAX/USD', 'DOT/USD', 'NEAR/USD', 'LPT/USD', 'GALA/USD', 'ENS/USD', 'THETA/USD', 'FET/USD', 'ICP/USD', 'OP/USD', 'KDA/USD', 'DGB/USD', 'SAND/USD', 'SHIB/USD', 'POLYX/USDT', 'IOST/USDT', 'ARB/USDT', 'FLOKI/USDT', 'FLOKI/USD', 'XEC/USDT', 'BLUR/USDT', 'ANKR/USDT', 'DAI/USDT', 'DASH/USDT', 'HBAR/USDT', 'ICX/USDT', 'IOTA/USDT', 'RVN/USDT', 'XNO/USDT', 'XTZ/USDT', 'ZIL/USDT', 'ORBS/USDT', 'ADX/USDT', 'FORT/USDT', 'SUI/USDT', 'ONG/USDT', 'G/USDT', 'RENDER/USDT', 'BONK/USDT', 'MAGIC/USDT', 'PEPE/USDT', 'WIF/USDT', 'IOTX/USDT', 'PNUT/USDT', 'PENGU/USDT', 'POL/USDT', 'TRUMP/USDT', 'NEIRO/USDT', 'SUI/USD', 'XRP/USD', 'BONK/USD', 'PEPE/USD', 'POL/USD', 'RENDER/USD', 'TRUMP/USD', 'EIGEN/USDT', 'ME/USDT', 'ME/USD', 'D/USDT', 'METIS/USDT', 'JUP/USD', 'JUP/USDT', 'S/USD', 'S/USDT', 'JTO/USDT', 'ORCA/USDT', 'DATA/USDT', 'VIRTUAL/USDT', 'AIXBT/USDT', 'KAITO/USDT', 'TURBO/USDT', 'HYPE/USD', 'HYPE/USDT', 'ENA/USDT', 'LAYER/USDT', 'FARTCOIN/USDT', 'SPX/USDT', 'POPCAT/USDT', 'MOODENG/USDT', 'ANIME/USDT', '1000MOG/USDT', 'ONDO/USDT', '1000REKT/USDT', 'XDC/USDT', 'BRETT/USDT', 'WLD/USDT', 'TOSHI/USDT', 'USELESS/USDT', 'A2Z/USDT', 'NOBODY/USDT', 'PUMP/USDT', 'A/USDT', 'MEW/USDT', 'SKY/USDT', 'GIGA/USDT', 'DOOD/USDT']
[VictoryBot] ISO 20022 tradable USD/USDT-like pairs: ['XRP/USDT', 'XLM/USDT', 'ALGO/USDT', 'QNT/USDT', 'XLM/USD', 'ALGO/USD', 'IOTA/USD', 'HBAR/USD', 'HBAR/USDT', 'IOTA/USDT', 'XRP/USD', 'XDC/USDT']
[VictoryBot] Top scored symbols: ['XRP/USDT', 'XRP/USD', 'HBAR/USDT', 'XLM/USDT', 'HBAR/USD', 'ALGO/USDT', 'IOTA/USDT', 'XLM/USD', 'ALGO/USD', 'IOTA/USD']
[VictoryBot] Full scored universe: [('XRP/USDT', 1738580.546194088, 3477161.11235, -0.08781631083604945, 0.1090932074145774, 0), ('XRP/USD', 540411.2498017307, 1080822.52356, -0.09153846153846146, 0.10322179490785847, 0), ('HBAR/USDT', 184757.0377994536, 369514.16518, -0.15570917528763412, 0.012814707775052848, 0), ('XLM/USDT', 139323.51055307913, 278647.0779, -0.10285714285714286, 0.01640147993322554, 0), ('HBAR/USD', 60356.625964047525, 120713.33889, -0.1512832929782082, 0.012693569433378462, 0), ('ALGO/USDT', 50539.40685642984, 101078.8722, -0.10326859308384657, 0.011580051813355587, 0), ('IOTA/USDT', 35738.601214753966, 71477.2964, -0.16186635944700467, 0.010497745281725977, 0), ('XLM/USD', 24365.1824241228, 48730.4005, -0.0676223965377332, 0.016405611722822164, 0), ('ALGO/USD', 13668.293527437738, 27336.6493, -0.11013011152416356, 0.01277647463113358, 0), ('IOTA/USD', 7601.6688352403535, 15203.42, -0.14177803602556655, 0.0091243410720994, 0)]
[VictoryBot] Momentum signals: ['XLM/USD', 'XRP/USDT', 'XRP/USD', 'XLM/USDT', 'ALGO/USDT']
[VictoryBot] ML signals: []
[VictoryBot] No open positions. Using available USD/USDT balance: 30.93978711
[VictoryBot] Portfolio sizing diagnostics:
  Investable USD: 27.845808399
  Investable per asset: 27.845808399
  XLM/USDT: ATR=0.0117, liquidity=85580.00, computed size=9.28
    Skipping XLM/USDT: size 9.28 below minimum order size.
[VictoryBot] Skipping reserve asset XRP: no valid tradable symbol or below min order size.
[VictoryBot] Skipping reserve asset HBAR: no valid tradable symbol or below min order size.
[VictoryBot] Skipping reserve asset LINK: no valid tradable symbol or below min order size.
[VictoryBot] Skipping reserve asset XLM: no valid tradable symbol or below min order size.
✅ Portfolio in balance. No rebalancing needed.
[VictoryBot] Final target allocations: {}
🚀 EXECUTING PORTFOLIO LADDER
========================================
[VictoryBot] execute_portfolio_ladder called. long_positions: {}, hedge_positions: {}
[VictoryBot][DEBUG] execute_portfolio_ladder symbols: []
[VictoryBot][DEBUG] run_all_strategies called with symbols: []
[VictoryBot][DEBUG] momentum_signals: []
[VictoryBot][DEBUG] ml_signals: []
[VictoryBot][DEBUG] mean_reversion_signals: []
[VictoryBot][DEBUG] pair_trading_signals: []
[VictoryBot][DEBUG] yield_opportunities: []
[VictoryBot][DEBUG] volatility_breakout_signals: []
[VictoryBot][DEBUG] multi_timeframe_momentum_signals: []
[VictoryBot][DEBUG] event_signals: []
[VictoryBot][DEBUG] insurance_signals: []
[VictoryBot][DEBUG] hedge_signals: []
[VictoryBot][DEBUG] top_momentum_assets: []
[VictoryBot] Writing scan results (forced): {'momentum_signals': [], 'ml_signals': [], 'mean_reversion_signals': [], 'pair_trading_signals': [], 'yield_opportunities': [], 'volatility_breakout_signals': [], 'multi_timeframe_momentum_signals': [], 'event_signals': [], 'insurance_signals': [], 'hedge_signals': [], 'top_momentum_assets': [], 'diagnostics': {'num_symbols': 0, 'timestamp': '2025-10-11T12:11:51.980575'}}
[VictoryBot] write_scan_results called. Data: {'momentum_signals': [], 'ml_signals': [], 'diagnostics': {'num_symbols': 0, 'timestamp': '2025-10-11T12:11:51.980575', 'investable_usd': 0, 'investable_per_asset': 0, 'mean_reversion_signals': [], 'pair_trading_signals': [], 'yield_opportunities': [], 'volatility_breakout_signals': [], 'multi_timeframe_momentum_signals': [], 'event_signals': [], 'insurance_signals': [], 'hedge_signals': [], 'top_momentum_assets': []}, 'allocations': {}, 'notes': Full strategy integration. All signals/diagnostics included. No trades/allocations this cycle, but scan and reserves maintained.}
[VictoryBot] scan_results.json written: /Users/nicholaskramer/Downloads/victorychain_stack/runtime/scan_results.json
[VictoryBot] scan_log.jsonl appended: /Users/nicholaskramer/Downloads/victorychain_stack/runtime/scan_log.jsonl
[VictoryBot] Scan results written (forced update).
📊 Executing 0 positions simultaneously...

📊 EXECUTION SUMMARY
=========================
Execution ID: exec_1760199111
Execution time: 0.0 seconds
Target positions: 0
Portfolio fill rate: 0.0%
Portfolio flat: ✅
💾 Report saved: execution_report_exec_1760199111.json
[VictoryBot] Profit target or trailing stop hit for FLOKI/USDT: gain=0.00%, trailing_drop=4.35%. Selling 3985.07...
[VictoryBot] Error in monitor_and_sell_for_profit: 'BTCFreeExecutionEngine' object has no attribute 'execute_order_with_fallback'
[VictoryBot] Available USD balance: 0.0
[VictoryBot] Available USDT balance: 30.93978711
[VictoryBot] All unique quote assets: ['BTC', 'BUSD', 'DAI', 'ETH', 'USD', 'USD4', 'USDC', 'USDT', 'UST']
[VictoryBot] All available tradable USD/USDT-like pairs: ['BTC/USDT', 'ETH/USDT', 'XRP/USDT', 'BCH/USDT', 'LTC/USDT', 'BNB/USDT', 'ADA/USDT', 'BAT/USDT', 'ETC/USDT', 'XLM/USDT', 'ZRX/USDT', 'DOGE/USDT', 'ATOM/USDT', 'NEO/USDT', 'VET/USDT', 'QTUM/USDT', 'ONT/USDT', 'KNC/USDT', 'VTHO/USDT', 'COMP/USDT', 'ONE/USDT', 'BAND/USDT', 'STORJ/USDT', 'UNI/USDT', 'SOL/USDT', 'EGLD/USDT', 'PAXG/USDT', 'OXT/USDT', 'ZEN/USDT', 'BTC/USDC', 'FIL/USDT', 'AAVE/USDT', 'GRT/USDT', 'SHIB/USDT', 'CRV/USDT', 'AXS/USDT', 'AVAX/USDT', 'CTSI/USDT', 'DOT/USDT', 'YFI/USDT', '1INCH/USDT', 'USDC/USDT', 'ETH/USDC', 'MANA/USDT', 'ALGO/USDT', 'LINK/USDT', 'ZEC/USDT', 'ENJ/USDT', 'NEAR/USDT', 'SUSHI/USDT', 'LRC/USDT', 'LPT/USDT', 'NMR/USDT', 'SLP/USDT', 'CHZ/USDT', 'OGN/USDT', 'GALA/USDT', 'TLM/USDT', 'SNX/USDT', 'AUDIO/USDT', 'ENS/USDT', 'REQ/USDT', 'APE/USDT', 'FLUX/USDT', 'COTI/USDT', 'VOXEL/USDT', 'RLC/USDT', 'BICO/USDT', 'API3/USDT', 'BNT/USDT', 'IMX/USDT', 'FLOW/USDT', 'GTC/USDT', 'THETA/USDT', 'TFUEL/USDT', 'OCEAN/USDT', 'LAZIO/USDT', 'SANTOS/USDT', 'ALPINE/USDT', 'PORTO/USDT', 'CELR/USDT', 'SKL/USDT', 'WAXP/USDT', 'LTO/USDT', 'FET/USDT', 'ICP/USDT', 'T/USDT', 'OP/USDT', 'ROSE/USDT', 'CELO/USDT', 'KDA/USDT', 'KSM/USDT', 'ACH/USDT', 'SYS/USDT', 'RAD/USDT', 'ILV/USDT', 'LDO/USDT', 'RARE/USDT', 'LSK/USDT', 'DGB/USDT', 'REEF/USDT', 'ALICE/USDT', 'FORTH/USDT', 'ASTR/USDT', 'BTRST/USDT', 'SAND/USDT', 'GLM/USDT', 'QNT/USDT', 'STG/USDT', 'AXL/USDT', 'KAVA/USDT', 'APT/USDT', 'MASK/USDT', 'BOSON/USDT', 'POND/USDT', 'SOL/USDC', 'ADA/USDC', 'JAM/USDT', 'TRAC/USDT', 'PROM/USDT', 'DIA/USDT', 'LOOM/USDT', 'STMX/USDT', 'BTC/USD', 'ETH/USD', 'BCH/USD', 'LTC/USD', 'USDT/USD', 'BNB/USD', 'ADA/USD', 'ETC/USD', 'XLM/USD', 'LINK/USD', 'RVN/USD', 'ALGO/USD', 'IOTA/USD', 'ATOM/USD', 'ZIL/USD', 'VET/USD', 'HBAR/USD', 'DOGE/USD', 'VTHO/USD', 'USDC/USD', 'ONE/USD', 'UNI/USD', 'SOL/USD', 'AAVE/USD', 'GRT/USD', 'SUSHI/USD', 'CRV/USD', 'AVAX/USD', 'DOT/USD', 'NEAR/USD', 'LPT/USD', 'GALA/USD', 'ENS/USD', 'THETA/USD', 'FET/USD', 'ICP/USD', 'OP/USD', 'KDA/USD', 'DGB/USD', 'SAND/USD', 'SHIB/USD', 'POLYX/USDT', 'IOST/USDT', 'ARB/USDT', 'FLOKI/USDT', 'FLOKI/USD', 'XEC/USDT', 'BLUR/USDT', 'ANKR/USDT', 'DAI/USDT', 'DASH/USDT', 'HBAR/USDT', 'ICX/USDT', 'IOTA/USDT', 'RVN/USDT', 'XNO/USDT', 'XTZ/USDT', 'ZIL/USDT', 'ORBS/USDT', 'ADX/USDT', 'FORT/USDT', 'SUI/USDT', 'ONG/USDT', 'G/USDT', 'RENDER/USDT', 'BONK/USDT', 'MAGIC/USDT', 'PEPE/USDT', 'WIF/USDT', 'IOTX/USDT', 'PNUT/USDT', 'PENGU/USDT', 'POL/USDT', 'TRUMP/USDT', 'NEIRO/USDT', 'SUI/USD', 'XRP/USD', 'BONK/USD', 'PEPE/USD', 'POL/USD', 'RENDER/USD', 'TRUMP/USD', 'EIGEN/USDT', 'ME/USDT', 'ME/USD', 'D/USDT', 'METIS/USDT', 'JUP/USD', 'JUP/USDT', 'S/USD', 'S/USDT', 'JTO/USDT', 'ORCA/USDT', 'DATA/USDT', 'VIRTUAL/USDT', 'AIXBT/USDT', 'KAITO/USDT', 'TURBO/USDT', 'HYPE/USD', 'HYPE/USDT', 'ENA/USDT', 'LAYER/USDT', 'FARTCOIN/USDT', 'SPX/USDT', 'POPCAT/USDT', 'MOODENG/USDT', 'ANIME/USDT', '1000MOG/USDT', 'ONDO/USDT', '1000REKT/USDT', 'XDC/USDT', 'BRETT/USDT', 'WLD/USDT', 'TOSHI/USDT', 'USELESS/USDT', 'A2Z/USDT', 'NOBODY/USDT', 'PUMP/USDT', 'A/USDT', 'MEW/USDT', 'SKY/USDT', 'GIGA/USDT', 'DOOD/USDT']
[VictoryBot] ISO 20022 tradable USD/USDT-like pairs: ['XRP/USDT', 'XLM/USDT', 'ALGO/USDT', 'QNT/USDT', 'XLM/USD', 'ALGO/USD', 'IOTA/USD', 'HBAR/USD', 'HBAR/USDT', 'IOTA/USDT', 'XRP/USD', 'XDC/USDT']
[VictoryBot] Top scored symbols: ['XRP/USDT', 'XRP/USD', 'HBAR/USDT', 'XLM/USDT', 'HBAR/USD', 'ALGO/USDT', 'IOTA/USDT', 'XLM/USD', 'ALGO/USD', 'IOTA/USD']
[VictoryBot] Full scored universe: [('XRP/USDT', 1738677.5236390878, 3477355.06724, -0.08781631083604945, 0.1090932074145774, 0), ('XRP/USD', 540411.2498017307, 1080822.52356, -0.09153846153846146, 0.10322179490785847, 0), ('HBAR/USDT', 183715.8674144536, 367431.82441, -0.15570917528763412, 0.012814707775052848, 0), ('XLM/USDT', 139323.51055307913, 278647.0779, -0.10285714285714286, 0.01640147993322554, 0), ('HBAR/USD', 60356.625964047525, 120713.33889, -0.1512832929782082, 0.012693569433378462, 0), ('ALGO/USDT', 50514.05078256628, 101028.1646, -0.11084793936522977, 0.011579653880837718, 0), ('IOTA/USDT', 35738.601214753966, 71477.2964, -0.16186635944700467, 0.010497745281725977, 0), ('XLM/USD', 24365.1824241228, 48730.4005, -0.0676223965377332, 0.016405611722822164, 0), ('ALGO/USD', 13668.293527437738, 27336.6493, -0.11013011152416356, 0.01277647463113358, 0), ('IOTA/USD', 7601.6688352403535, 15203.42, -0.14177803602556655, 0.0091243410720994, 0)]
[VictoryBot] Momentum signals: ['XLM/USD', 'XRP/USDT', 'XRP/USD', 'XLM/USDT', 'ALGO/USD']
[VictoryBot] ML signals: []
[VictoryBot] No open positions. Using available USD/USDT balance: 30.93978711
[VictoryBot] Portfolio sizing diagnostics:
  Investable USD: 27.845808399
  Investable per asset: 27.845808399
  XLM/USDT: ATR=0.0117, liquidity=62688.00, computed size=9.28
    Skipping XLM/USDT: size 9.28 below minimum order size.
[VictoryBot] Skipping reserve asset XRP: no valid tradable symbol or below min order size.
[VictoryBot] Skipping reserve asset HBAR: no valid tradable symbol or below min order size.
[VictoryBot] Skipping reserve asset LINK: no valid tradable symbol or below min order size.
[VictoryBot] Skipping reserve asset XLM: no valid tradable symbol or below min order size.
✅ Portfolio in balance. No rebalancing needed.
[VictoryBot] Final target allocations: {}
🚀 EXECUTING PORTFOLIO LADDER
========================================
[VictoryBot] execute_portfolio_ladder called. long_positions: {}, hedge_positions: {}
[VictoryBot][DEBUG] execute_portfolio_ladder symbols: []
[VictoryBot][DEBUG] run_all_strategies called with symbols: []
[VictoryBot][DEBUG] momentum_signals: []
[VictoryBot][DEBUG] ml_signals: []
[VictoryBot][DEBUG] mean_reversion_signals: []
[VictoryBot][DEBUG] pair_trading_signals: []
[VictoryBot][DEBUG] yield_opportunities: []
[VictoryBot][DEBUG] volatility_breakout_signals: []
[VictoryBot][DEBUG] multi_timeframe_momentum_signals: []
[VictoryBot][DEBUG] event_signals: []
[VictoryBot][DEBUG] insurance_signals: []
[VictoryBot][DEBUG] hedge_signals: []
[VictoryBot][DEBUG] top_momentum_assets: []
[VictoryBot] Writing scan results (forced): {'momentum_signals': [], 'ml_signals': [], 'mean_reversion_signals': [], 'pair_trading_signals': [], 'yield_opportunities': [], 'volatility_breakout_signals': [], 'multi_timeframe_momentum_signals': [], 'event_signals': [], 'insurance_signals': [], 'hedge_signals': [], 'top_momentum_assets': [], 'diagnostics': {'num_symbols': 0, 'timestamp': '2025-10-11T12:13:16.609958'}}
[VictoryBot] write_scan_results called. Data: {'momentum_signals': [], 'ml_signals': [], 'diagnostics': {'num_symbols': 0, 'timestamp': '2025-10-11T12:13:16.609958', 'investable_usd': 0, 'investable_per_asset': 0, 'mean_reversion_signals': [], 'pair_trading_signals': [], 'yield_opportunities': [], 'volatility_breakout_signals': [], 'multi_timeframe_momentum_signals': [], 'event_signals': [], 'insurance_signals': [], 'hedge_signals': [], 'top_momentum_assets': []}, 'allocations': {}, 'notes': Full strategy integration. All signals/diagnostics included. No trades/allocations this cycle, but scan and reserves maintained.}
[VictoryBot] scan_results.json written: /Users/nicholaskramer/Downloads/victorychain_stack/runtime/scan_results.json
[VictoryBot] scan_log.jsonl appended: /Users/nicholaskramer/Downloads/victorychain_stack/runtime/scan_log.jsonl
[VictoryBot] Scan results written (forced update).
📊 Executing 0 positions simultaneously...

📊 EXECUTION SUMMARY
=========================
Execution ID: exec_1760199196
Execution time: 0.0 seconds
Target positions: 0
Portfolio fill rate: 0.0%
Portfolio flat: ✅
💾 Report saved: execution_report_exec_1760199196.json
[VictoryBot] Profit target or trailing stop hit for FLOKI/USDT: gain=0.00%, trailing_drop=4.35%. Selling 3985.07...
[VictoryBot] Error in monitor_and_sell_for_profit: 'BTCFreeExecutionEngine' object has no attribute 'execute_order_with_fallback'
[VictoryBot] Available USD balance: 0.0
[VictoryBot] Available USDT balance: 30.93978711
[VictoryBot] All unique quote assets: ['BTC', 'BUSD', 'DAI', 'ETH', 'USD', 'USD4', 'USDC', 'USDT', 'UST']
[VictoryBot] All available tradable USD/USDT-like pairs: ['BTC/USDT', 'ETH/USDT', 'XRP/USDT', 'BCH/USDT', 'LTC/USDT', 'BNB/USDT', 'ADA/USDT', 'BAT/USDT', 'ETC/USDT', 'XLM/USDT', 'ZRX/USDT', 'DOGE/USDT', 'ATOM/USDT', 'NEO/USDT', 'VET/USDT', 'QTUM/USDT', 'ONT/USDT', 'KNC/USDT', 'VTHO/USDT', 'COMP/USDT', 'ONE/USDT', 'BAND/USDT', 'STORJ/USDT', 'UNI/USDT', 'SOL/USDT', 'EGLD/USDT', 'PAXG/USDT', 'OXT/USDT', 'ZEN/USDT', 'BTC/USDC', 'FIL/USDT', 'AAVE/USDT', 'GRT/USDT', 'SHIB/USDT', 'CRV/USDT', 'AXS/USDT', 'AVAX/USDT', 'CTSI/USDT', 'DOT/USDT', 'YFI/USDT', '1INCH/USDT', 'USDC/USDT', 'ETH/USDC', 'MANA/USDT', 'ALGO/USDT', 'LINK/USDT', 'ZEC/USDT', 'ENJ/USDT', 'NEAR/USDT', 'SUSHI/USDT', 'LRC/USDT', 'LPT/USDT', 'NMR/USDT', 'SLP/USDT', 'CHZ/USDT', 'OGN/USDT', 'GALA/USDT', 'TLM/USDT', 'SNX/USDT', 'AUDIO/USDT', 'ENS/USDT', 'REQ/USDT', 'APE/USDT', 'FLUX/USDT', 'COTI/USDT', 'VOXEL/USDT', 'RLC/USDT', 'BICO/USDT', 'API3/USDT', 'BNT/USDT', 'IMX/USDT', 'FLOW/USDT', 'GTC/USDT', 'THETA/USDT', 'TFUEL/USDT', 'OCEAN/USDT', 'LAZIO/USDT', 'SANTOS/USDT', 'ALPINE/USDT', 'PORTO/USDT', 'CELR/USDT', 'SKL/USDT', 'WAXP/USDT', 'LTO/USDT', 'FET/USDT', 'ICP/USDT', 'T/USDT', 'OP/USDT', 'ROSE/USDT', 'CELO/USDT', 'KDA/USDT', 'KSM/USDT', 'ACH/USDT', 'SYS/USDT', 'RAD/USDT', 'ILV/USDT', 'LDO/USDT', 'RARE/USDT', 'LSK/USDT', 'DGB/USDT', 'REEF/USDT', 'ALICE/USDT', 'FORTH/USDT', 'ASTR/USDT', 'BTRST/USDT', 'SAND/USDT', 'GLM/USDT', 'QNT/USDT', 'STG/USDT', 'AXL/USDT', 'KAVA/USDT', 'APT/USDT', 'MASK/USDT', 'BOSON/USDT', 'POND/USDT', 'SOL/USDC', 'ADA/USDC', 'JAM/USDT', 'TRAC/USDT', 'PROM/USDT', 'DIA/USDT', 'LOOM/USDT', 'STMX/USDT', 'BTC/USD', 'ETH/USD', 'BCH/USD', 'LTC/USD', 'USDT/USD', 'BNB/USD', 'ADA/USD', 'ETC/USD', 'XLM/USD', 'LINK/USD', 'RVN/USD', 'ALGO/USD', 'IOTA/USD', 'ATOM/USD', 'ZIL/USD', 'VET/USD', 'HBAR/USD', 'DOGE/USD', 'VTHO/USD', 'USDC/USD', 'ONE/USD', 'UNI/USD', 'SOL/USD', 'AAVE/USD', 'GRT/USD', 'SUSHI/USD', 'CRV/USD', 'AVAX/USD', 'DOT/USD', 'NEAR/USD', 'LPT/USD', 'GALA/USD', 'ENS/USD', 'THETA/USD', 'FET/USD', 'ICP/USD', 'OP/USD', 'KDA/USD', 'DGB/USD', 'SAND/USD', 'SHIB/USD', 'POLYX/USDT', 'IOST/USDT', 'ARB/USDT', 'FLOKI/USDT', 'FLOKI/USD', 'XEC/USDT', 'BLUR/USDT', 'ANKR/USDT', 'DAI/USDT', 'DASH/USDT', 'HBAR/USDT', 'ICX/USDT', 'IOTA/USDT', 'RVN/USDT', 'XNO/USDT', 'XTZ/USDT', 'ZIL/USDT', 'ORBS/USDT', 'ADX/USDT', 'FORT/USDT', 'SUI/USDT', 'ONG/USDT', 'G/USDT', 'RENDER/USDT', 'BONK/USDT', 'MAGIC/USDT', 'PEPE/USDT', 'WIF/USDT', 'IOTX/USDT', 'PNUT/USDT', 'PENGU/USDT', 'POL/USDT', 'TRUMP/USDT', 'NEIRO/USDT', 'SUI/USD', 'XRP/USD', 'BONK/USD', 'PEPE/USD', 'POL/USD', 'RENDER/USD', 'TRUMP/USD', 'EIGEN/USDT', 'ME/USDT', 'ME/USD', 'D/USDT', 'METIS/USDT', 'JUP/USD', 'JUP/USDT', 'S/USD', 'S/USDT', 'JTO/USDT', 'ORCA/USDT', 'DATA/USDT', 'VIRTUAL/USDT', 'AIXBT/USDT', 'KAITO/USDT', 'TURBO/USDT', 'HYPE/USD', 'HYPE/USDT', 'ENA/USDT', 'LAYER/USDT', 'FARTCOIN/USDT', 'SPX/USDT', 'POPCAT/USDT', 'MOODENG/USDT', 'ANIME/USDT', '1000MOG/USDT', 'ONDO/USDT', '1000REKT/USDT', 'XDC/USDT', 'BRETT/USDT', 'WLD/USDT', 'TOSHI/USDT', 'USELESS/USDT', 'A2Z/USDT', 'NOBODY/USDT', 'PUMP/USDT', 'A/USDT', 'MEW/USDT', 'SKY/USDT', 'GIGA/USDT', 'DOOD/USDT']
[VictoryBot] ISO 20022 tradable USD/USDT-like pairs: ['XRP/USDT', 'XLM/USDT', 'ALGO/USDT', 'QNT/USDT', 'XLM/USD', 'ALGO/USD', 'IOTA/USD', 'HBAR/USD', 'HBAR/USDT', 'IOTA/USDT', 'XRP/USD', 'XDC/USDT']
[VictoryBot] Top scored symbols: ['XRP/USDT', 'XRP/USD', 'HBAR/USDT', 'XLM/USDT', 'HBAR/USD', 'ALGO/USDT', 'IOTA/USDT', 'XLM/USD', 'ALGO/USD', 'IOTA/USD']
[VictoryBot] Full scored universe: [('XRP/USDT', 1738646.6950757196, 3477293.41029, -0.08810927600981439, 0.10909001596846525, 0), ('XRP/USD', 540411.2498017307, 1080822.52356, -0.09153846153846146, 0.10322179490785847, 0), ('HBAR/USDT', 182082.84744945358, 364165.78448, -0.15570917528763412, 0.012814707775052848, 0), ('XLM/USDT', 139323.51055307913, 278647.0779, -0.10285714285714286, 0.01640147993322554, 0), ('HBAR/USD', 60356.625964047525, 120713.33889, -0.1512832929782082, 0.012693569433378462, 0), ('ALGO/USDT', 50514.05078256628, 101028.1646, -0.11084793936522977, 0.011579653880837718, 0), ('IOTA/USDT', 35738.601214753966, 71477.2964, -0.16186635944700467, 0.010497745281725977, 0), ('XLM/USD', 24365.1824241228, 48730.4005, -0.0676223965377332, 0.016405611722822164, 0), ('ALGO/USD', 13668.293527437738, 27336.6493, -0.11013011152416356, 0.01277647463113358, 0), ('IOTA/USD', 7601.6688352403535, 15203.42, -0.14177803602556655, 0.0091243410720994, 0)]
[VictoryBot] Momentum signals: ['XLM/USD', 'XRP/USDT', 'XRP/USD', 'XLM/USDT', 'ALGO/USD']
[VictoryBot] ML signals: []
[VictoryBot] No open positions. Using available USD/USDT balance: 30.93978711
[VictoryBot] Portfolio sizing diagnostics:
  Investable USD: 27.845808399
  Investable per asset: 27.845808399
  XLM/USDT: ATR=0.0117, liquidity=75153.00, computed size=9.28
    Skipping XLM/USDT: size 9.28 below minimum order size.
[VictoryBot] Skipping reserve asset XRP: no valid tradable symbol or below min order size.
[VictoryBot] Skipping reserve asset HBAR: no valid tradable symbol or below min order size.
[VictoryBot] Skipping reserve asset LINK: no valid tradable symbol or below min order size.
[VictoryBot] Skipping reserve asset XLM: no valid tradable symbol or below min order size.
✅ Portfolio in balance. No rebalancing needed.
[VictoryBot] Final target allocations: {}
🚀 EXECUTING PORTFOLIO LADDER
========================================
[VictoryBot] execute_portfolio_ladder called. long_positions: {}, hedge_positions: {}
[VictoryBot][DEBUG] execute_portfolio_ladder symbols: []
[VictoryBot][DEBUG] run_all_strategies called with symbols: []
[VictoryBot][DEBUG] momentum_signals: []
[VictoryBot][DEBUG] ml_signals: []
[VictoryBot][DEBUG] mean_reversion_signals: []
[VictoryBot][DEBUG] pair_trading_signals: []
[VictoryBot][DEBUG] yield_opportunities: []
[VictoryBot][DEBUG] volatility_breakout_signals: []
[VictoryBot][DEBUG] multi_timeframe_momentum_signals: []
[VictoryBot][DEBUG] event_signals: []
[VictoryBot][DEBUG] insurance_signals: []
[VictoryBot][DEBUG] hedge_signals: []
[VictoryBot][DEBUG] top_momentum_assets: []
[VictoryBot] Writing scan results (forced): {'momentum_signals': [], 'ml_signals': [], 'mean_reversion_signals': [], 'pair_trading_signals': [], 'yield_opportunities': [], 'volatility_breakout_signals': [], 'multi_timeframe_momentum_signals': [], 'event_signals': [], 'insurance_signals': [], 'hedge_signals': [], 'top_momentum_assets': [], 'diagnostics': {'num_symbols': 0, 'timestamp': '2025-10-11T12:14:40.869028'}}
[VictoryBot] write_scan_results called. Data: {'momentum_signals': [], 'ml_signals': [], 'diagnostics': {'num_symbols': 0, 'timestamp': '2025-10-11T12:14:40.869028', 'investable_usd': 0, 'investable_per_asset': 0, 'mean_reversion_signals': [], 'pair_trading_signals': [], 'yield_opportunities': [], 'volatility_breakout_signals': [], 'multi_timeframe_momentum_signals': [], 'event_signals': [], 'insurance_signals': [], 'hedge_signals': [], 'top_momentum_assets': []}, 'allocations': {}, 'notes': Full strategy integration. All signals/diagnostics included. No trades/allocations this cycle, but scan and reserves maintained.}
[VictoryBot] scan_results.json written: /Users/nicholaskramer/Downloads/victorychain_stack/runtime/scan_results.json
[VictoryBot] scan_log.jsonl appended: /Users/nicholaskramer/Downloads/victorychain_stack/runtime/scan_log.jsonl
[VictoryBot] Scan results written (forced update).
📊 Executing 0 positions simultaneously...

📊 EXECUTION SUMMARY
=========================
Execution ID: exec_1760199280
Execution time: 0.0 seconds
Target positions: 0
Portfolio fill rate: 0.0%
Portfolio flat: ✅
💾 Report saved: execution_report_exec_1760199280.json
[VictoryBot] Profit target or trailing stop hit for FLOKI/USDT: gain=0.00%, trailing_drop=4.35%. Selling 3985.07...
[VictoryBot] Error in monitor_and_sell_for_profit: 'BTCFreeExecutionEngine' object has no attribute 'execute_order_with_fallback'
[VictoryBot] Available USD balance: 0.0
[VictoryBot] Available USDT balance: 30.93978711
[VictoryBot] All unique quote assets: ['BTC', 'BUSD', 'DAI', 'ETH', 'USD', 'USD4', 'USDC', 'USDT', 'UST']
[VictoryBot] All available tradable USD/USDT-like pairs: ['BTC/USDT', 'ETH/USDT', 'XRP/USDT', 'BCH/USDT', 'LTC/USDT', 'BNB/USDT', 'ADA/USDT', 'BAT/USDT', 'ETC/USDT', 'XLM/USDT', 'ZRX/USDT', 'DOGE/USDT', 'ATOM/USDT', 'NEO/USDT', 'VET/USDT', 'QTUM/USDT', 'ONT/USDT', 'KNC/USDT', 'VTHO/USDT', 'COMP/USDT', 'ONE/USDT', 'BAND/USDT', 'STORJ/USDT', 'UNI/USDT', 'SOL/USDT', 'EGLD/USDT', 'PAXG/USDT', 'OXT/USDT', 'ZEN/USDT', 'BTC/USDC', 'FIL/USDT', 'AAVE/USDT', 'GRT/USDT', 'SHIB/USDT', 'CRV/USDT', 'AXS/USDT', 'AVAX/USDT', 'CTSI/USDT', 'DOT/USDT', 'YFI/USDT', '1INCH/USDT', 'USDC/USDT', 'ETH/USDC', 'MANA/USDT', 'ALGO/USDT', 'LINK/USDT', 'ZEC/USDT', 'ENJ/USDT', 'NEAR/USDT', 'SUSHI/USDT', 'LRC/USDT', 'LPT/USDT', 'NMR/USDT', 'SLP/USDT', 'CHZ/USDT', 'OGN/USDT', 'GALA/USDT', 'TLM/USDT', 'SNX/USDT', 'AUDIO/USDT', 'ENS/USDT', 'REQ/USDT', 'APE/USDT', 'FLUX/USDT', 'COTI/USDT', 'VOXEL/USDT', 'RLC/USDT', 'BICO/USDT', 'API3/USDT', 'BNT/USDT', 'IMX/USDT', 'FLOW/USDT', 'GTC/USDT', 'THETA/USDT', 'TFUEL/USDT', 'OCEAN/USDT', 'LAZIO/USDT', 'SANTOS/USDT', 'ALPINE/USDT', 'PORTO/USDT', 'CELR/USDT', 'SKL/USDT', 'WAXP/USDT', 'LTO/USDT', 'FET/USDT', 'ICP/USDT', 'T/USDT', 'OP/USDT', 'ROSE/USDT', 'CELO/USDT', 'KDA/USDT', 'KSM/USDT', 'ACH/USDT', 'SYS/USDT', 'RAD/USDT', 'ILV/USDT', 'LDO/USDT', 'RARE/USDT', 'LSK/USDT', 'DGB/USDT', 'REEF/USDT', 'ALICE/USDT', 'FORTH/USDT', 'ASTR/USDT', 'BTRST/USDT', 'SAND/USDT', 'GLM/USDT', 'QNT/USDT', 'STG/USDT', 'AXL/USDT', 'KAVA/USDT', 'APT/USDT', 'MASK/USDT', 'BOSON/USDT', 'POND/USDT', 'SOL/USDC', 'ADA/USDC', 'JAM/USDT', 'TRAC/USDT', 'PROM/USDT', 'DIA/USDT', 'LOOM/USDT', 'STMX/USDT', 'BTC/USD', 'ETH/USD', 'BCH/USD', 'LTC/USD', 'USDT/USD', 'BNB/USD', 'ADA/USD', 'ETC/USD', 'XLM/USD', 'LINK/USD', 'RVN/USD', 'ALGO/USD', 'IOTA/USD', 'ATOM/USD', 'ZIL/USD', 'VET/USD', 'HBAR/USD', 'DOGE/USD', 'VTHO/USD', 'USDC/USD', 'ONE/USD', 'UNI/USD', 'SOL/USD', 'AAVE/USD', 'GRT/USD', 'SUSHI/USD', 'CRV/USD', 'AVAX/USD', 'DOT/USD', 'NEAR/USD', 'LPT/USD', 'GALA/USD', 'ENS/USD', 'THETA/USD', 'FET/USD', 'ICP/USD', 'OP/USD', 'KDA/USD', 'DGB/USD', 'SAND/USD', 'SHIB/USD', 'POLYX/USDT', 'IOST/USDT', 'ARB/USDT', 'FLOKI/USDT', 'FLOKI/USD', 'XEC/USDT', 'BLUR/USDT', 'ANKR/USDT', 'DAI/USDT', 'DASH/USDT', 'HBAR/USDT', 'ICX/USDT', 'IOTA/USDT', 'RVN/USDT', 'XNO/USDT', 'XTZ/USDT', 'ZIL/USDT', 'ORBS/USDT', 'ADX/USDT', 'FORT/USDT', 'SUI/USDT', 'ONG/USDT', 'G/USDT', 'RENDER/USDT', 'BONK/USDT', 'MAGIC/USDT', 'PEPE/USDT', 'WIF/USDT', 'IOTX/USDT', 'PNUT/USDT', 'PENGU/USDT', 'POL/USDT', 'TRUMP/USDT', 'NEIRO/USDT', 'SUI/USD', 'XRP/USD', 'BONK/USD', 'PEPE/USD', 'POL/USD', 'RENDER/USD', 'TRUMP/USD', 'EIGEN/USDT', 'ME/USDT', 'ME/USD', 'D/USDT', 'METIS/USDT', 'JUP/USD', 'JUP/USDT', 'S/USD', 'S/USDT', 'JTO/USDT', 'ORCA/USDT', 'DATA/USDT', 'VIRTUAL/USDT', 'AIXBT/USDT', 'KAITO/USDT', 'TURBO/USDT', 'HYPE/USD', 'HYPE/USDT', 'ENA/USDT', 'LAYER/USDT', 'FARTCOIN/USDT', 'SPX/USDT', 'POPCAT/USDT', 'MOODENG/USDT', 'ANIME/USDT', '1000MOG/USDT', 'ONDO/USDT', '1000REKT/USDT', 'XDC/USDT', 'BRETT/USDT', 'WLD/USDT', 'TOSHI/USDT', 'USELESS/USDT', 'A2Z/USDT', 'NOBODY/USDT', 'PUMP/USDT', 'A/USDT', 'MEW/USDT', 'SKY/USDT', 'GIGA/USDT', 'DOOD/USDT']
[VictoryBot] ISO 20022 tradable USD/USDT-like pairs: ['XRP/USDT', 'XLM/USDT', 'ALGO/USDT', 'QNT/USDT', 'XLM/USD', 'ALGO/USD', 'IOTA/USD', 'HBAR/USD', 'HBAR/USDT', 'IOTA/USDT', 'XRP/USD', 'XDC/USDT']
[VictoryBot] Top scored symbols: ['XRP/USDT', 'XRP/USD', 'HBAR/USDT', 'XLM/USDT', 'HBAR/USD', 'ALGO/USDT', 'IOTA/USDT', 'XLM/USD', 'ALGO/USD', 'IOTA/USD']
[VictoryBot] Full scored universe: [('XRP/USDT', 1738872.523352574, 3477745.07043, -0.09407844142527554, 0.10907404501530145, 0), ('XRP/USD', 540411.2498017307, 1080822.52356, -0.09153846153846146, 0.10322179490785847, 0), ('HBAR/USDT', 181875.7024494536, 363751.49448, -0.15570917528763412, 0.012814707775052848, 0), ('XLM/USDT', 139257.44165307915, 278514.9401, -0.10285714285714286, 0.01640147993322554, 0), ('HBAR/USD', 60356.625964047525, 120713.33889, -0.1512832929782082, 0.012693569433378462, 0), ('ALGO/USDT', 50603.39486604771, 101206.8431, -0.09474182851729046, 0.0115906417423713, 0), ('IOTA/USDT', 35738.601214753966, 71477.2964, -0.16186635944700467, 0.010497745281725977, 0), ('XLM/USD', 24365.1824241228, 48730.4005, -0.0676223965377332, 0.016405611722822164, 0), ('ALGO/USD', 13754.755777437736, 27509.5738, -0.11013011152416356, 0.01277647463113358, 0), ('IOTA/USD', 7601.6688352403535, 15203.42, -0.14177803602556655, 0.0091243410720994, 0)]
[VictoryBot] Momentum signals: ['XLM/USD', 'XRP/USD', 'XRP/USDT', 'ALGO/USDT', 'XLM/USDT']
[VictoryBot] ML signals: []
[VictoryBot] No open positions. Using available USD/USDT balance: 30.93978711
[VictoryBot] Portfolio sizing diagnostics:
  Investable USD: 27.845808399
  Investable per asset: 27.845808399
  XLM/USDT: ATR=0.0117, liquidity=72679.00, computed size=9.28
    Skipping XLM/USDT: size 9.28 below minimum order size.
[VictoryBot] Skipping reserve asset XRP: no valid tradable symbol or below min order size.
[VictoryBot] Skipping reserve asset HBAR: no valid tradable symbol or below min order size.
[VictoryBot] Skipping reserve asset LINK: no valid tradable symbol or below min order size.
[VictoryBot] Skipping reserve asset XLM: no valid tradable symbol or below min order size.
✅ Portfolio in balance. No rebalancing needed.
[VictoryBot] Final target allocations: {}
🚀 EXECUTING PORTFOLIO LADDER
========================================
[VictoryBot] execute_portfolio_ladder called. long_positions: {}, hedge_positions: {}
[VictoryBot][DEBUG] execute_portfolio_ladder symbols: []
[VictoryBot][DEBUG] run_all_strategies called with symbols: []
[VictoryBot][DEBUG] momentum_signals: []
[VictoryBot][DEBUG] ml_signals: []
[VictoryBot][DEBUG] mean_reversion_signals: []
[VictoryBot][DEBUG] pair_trading_signals: []
[VictoryBot][DEBUG] yield_opportunities: []
[VictoryBot][DEBUG] volatility_breakout_signals: []
[VictoryBot][DEBUG] multi_timeframe_momentum_signals: []
[VictoryBot][DEBUG] event_signals: []
[VictoryBot][DEBUG] insurance_signals: []
[VictoryBot][DEBUG] hedge_signals: []
[VictoryBot][DEBUG] top_momentum_assets: []
[VictoryBot] Writing scan results (forced): {'momentum_signals': [], 'ml_signals': [], 'mean_reversion_signals': [], 'pair_trading_signals': [], 'yield_opportunities': [], 'volatility_breakout_signals': [], 'multi_timeframe_momentum_signals': [], 'event_signals': [], 'insurance_signals': [], 'hedge_signals': [], 'top_momentum_assets': [], 'diagnostics': {'num_symbols': 0, 'timestamp': '2025-10-11T12:16:05.154934'}}
[VictoryBot] write_scan_results called. Data: {'momentum_signals': [], 'ml_signals': [], 'diagnostics': {'num_symbols': 0, 'timestamp': '2025-10-11T12:16:05.154934', 'investable_usd': 0, 'investable_per_asset': 0, 'mean_reversion_signals': [], 'pair_trading_signals': [], 'yield_opportunities': [], 'volatility_breakout_signals': [], 'multi_timeframe_momentum_signals': [], 'event_signals': [], 'insurance_signals': [], 'hedge_signals': [], 'top_momentum_assets': []}, 'allocations': {}, 'notes': Full strategy integration. All signals/diagnostics included. No trades/allocations this cycle, but scan and reserves maintained.}
[VictoryBot] scan_results.json written: /Users/nicholaskramer/Downloads/victorychain_stack/runtime/scan_results.json
[VictoryBot] scan_log.jsonl appended: /Users/nicholaskramer/Downloads/victorychain_stack/runtime/scan_log.jsonl
[VictoryBot] Scan results written (forced update).
📊 Executing 0 positions simultaneously...

📊 EXECUTION SUMMARY
=========================
Execution ID: exec_1760199365
Execution time: 0.0 seconds
Target positions: 0
Portfolio fill rate: 0.0%
Portfolio flat: ✅
💾 Report saved: execution_report_exec_1760199365.json
[VictoryBot] Available USD balance: 0.0
[VictoryBot] Available USDT balance: 30.93978711
[VictoryBot] All unique quote assets: ['BTC', 'BUSD', 'DAI', 'ETH', 'USD', 'USD4', 'USDC', 'USDT', 'UST']
[VictoryBot] All available tradable USD/USDT-like pairs: ['BTC/USDT', 'ETH/USDT', 'XRP/USDT', 'BCH/USDT', 'LTC/USDT', 'BNB/USDT', 'ADA/USDT', 'BAT/USDT', 'ETC/USDT', 'XLM/USDT', 'ZRX/USDT', 'DOGE/USDT', 'ATOM/USDT', 'NEO/USDT', 'VET/USDT', 'QTUM/USDT', 'ONT/USDT', 'KNC/USDT', 'VTHO/USDT', 'COMP/USDT', 'ONE/USDT', 'BAND/USDT', 'STORJ/USDT', 'UNI/USDT', 'SOL/USDT', 'EGLD/USDT', 'PAXG/USDT', 'OXT/USDT', 'ZEN/USDT', 'BTC/USDC', 'FIL/USDT', 'AAVE/USDT', 'GRT/USDT', 'SHIB/USDT', 'CRV/USDT', 'AXS/USDT', 'AVAX/USDT', 'CTSI/USDT', 'DOT/USDT', 'YFI/USDT', '1INCH/USDT', 'USDC/USDT', 'ETH/USDC', 'MANA/USDT', 'ALGO/USDT', 'LINK/USDT', 'ZEC/USDT', 'ENJ/USDT', 'NEAR/USDT', 'SUSHI/USDT', 'LRC/USDT', 'LPT/USDT', 'NMR/USDT', 'SLP/USDT', 'CHZ/USDT', 'OGN/USDT', 'GALA/USDT', 'TLM/USDT', 'SNX/USDT', 'AUDIO/USDT', 'ENS/USDT', 'REQ/USDT', 'APE/USDT', 'FLUX/USDT', 'COTI/USDT', 'VOXEL/USDT', 'RLC/USDT', 'BICO/USDT', 'API3/USDT', 'BNT/USDT', 'IMX/USDT', 'FLOW/USDT', 'GTC/USDT', 'THETA/USDT', 'TFUEL/USDT', 'OCEAN/USDT', 'LAZIO/USDT', 'SANTOS/USDT', 'ALPINE/USDT', 'PORTO/USDT', 'CELR/USDT', 'SKL/USDT', 'WAXP/USDT', 'LTO/USDT', 'FET/USDT', 'ICP/USDT', 'T/USDT', 'OP/USDT', 'ROSE/USDT', 'CELO/USDT', 'KDA/USDT', 'KSM/USDT', 'ACH/USDT', 'SYS/USDT', 'RAD/USDT', 'ILV/USDT', 'LDO/USDT', 'RARE/USDT', 'LSK/USDT', 'DGB/USDT', 'REEF/USDT', 'ALICE/USDT', 'FORTH/USDT', 'ASTR/USDT', 'BTRST/USDT', 'SAND/USDT', 'GLM/USDT', 'QNT/USDT', 'STG/USDT', 'AXL/USDT', 'KAVA/USDT', 'APT/USDT', 'MASK/USDT', 'BOSON/USDT', 'POND/USDT', 'SOL/USDC', 'ADA/USDC', 'JAM/USDT', 'TRAC/USDT', 'PROM/USDT', 'DIA/USDT', 'LOOM/USDT', 'STMX/USDT', 'BTC/USD', 'ETH/USD', 'BCH/USD', 'LTC/USD', 'USDT/USD', 'BNB/USD', 'ADA/USD', 'ETC/USD', 'XLM/USD', 'LINK/USD', 'RVN/USD', 'ALGO/USD', 'IOTA/USD', 'ATOM/USD', 'ZIL/USD', 'VET/USD', 'HBAR/USD', 'DOGE/USD', 'VTHO/USD', 'USDC/USD', 'ONE/USD', 'UNI/USD', 'SOL/USD', 'AAVE/USD', 'GRT/USD', 'SUSHI/USD', 'CRV/USD', 'AVAX/USD', 'DOT/USD', 'NEAR/USD', 'LPT/USD', 'GALA/USD', 'ENS/USD', 'THETA/USD', 'FET/USD', 'ICP/USD', 'OP/USD', 'KDA/USD', 'DGB/USD', 'SAND/USD', 'SHIB/USD', 'POLYX/USDT', 'IOST/USDT', 'ARB/USDT', 'FLOKI/USDT', 'FLOKI/USD', 'XEC/USDT', 'BLUR/USDT', 'ANKR/USDT', 'DAI/USDT', 'DASH/USDT', 'HBAR/USDT', 'ICX/USDT', 'IOTA/USDT', 'RVN/USDT', 'XNO/USDT', 'XTZ/USDT', 'ZIL/USDT', 'ORBS/USDT', 'ADX/USDT', 'FORT/USDT', 'SUI/USDT', 'ONG/USDT', 'G/USDT', 'RENDER/USDT', 'BONK/USDT', 'MAGIC/USDT', 'PEPE/USDT', 'WIF/USDT', 'IOTX/USDT', 'PNUT/USDT', 'PENGU/USDT', 'POL/USDT', 'TRUMP/USDT', 'NEIRO/USDT', 'SUI/USD', 'XRP/USD', 'BONK/USD', 'PEPE/USD', 'POL/USD', 'RENDER/USD', 'TRUMP/USD', 'EIGEN/USDT', 'ME/USDT', 'ME/USD', 'D/USDT', 'METIS/USDT', 'JUP/USD', 'JUP/USDT', 'S/USD', 'S/USDT', 'JTO/USDT', 'ORCA/USDT', 'DATA/USDT', 'VIRTUAL/USDT', 'AIXBT/USDT', 'KAITO/USDT', 'TURBO/USDT', 'HYPE/USD', 'HYPE/USDT', 'ENA/USDT', 'LAYER/USDT', 'FARTCOIN/USDT', 'SPX/USDT', 'POPCAT/USDT', 'MOODENG/USDT', 'ANIME/USDT', '1000MOG/USDT', 'ONDO/USDT', '1000REKT/USDT', 'XDC/USDT', 'BRETT/USDT', 'WLD/USDT', 'TOSHI/USDT', 'USELESS/USDT', 'A2Z/USDT', 'NOBODY/USDT', 'PUMP/USDT', 'A/USDT', 'MEW/USDT', 'SKY/USDT', 'GIGA/USDT', 'DOOD/USDT']
[VictoryBot] ISO 20022 tradable USD/USDT-like pairs: ['XRP/USDT', 'XLM/USDT', 'ALGO/USDT', 'QNT/USDT', 'XLM/USD', 'ALGO/USD', 'IOTA/USD', 'HBAR/USD', 'HBAR/USDT', 'IOTA/USDT', 'XRP/USD', 'XDC/USDT']
[VictoryBot] Top scored symbols: ['XRP/USDT', 'XRP/USD', 'HBAR/USDT', 'XLM/USDT', 'HBAR/USD', 'ALGO/USDT', 'IOTA/USDT', 'XLM/USD', 'ALGO/USD', 'IOTA/USD']
[VictoryBot] Full scored universe: [('XRP/USDT', 1738870.0612225742, 3477740.14617, -0.09407844142527554, 0.10907404501530145, 0), ('XRP/USD', 540411.2498017307, 1080822.52356, -0.09153846153846146, 0.10322179490785847, 0), ('HBAR/USDT', 181875.7024494536, 363751.49448, -0.15570917528763412, 0.012814707775052848, 0), ('XLM/USDT', 139257.44165307915, 278514.9401, -0.10285714285714286, 0.01640147993322554, 0), ('HBAR/USD', 60356.625964047525, 120713.33889, -0.1512832929782082, 0.012693569433378462, 0), ('ALGO/USDT', 50603.39486604771, 101206.8431, -0.09474182851729046, 0.0115906417423713, 0), ('IOTA/USDT', 35738.601214753966, 71477.2964, -0.16186635944700467, 0.010497745281725977, 0), ('XLM/USD', 24365.1824241228, 48730.4005, -0.0676223965377332, 0.016405611722822164, 0), ('ALGO/USD', 13754.755777437736, 27509.5738, -0.11013011152416356, 0.01277647463113358, 0), ('IOTA/USD', 7601.6688352403535, 15203.42, -0.14177803602556655, 0.0091243410720994, 0)]
[VictoryBot] Momentum signals: ['XLM/USD', 'XRP/USD', 'XRP/USDT', 'ALGO/USDT', 'XLM/USDT']
[VictoryBot] ML signals: []
[VictoryBot] No open positions. Using available USD/USDT balance: 30.93978711
[VictoryBot] Portfolio sizing diagnostics:
  Investable USD: 27.845808399
  Investable per asset: 27.845808399
  XLM/USDT: ATR=0.0117, liquidity=67210.00, computed size=9.28
    Skipping XLM/USDT: size 9.28 below minimum order size.
[VictoryBot] Skipping reserve asset XRP: no valid tradable symbol or below min order size.
[VictoryBot] Skipping reserve asset HBAR: no valid tradable symbol or below min order size.
[VictoryBot] Skipping reserve asset LINK: no valid tradable symbol or below min order size.
[VictoryBot] Skipping reserve asset XLM: no valid tradable symbol or below min order size.
✅ Portfolio in balance. No rebalancing needed.
[VictoryBot] Final target allocations: {}
🚀 EXECUTING PORTFOLIO LADDER
========================================
[VictoryBot] execute_portfolio_ladder called. long_positions: {}, hedge_positions: {}
[VictoryBot][DEBUG] execute_portfolio_ladder symbols: []
[VictoryBot][DEBUG] run_all_strategies called with symbols: []
[VictoryBot][DEBUG] momentum_signals: []
[VictoryBot][DEBUG] ml_signals: []
[VictoryBot][DEBUG] mean_reversion_signals: []
[VictoryBot][DEBUG] pair_trading_signals: []
[VictoryBot][DEBUG] yield_opportunities: []
[VictoryBot][DEBUG] volatility_breakout_signals: []
[VictoryBot][DEBUG] multi_timeframe_momentum_signals: []
[VictoryBot][DEBUG] event_signals: []
[VictoryBot][DEBUG] insurance_signals: []
[VictoryBot][DEBUG] hedge_signals: []
[VictoryBot][DEBUG] top_momentum_assets: []
[VictoryBot] Writing scan results (forced): {'momentum_signals': [], 'ml_signals': [], 'mean_reversion_signals': [], 'pair_trading_signals': [], 'yield_opportunities': [], 'volatility_breakout_signals': [], 'multi_timeframe_momentum_signals': [], 'event_signals': [], 'insurance_signals': [], 'hedge_signals': [], 'top_momentum_assets': [], 'diagnostics': {'num_symbols': 0, 'timestamp': '2025-10-11T12:17:29.427838'}}
[VictoryBot] write_scan_results called. Data: {'momentum_signals': [], 'ml_signals': [], 'diagnostics': {'num_symbols': 0, 'timestamp': '2025-10-11T12:17:29.427838', 'investable_usd': 0, 'investable_per_asset': 0, 'mean_reversion_signals': [], 'pair_trading_signals': [], 'yield_opportunities': [], 'volatility_breakout_signals': [], 'multi_timeframe_momentum_signals': [], 'event_signals': [], 'insurance_signals': [], 'hedge_signals': [], 'top_momentum_assets': []}, 'allocations': {}, 'notes': Full strategy integration. All signals/diagnostics included. No trades/allocations this cycle, but scan and reserves maintained.}
[VictoryBot] scan_results.json written: /Users/nicholaskramer/Downloads/victorychain_stack/runtime/scan_results.json
[VictoryBot] scan_log.jsonl appended: /Users/nicholaskramer/Downloads/victorychain_stack/runtime/scan_log.jsonl
[VictoryBot] Scan results written (forced update).
📊 Executing 0 positions simultaneously...

📊 EXECUTION SUMMARY
=========================
Execution ID: exec_1760199449
Execution time: 0.0 seconds
Target positions: 0
Portfolio fill rate: 0.0%
Portfolio flat: ✅
💾 Report saved: execution_report_exec_1760199449.json
[VictoryBot] Available USD balance: 0.0
[VictoryBot] Available USDT balance: 30.93978711
[VictoryBot] All unique quote assets: ['BTC', 'BUSD', 'DAI', 'ETH', 'USD', 'USD4', 'USDC', 'USDT', 'UST']
[VictoryBot] All available tradable USD/USDT-like pairs: ['BTC/USDT', 'ETH/USDT', 'XRP/USDT', 'BCH/USDT', 'LTC/USDT', 'BNB/USDT', 'ADA/USDT', 'BAT/USDT', 'ETC/USDT', 'XLM/USDT', 'ZRX/USDT', 'DOGE/USDT', 'ATOM/USDT', 'NEO/USDT', 'VET/USDT', 'QTUM/USDT', 'ONT/USDT', 'KNC/USDT', 'VTHO/USDT', 'COMP/USDT', 'ONE/USDT', 'BAND/USDT', 'STORJ/USDT', 'UNI/USDT', 'SOL/USDT', 'EGLD/USDT', 'PAXG/USDT', 'OXT/USDT', 'ZEN/USDT', 'BTC/USDC', 'FIL/USDT', 'AAVE/USDT', 'GRT/USDT', 'SHIB/USDT', 'CRV/USDT', 'AXS/USDT', 'AVAX/USDT', 'CTSI/USDT', 'DOT/USDT', 'YFI/USDT', '1INCH/USDT', 'USDC/USDT', 'ETH/USDC', 'MANA/USDT', 'ALGO/USDT', 'LINK/USDT', 'ZEC/USDT', 'ENJ/USDT', 'NEAR/USDT', 'SUSHI/USDT', 'LRC/USDT', 'LPT/USDT', 'NMR/USDT', 'SLP/USDT', 'CHZ/USDT', 'OGN/USDT', 'GALA/USDT', 'TLM/USDT', 'SNX/USDT', 'AUDIO/USDT', 'ENS/USDT', 'REQ/USDT', 'APE/USDT', 'FLUX/USDT', 'COTI/USDT', 'VOXEL/USDT', 'RLC/USDT', 'BICO/USDT', 'API3/USDT', 'BNT/USDT', 'IMX/USDT', 'FLOW/USDT', 'GTC/USDT', 'THETA/USDT', 'TFUEL/USDT', 'OCEAN/USDT', 'LAZIO/USDT', 'SANTOS/USDT', 'ALPINE/USDT', 'PORTO/USDT', 'CELR/USDT', 'SKL/USDT', 'WAXP/USDT', 'LTO/USDT', 'FET/USDT', 'ICP/USDT', 'T/USDT', 'OP/USDT', 'ROSE/USDT', 'CELO/USDT', 'KDA/USDT', 'KSM/USDT', 'ACH/USDT', 'SYS/USDT', 'RAD/USDT', 'ILV/USDT', 'LDO/USDT', 'RARE/USDT', 'LSK/USDT', 'DGB/USDT', 'REEF/USDT', 'ALICE/USDT', 'FORTH/USDT', 'ASTR/USDT', 'BTRST/USDT', 'SAND/USDT', 'GLM/USDT', 'QNT/USDT', 'STG/USDT', 'AXL/USDT', 'KAVA/USDT', 'APT/USDT', 'MASK/USDT', 'BOSON/USDT', 'POND/USDT', 'SOL/USDC', 'ADA/USDC', 'JAM/USDT', 'TRAC/USDT', 'PROM/USDT', 'DIA/USDT', 'LOOM/USDT', 'STMX/USDT', 'BTC/USD', 'ETH/USD', 'BCH/USD', 'LTC/USD', 'USDT/USD', 'BNB/USD', 'ADA/USD', 'ETC/USD', 'XLM/USD', 'LINK/USD', 'RVN/USD', 'ALGO/USD', 'IOTA/USD', 'ATOM/USD', 'ZIL/USD', 'VET/USD', 'HBAR/USD', 'DOGE/USD', 'VTHO/USD', 'USDC/USD', 'ONE/USD', 'UNI/USD', 'SOL/USD', 'AAVE/USD', 'GRT/USD', 'SUSHI/USD', 'CRV/USD', 'AVAX/USD', 'DOT/USD', 'NEAR/USD', 'LPT/USD', 'GALA/USD', 'ENS/USD', 'THETA/USD', 'FET/USD', 'ICP/USD', 'OP/USD', 'KDA/USD', 'DGB/USD', 'SAND/USD', 'SHIB/USD', 'POLYX/USDT', 'IOST/USDT', 'ARB/USDT', 'FLOKI/USDT', 'FLOKI/USD', 'XEC/USDT', 'BLUR/USDT', 'ANKR/USDT', 'DAI/USDT', 'DASH/USDT', 'HBAR/USDT', 'ICX/USDT', 'IOTA/USDT', 'RVN/USDT', 'XNO/USDT', 'XTZ/USDT', 'ZIL/USDT', 'ORBS/USDT', 'ADX/USDT', 'FORT/USDT', 'SUI/USDT', 'ONG/USDT', 'G/USDT', 'RENDER/USDT', 'BONK/USDT', 'MAGIC/USDT', 'PEPE/USDT', 'WIF/USDT', 'IOTX/USDT', 'PNUT/USDT', 'PENGU/USDT', 'POL/USDT', 'TRUMP/USDT', 'NEIRO/USDT', 'SUI/USD', 'XRP/USD', 'BONK/USD', 'PEPE/USD', 'POL/USD', 'RENDER/USD', 'TRUMP/USD', 'EIGEN/USDT', 'ME/USDT', 'ME/USD', 'D/USDT', 'METIS/USDT', 'JUP/USD', 'JUP/USDT', 'S/USD', 'S/USDT', 'JTO/USDT', 'ORCA/USDT', 'DATA/USDT', 'VIRTUAL/USDT', 'AIXBT/USDT', 'KAITO/USDT', 'TURBO/USDT', 'HYPE/USD', 'HYPE/USDT', 'ENA/USDT', 'LAYER/USDT', 'FARTCOIN/USDT', 'SPX/USDT', 'POPCAT/USDT', 'MOODENG/USDT', 'ANIME/USDT', '1000MOG/USDT', 'ONDO/USDT', '1000REKT/USDT', 'XDC/USDT', 'BRETT/USDT', 'WLD/USDT', 'TOSHI/USDT', 'USELESS/USDT', 'A2Z/USDT', 'NOBODY/USDT', 'PUMP/USDT', 'A/USDT', 'MEW/USDT', 'SKY/USDT', 'GIGA/USDT', 'DOOD/USDT']
[VictoryBot] ISO 20022 tradable USD/USDT-like pairs: ['XRP/USDT', 'XLM/USDT', 'ALGO/USDT', 'QNT/USDT', 'XLM/USD', 'ALGO/USD', 'IOTA/USD', 'HBAR/USD', 'HBAR/USDT', 'IOTA/USDT', 'XRP/USD', 'XDC/USDT']
[VictoryBot] Top scored symbols: ['XRP/USDT', 'XRP/USD', 'HBAR/USDT', 'XLM/USDT', 'HBAR/USD', 'ALGO/USDT', 'IOTA/USDT', 'XLM/USD', 'ALGO/USD', 'IOTA/USD']
[VictoryBot] Full scored universe: [('XRP/USDT', 1738546.9493955313, 3477093.91968, -0.08935437799831553, 0.1090789648649088, 0), ('XRP/USD', 540411.2498017307, 1080822.52356, -0.09153846153846146, 0.10322179490785847, 0), ('HBAR/USDT', 181011.51163096874, 362023.10922, -0.14966644107125587, 0.012806007002965442, 0), ('XLM/USDT', 139257.44165307915, 278514.9401, -0.10285714285714286, 0.01640147993322554, 0), ('HBAR/USD', 60356.625964047525, 120713.33889, -0.1512832929782082, 0.012693569433378462, 0), ('ALGO/USDT', 50603.39486604771, 101206.8431, -0.09474182851729046, 0.0115906417423713, 0), ('IOTA/USDT', 35738.601214753966, 71477.2964, -0.16186635944700467, 0.010497745281725977, 0), ('XLM/USD', 24365.1824241228, 48730.4005, -0.0676223965377332, 0.016405611722822164, 0), ('ALGO/USD', 13754.755777437736, 27509.5738, -0.11013011152416356, 0.01277647463113358, 0), ('IOTA/USD', 7601.6688352403535, 15203.42, -0.14177803602556655, 0.0091243410720994, 0)]
[VictoryBot] Momentum signals: ['XLM/USD', 'XRP/USDT', 'XRP/USD', 'ALGO/USDT', 'XLM/USDT']
[VictoryBot] ML signals: []
[VictoryBot] No open positions. Using available USD/USDT balance: 30.93978711
[VictoryBot] Portfolio sizing diagnostics:
  Investable USD: 27.845808399
  Investable per asset: 27.845808399
  XLM/USDT: ATR=0.0117, liquidity=78482.00, computed size=9.28
    Skipping XLM/USDT: size 9.28 below minimum order size.
[VictoryBot] Skipping reserve asset XRP: no valid tradable symbol or below min order size.
[VictoryBot] Skipping reserve asset HBAR: no valid tradable symbol or below min order size.
[VictoryBot] Skipping reserve asset LINK: no valid tradable symbol or below min order size.
[VictoryBot] Skipping reserve asset XLM: no valid tradable symbol or below min order size.
✅ Portfolio in balance. No rebalancing needed.
[VictoryBot] Final target allocations: {}
🚀 EXECUTING PORTFOLIO LADDER
========================================
[VictoryBot] execute_portfolio_ladder called. long_positions: {}, hedge_positions: {}
[VictoryBot][DEBUG] execute_portfolio_ladder symbols: []
[VictoryBot][DEBUG] run_all_strategies called with symbols: []
[VictoryBot][DEBUG] momentum_signals: []
[VictoryBot][DEBUG] ml_signals: []
[VictoryBot][DEBUG] mean_reversion_signals: []
[VictoryBot][DEBUG] pair_trading_signals: []
[VictoryBot][DEBUG] yield_opportunities: []
[VictoryBot][DEBUG] volatility_breakout_signals: []
[VictoryBot][DEBUG] multi_timeframe_momentum_signals: []
[VictoryBot][DEBUG] event_signals: []
[VictoryBot][DEBUG] insurance_signals: []
[VictoryBot][DEBUG] hedge_signals: []
[VictoryBot][DEBUG] top_momentum_assets: []
[VictoryBot] Writing scan results (forced): {'momentum_signals': [], 'ml_signals': [], 'mean_reversion_signals': [], 'pair_trading_signals': [], 'yield_opportunities': [], 'volatility_breakout_signals': [], 'multi_timeframe_momentum_signals': [], 'event_signals': [], 'insurance_signals': [], 'hedge_signals': [], 'top_momentum_assets': [], 'diagnostics': {'num_symbols': 0, 'timestamp': '2025-10-11T12:18:53.699620'}}
[VictoryBot] write_scan_results called. Data: {'momentum_signals': [], 'ml_signals': [], 'diagnostics': {'num_symbols': 0, 'timestamp': '2025-10-11T12:18:53.699620', 'investable_usd': 0, 'investable_per_asset': 0, 'mean_reversion_signals': [], 'pair_trading_signals': [], 'yield_opportunities': [], 'volatility_breakout_signals': [], 'multi_timeframe_momentum_signals': [], 'event_signals': [], 'insurance_signals': [], 'hedge_signals': [], 'top_momentum_assets': []}, 'allocations': {}, 'notes': Full strategy integration. All signals/diagnostics included. No trades/allocations this cycle, but scan and reserves maintained.}
[VictoryBot] scan_results.json written: /Users/nicholaskramer/Downloads/victorychain_stack/runtime/scan_results.json
[VictoryBot] scan_log.jsonl appended: /Users/nicholaskramer/Downloads/victorychain_stack/runtime/scan_log.jsonl
[VictoryBot] Scan results written (forced update).
📊 Executing 0 positions simultaneously...

📊 EXECUTION SUMMARY
=========================
Execution ID: exec_1760199533
Execution time: 0.0 seconds
Target positions: 0
Portfolio fill rate: 0.0%
Portfolio flat: ✅
💾 Report saved: execution_report_exec_1760199533.json
[VictoryBot] Available USD balance: 0.0
[VictoryBot] Available USDT balance: 30.93978711
[VictoryBot] All unique quote assets: ['BTC', 'BUSD', 'DAI', 'ETH', 'USD', 'USD4', 'USDC', 'USDT', 'UST']
[VictoryBot] All available tradable USD/USDT-like pairs: ['BTC/USDT', 'ETH/USDT', 'XRP/USDT', 'BCH/USDT', 'LTC/USDT', 'BNB/USDT', 'ADA/USDT', 'BAT/USDT', 'ETC/USDT', 'XLM/USDT', 'ZRX/USDT', 'DOGE/USDT', 'ATOM/USDT', 'NEO/USDT', 'VET/USDT', 'QTUM/USDT', 'ONT/USDT', 'KNC/USDT', 'VTHO/USDT', 'COMP/USDT', 'ONE/USDT', 'BAND/USDT', 'STORJ/USDT', 'UNI/USDT', 'SOL/USDT', 'EGLD/USDT', 'PAXG/USDT', 'OXT/USDT', 'ZEN/USDT', 'BTC/USDC', 'FIL/USDT', 'AAVE/USDT', 'GRT/USDT', 'SHIB/USDT', 'CRV/USDT', 'AXS/USDT', 'AVAX/USDT', 'CTSI/USDT', 'DOT/USDT', 'YFI/USDT', '1INCH/USDT', 'USDC/USDT', 'ETH/USDC', 'MANA/USDT', 'ALGO/USDT', 'LINK/USDT', 'ZEC/USDT', 'ENJ/USDT', 'NEAR/USDT', 'SUSHI/USDT', 'LRC/USDT', 'LPT/USDT', 'NMR/USDT', 'SLP/USDT', 'CHZ/USDT', 'OGN/USDT', 'GALA/USDT', 'TLM/USDT', 'SNX/USDT', 'AUDIO/USDT', 'ENS/USDT', 'REQ/USDT', 'APE/USDT', 'FLUX/USDT', 'COTI/USDT', 'VOXEL/USDT', 'RLC/USDT', 'BICO/USDT', 'API3/USDT', 'BNT/USDT', 'IMX/USDT', 'FLOW/USDT', 'GTC/USDT', 'THETA/USDT', 'TFUEL/USDT', 'OCEAN/USDT', 'LAZIO/USDT', 'SANTOS/USDT', 'ALPINE/USDT', 'PORTO/USDT', 'CELR/USDT', 'SKL/USDT', 'WAXP/USDT', 'LTO/USDT', 'FET/USDT', 'ICP/USDT', 'T/USDT', 'OP/USDT', 'ROSE/USDT', 'CELO/USDT', 'KDA/USDT', 'KSM/USDT', 'ACH/USDT', 'SYS/USDT', 'RAD/USDT', 'ILV/USDT', 'LDO/USDT', 'RARE/USDT', 'LSK/USDT', 'DGB/USDT', 'REEF/USDT', 'ALICE/USDT', 'FORTH/USDT', 'ASTR/USDT', 'BTRST/USDT', 'SAND/USDT', 'GLM/USDT', 'QNT/USDT', 'STG/USDT', 'AXL/USDT', 'KAVA/USDT', 'APT/USDT', 'MASK/USDT', 'BOSON/USDT', 'POND/USDT', 'SOL/USDC', 'ADA/USDC', 'JAM/USDT', 'TRAC/USDT', 'PROM/USDT', 'DIA/USDT', 'LOOM/USDT', 'STMX/USDT', 'BTC/USD', 'ETH/USD', 'BCH/USD', 'LTC/USD', 'USDT/USD', 'BNB/USD', 'ADA/USD', 'ETC/USD', 'XLM/USD', 'LINK/USD', 'RVN/USD', 'ALGO/USD', 'IOTA/USD', 'ATOM/USD', 'ZIL/USD', 'VET/USD', 'HBAR/USD', 'DOGE/USD', 'VTHO/USD', 'USDC/USD', 'ONE/USD', 'UNI/USD', 'SOL/USD', 'AAVE/USD', 'GRT/USD', 'SUSHI/USD', 'CRV/USD', 'AVAX/USD', 'DOT/USD', 'NEAR/USD', 'LPT/USD', 'GALA/USD', 'ENS/USD', 'THETA/USD', 'FET/USD', 'ICP/USD', 'OP/USD', 'KDA/USD', 'DGB/USD', 'SAND/USD', 'SHIB/USD', 'POLYX/USDT', 'IOST/USDT', 'ARB/USDT', 'FLOKI/USDT', 'FLOKI/USD', 'XEC/USDT', 'BLUR/USDT', 'ANKR/USDT', 'DAI/USDT', 'DASH/USDT', 'HBAR/USDT', 'ICX/USDT', 'IOTA/USDT', 'RVN/USDT', 'XNO/USDT', 'XTZ/USDT', 'ZIL/USDT', 'ORBS/USDT', 'ADX/USDT', 'FORT/USDT', 'SUI/USDT', 'ONG/USDT', 'G/USDT', 'RENDER/USDT', 'BONK/USDT', 'MAGIC/USDT', 'PEPE/USDT', 'WIF/USDT', 'IOTX/USDT', 'PNUT/USDT', 'PENGU/USDT', 'POL/USDT', 'TRUMP/USDT', 'NEIRO/USDT', 'SUI/USD', 'XRP/USD', 'BONK/USD', 'PEPE/USD', 'POL/USD', 'RENDER/USD', 'TRUMP/USD', 'EIGEN/USDT', 'ME/USDT', 'ME/USD', 'D/USDT', 'METIS/USDT', 'JUP/USD', 'JUP/USDT', 'S/USD', 'S/USDT', 'JTO/USDT', 'ORCA/USDT', 'DATA/USDT', 'VIRTUAL/USDT', 'AIXBT/USDT', 'KAITO/USDT', 'TURBO/USDT', 'HYPE/USD', 'HYPE/USDT', 'ENA/USDT', 'LAYER/USDT', 'FARTCOIN/USDT', 'SPX/USDT', 'POPCAT/USDT', 'MOODENG/USDT', 'ANIME/USDT', '1000MOG/USDT', 'ONDO/USDT', '1000REKT/USDT', 'XDC/USDT', 'BRETT/USDT', 'WLD/USDT', 'TOSHI/USDT', 'USELESS/USDT', 'A2Z/USDT', 'NOBODY/USDT', 'PUMP/USDT', 'A/USDT', 'MEW/USDT', 'SKY/USDT', 'GIGA/USDT', 'DOOD/USDT']
[VictoryBot] ISO 20022 tradable USD/USDT-like pairs: ['XRP/USDT', 'XLM/USDT', 'ALGO/USDT', 'QNT/USDT', 'XLM/USD', 'ALGO/USD', 'IOTA/USD', 'HBAR/USD', 'HBAR/USDT', 'IOTA/USDT', 'XRP/USD', 'XDC/USDT']
[VictoryBot] Top scored symbols: ['XRP/USDT', 'XRP/USD', 'HBAR/USDT', 'XLM/USDT', 'HBAR/USD', 'ALGO/USDT', 'IOTA/USDT', 'XLM/USD', 'ALGO/USD', 'IOTA/USD']
[VictoryBot] Full scored universe: [('XRP/USDT', 1738531.8961842777, 3477063.8135, -0.08975720511224239, 0.1090762605886359, 0), ('XRP/USD', 540411.2498017307, 1080822.52356, -0.09153846153846146, 0.10322179490785847, 0), ('HBAR/USDT', 181011.51163096874, 362023.10922, -0.14966644107125587, 0.012806007002965442, 0), ('XLM/USDT', 139257.44165307915, 278514.9401, -0.10285714285714286, 0.01640147993322554, 0), ('HBAR/USD', 60356.625964047525, 120713.33889, -0.1512832929782082, 0.012693569433378462, 0), ('ALGO/USDT', 50653.68302335255, 101307.416, -0.089057318806253, 0.01160365459672081, 0), ('IOTA/USDT', 36052.37196475396, 72104.8379, -0.16186635944700467, 0.010497745281725977, 0), ('XLM/USD', 24365.1824241228, 48730.4005, -0.0676223965377332, 0.016405611722822164, 0), ('ALGO/USD', 13754.755777437736, 27509.5738, -0.11013011152416356, 0.01277647463113358, 0), ('IOTA/USD', 7601.6688352403535, 15203.42, -0.14177803602556655, 0.0091243410720994, 0)]
[VictoryBot] Momentum signals: ['XLM/USD', 'ALGO/USDT', 'XRP/USDT', 'XRP/USD', 'XLM/USDT']
[VictoryBot] ML signals: []
[VictoryBot] No open positions. Using available USD/USDT balance: 30.93978711
[VictoryBot] Portfolio sizing diagnostics:
  Investable USD: 27.845808399
  Investable per asset: 27.845808399
  XLM/USDT: ATR=0.0117, liquidity=76334.00, computed size=9.28
    Skipping XLM/USDT: size 9.28 below minimum order size.
[VictoryBot] Skipping reserve asset XRP: no valid tradable symbol or below min order size.
[VictoryBot] Skipping reserve asset HBAR: no valid tradable symbol or below min order size.
[VictoryBot] Skipping reserve asset LINK: no valid tradable symbol or below min order size.
[VictoryBot] Skipping reserve asset XLM: no valid tradable symbol or below min order size.
✅ Portfolio in balance. No rebalancing needed.
[VictoryBot] Final target allocations: {}
🚀 EXECUTING PORTFOLIO LADDER
========================================
[VictoryBot] execute_portfolio_ladder called. long_positions: {}, hedge_positions: {}
[VictoryBot][DEBUG] execute_portfolio_ladder symbols: []
[VictoryBot][DEBUG] run_all_strategies called with symbols: []
[VictoryBot][DEBUG] momentum_signals: []
[VictoryBot][DEBUG] ml_signals: []
[VictoryBot][DEBUG] mean_reversion_signals: []
[VictoryBot][DEBUG] pair_trading_signals: []
[VictoryBot][DEBUG] yield_opportunities: []
[VictoryBot][DEBUG] volatility_breakout_signals: []
[VictoryBot][DEBUG] multi_timeframe_momentum_signals: []
[VictoryBot][DEBUG] event_signals: []
[VictoryBot][DEBUG] insurance_signals: []
[VictoryBot][DEBUG] hedge_signals: []
[VictoryBot][DEBUG] top_momentum_assets: []
[VictoryBot] Writing scan results (forced): {'momentum_signals': [], 'ml_signals': [], 'mean_reversion_signals': [], 'pair_trading_signals': [], 'yield_opportunities': [], 'volatility_breakout_signals': [], 'multi_timeframe_momentum_signals': [], 'event_signals': [], 'insurance_signals': [], 'hedge_signals': [], 'top_momentum_assets': [], 'diagnostics': {'num_symbols': 0, 'timestamp': '2025-10-11T12:20:18.134138'}}
[VictoryBot] write_scan_results called. Data: {'momentum_signals': [], 'ml_signals': [], 'diagnostics': {'num_symbols': 0, 'timestamp': '2025-10-11T12:20:18.134138', 'investable_usd': 0, 'investable_per_asset': 0, 'mean_reversion_signals': [], 'pair_trading_signals': [], 'yield_opportunities': [], 'volatility_breakout_signals': [], 'multi_timeframe_momentum_signals': [], 'event_signals': [], 'insurance_signals': [], 'hedge_signals': [], 'top_momentum_assets': []}, 'allocations': {}, 'notes': Full strategy integration. All signals/diagnostics included. No trades/allocations this cycle, but scan and reserves maintained.}
[VictoryBot] scan_results.json written: /Users/nicholaskramer/Downloads/victorychain_stack/runtime/scan_results.json
[VictoryBot] scan_log.jsonl appended: /Users/nicholaskramer/Downloads/victorychain_stack/runtime/scan_log.jsonl
[VictoryBot] Scan results written (forced update).
📊 Executing 0 positions simultaneously...

📊 EXECUTION SUMMARY
=========================
Execution ID: exec_1760199618
Execution time: 0.0 seconds
Target positions: 0
Portfolio fill rate: 0.0%
Portfolio flat: ✅
💾 Report saved: execution_report_exec_1760199618.json
[VictoryBot] Available USD balance: 0.0
[VictoryBot] Available USDT balance: 30.93978711
[VictoryBot] All unique quote assets: ['BTC', 'BUSD', 'DAI', 'ETH', 'USD', 'USD4', 'USDC', 'USDT', 'UST']
[VictoryBot] All available tradable USD/USDT-like pairs: ['BTC/USDT', 'ETH/USDT', 'XRP/USDT', 'BCH/USDT', 'LTC/USDT', 'BNB/USDT', 'ADA/USDT', 'BAT/USDT', 'ETC/USDT', 'XLM/USDT', 'ZRX/USDT', 'DOGE/USDT', 'ATOM/USDT', 'NEO/USDT', 'VET/USDT', 'QTUM/USDT', 'ONT/USDT', 'KNC/USDT', 'VTHO/USDT', 'COMP/USDT', 'ONE/USDT', 'BAND/USDT', 'STORJ/USDT', 'UNI/USDT', 'SOL/USDT', 'EGLD/USDT', 'PAXG/USDT', 'OXT/USDT', 'ZEN/USDT', 'BTC/USDC', 'FIL/USDT', 'AAVE/USDT', 'GRT/USDT', 'SHIB/USDT', 'CRV/USDT', 'AXS/USDT', 'AVAX/USDT', 'CTSI/USDT', 'DOT/USDT', 'YFI/USDT', '1INCH/USDT', 'USDC/USDT', 'ETH/USDC', 'MANA/USDT', 'ALGO/USDT', 'LINK/USDT', 'ZEC/USDT', 'ENJ/USDT', 'NEAR/USDT', 'SUSHI/USDT', 'LRC/USDT', 'LPT/USDT', 'NMR/USDT', 'SLP/USDT', 'CHZ/USDT', 'OGN/USDT', 'GALA/USDT', 'TLM/USDT', 'SNX/USDT', 'AUDIO/USDT', 'ENS/USDT', 'REQ/USDT', 'APE/USDT', 'FLUX/USDT', 'COTI/USDT', 'VOXEL/USDT', 'RLC/USDT', 'BICO/USDT', 'API3/USDT', 'BNT/USDT', 'IMX/USDT', 'FLOW/USDT', 'GTC/USDT', 'THETA/USDT', 'TFUEL/USDT', 'OCEAN/USDT', 'LAZIO/USDT', 'SANTOS/USDT', 'ALPINE/USDT', 'PORTO/USDT', 'CELR/USDT', 'SKL/USDT', 'WAXP/USDT', 'LTO/USDT', 'FET/USDT', 'ICP/USDT', 'T/USDT', 'OP/USDT', 'ROSE/USDT', 'CELO/USDT', 'KDA/USDT', 'KSM/USDT', 'ACH/USDT', 'SYS/USDT', 'RAD/USDT', 'ILV/USDT', 'LDO/USDT', 'RARE/USDT', 'LSK/USDT', 'DGB/USDT', 'REEF/USDT', 'ALICE/USDT', 'FORTH/USDT', 'ASTR/USDT', 'BTRST/USDT', 'SAND/USDT', 'GLM/USDT', 'QNT/USDT', 'STG/USDT', 'AXL/USDT', 'KAVA/USDT', 'APT/USDT', 'MASK/USDT', 'BOSON/USDT', 'POND/USDT', 'SOL/USDC', 'ADA/USDC', 'JAM/USDT', 'TRAC/USDT', 'PROM/USDT', 'DIA/USDT', 'LOOM/USDT', 'STMX/USDT', 'BTC/USD', 'ETH/USD', 'BCH/USD', 'LTC/USD', 'USDT/USD', 'BNB/USD', 'ADA/USD', 'ETC/USD', 'XLM/USD', 'LINK/USD', 'RVN/USD', 'ALGO/USD', 'IOTA/USD', 'ATOM/USD', 'ZIL/USD', 'VET/USD', 'HBAR/USD', 'DOGE/USD', 'VTHO/USD', 'USDC/USD', 'ONE/USD', 'UNI/USD', 'SOL/USD', 'AAVE/USD', 'GRT/USD', 'SUSHI/USD', 'CRV/USD', 'AVAX/USD', 'DOT/USD', 'NEAR/USD', 'LPT/USD', 'GALA/USD', 'ENS/USD', 'THETA/USD', 'FET/USD', 'ICP/USD', 'OP/USD', 'KDA/USD', 'DGB/USD', 'SAND/USD', 'SHIB/USD', 'POLYX/USDT', 'IOST/USDT', 'ARB/USDT', 'FLOKI/USDT', 'FLOKI/USD', 'XEC/USDT', 'BLUR/USDT', 'ANKR/USDT', 'DAI/USDT', 'DASH/USDT', 'HBAR/USDT', 'ICX/USDT', 'IOTA/USDT', 'RVN/USDT', 'XNO/USDT', 'XTZ/USDT', 'ZIL/USDT', 'ORBS/USDT', 'ADX/USDT', 'FORT/USDT', 'SUI/USDT', 'ONG/USDT', 'G/USDT', 'RENDER/USDT', 'BONK/USDT', 'MAGIC/USDT', 'PEPE/USDT', 'WIF/USDT', 'IOTX/USDT', 'PNUT/USDT', 'PENGU/USDT', 'POL/USDT', 'TRUMP/USDT', 'NEIRO/USDT', 'SUI/USD', 'XRP/USD', 'BONK/USD', 'PEPE/USD', 'POL/USD', 'RENDER/USD', 'TRUMP/USD', 'EIGEN/USDT', 'ME/USDT', 'ME/USD', 'D/USDT', 'METIS/USDT', 'JUP/USD', 'JUP/USDT', 'S/USD', 'S/USDT', 'JTO/USDT', 'ORCA/USDT', 'DATA/USDT', 'VIRTUAL/USDT', 'AIXBT/USDT', 'KAITO/USDT', 'TURBO/USDT', 'HYPE/USD', 'HYPE/USDT', 'ENA/USDT', 'LAYER/USDT', 'FARTCOIN/USDT', 'SPX/USDT', 'POPCAT/USDT', 'MOODENG/USDT', 'ANIME/USDT', '1000MOG/USDT', 'ONDO/USDT', '1000REKT/USDT', 'XDC/USDT', 'BRETT/USDT', 'WLD/USDT', 'TOSHI/USDT', 'USELESS/USDT', 'A2Z/USDT', 'NOBODY/USDT', 'PUMP/USDT', 'A/USDT', 'MEW/USDT', 'SKY/USDT', 'GIGA/USDT', 'DOOD/USDT']
[VictoryBot] ISO 20022 tradable USD/USDT-like pairs: ['XRP/USDT', 'XLM/USDT', 'ALGO/USDT', 'QNT/USDT', 'XLM/USD', 'ALGO/USD', 'IOTA/USD', 'HBAR/USD', 'HBAR/USDT', 'IOTA/USDT', 'XRP/USD', 'XDC/USDT']
[VictoryBot] Top scored symbols: ['XRP/USDT', 'XRP/USD', 'HBAR/USDT', 'XLM/USDT', 'HBAR/USD', 'ALGO/USDT', 'IOTA/USDT', 'XLM/USD', 'ALGO/USD', 'IOTA/USD']
[VictoryBot] Full scored universe: [('XRP/USDT', 1736981.1725092777, 3473962.36615, -0.08975720511224239, 0.1090762605886359, 0), ('XRP/USD', 540406.3259017308, 1080812.67576, -0.09153846153846146, 0.10322179490785847, 0), ('HBAR/USDT', 180826.23783096875, 361652.56162, -0.14966644107125587, 0.012806007002965442, 0), ('XLM/USDT', 139257.44165307915, 278514.9401, -0.10285714285714286, 0.01640147993322554, 0), ('HBAR/USD', 60356.625964047525, 120713.33889, -0.1512832929782082, 0.012693569433378462, 0), ('ALGO/USDT', 50653.68302335255, 101307.416, -0.089057318806253, 0.01160365459672081, 0), ('IOTA/USDT', 36052.37196475396, 72104.8379, -0.16186635944700467, 0.010497745281725977, 0), ('XLM/USD', 24365.1824241228, 48730.4005, -0.0676223965377332, 0.016405611722822164, 0), ('ALGO/USD', 13754.755777437736, 27509.5738, -0.11013011152416356, 0.01277647463113358, 0), ('IOTA/USD', 7601.6688352403535, 15203.42, -0.14177803602556655, 0.0091243410720994, 0)]
[VictoryBot] Momentum signals: ['XLM/USD', 'ALGO/USDT', 'XRP/USDT', 'XRP/USD', 'XLM/USDT']
[VictoryBot] ML signals: []
[VictoryBot] No open positions. Using available USD/USDT balance: 30.93978711
[VictoryBot] Portfolio sizing diagnostics:
  Investable USD: 27.845808399
  Investable per asset: 27.845808399
  XLM/USDT: ATR=0.0117, liquidity=42951.00, computed size=9.28
    Skipping XLM/USDT: size 9.28 below minimum order size.
[VictoryBot] Skipping reserve asset XRP: no valid tradable symbol or below min order size.
[VictoryBot] Skipping reserve asset HBAR: no valid tradable symbol or below min order size.
[VictoryBot] Skipping reserve asset LINK: no valid tradable symbol or below min order size.
[VictoryBot] Skipping reserve asset XLM: no valid tradable symbol or below min order size.
✅ Portfolio in balance. No rebalancing needed.
[VictoryBot] Final target allocations: {}
🚀 EXECUTING PORTFOLIO LADDER
========================================
[VictoryBot] execute_portfolio_ladder called. long_positions: {}, hedge_positions: {}
[VictoryBot][DEBUG] execute_portfolio_ladder symbols: []
[VictoryBot][DEBUG] run_all_strategies called with symbols: []
[VictoryBot][DEBUG] momentum_signals: []
[VictoryBot][DEBUG] ml_signals: []
[VictoryBot][DEBUG] mean_reversion_signals: []
[VictoryBot][DEBUG] pair_trading_signals: []
[VictoryBot][DEBUG] yield_opportunities: []
[VictoryBot][DEBUG] volatility_breakout_signals: []
[VictoryBot][DEBUG] multi_timeframe_momentum_signals: []
[VictoryBot][DEBUG] event_signals: []
[VictoryBot][DEBUG] insurance_signals: []
[VictoryBot][DEBUG] hedge_signals: []
[VictoryBot][DEBUG] top_momentum_assets: []
[VictoryBot] Writing scan results (forced): {'momentum_signals': [], 'ml_signals': [], 'mean_reversion_signals': [], 'pair_trading_signals': [], 'yield_opportunities': [], 'volatility_breakout_signals': [], 'multi_timeframe_momentum_signals': [], 'event_signals': [], 'insurance_signals': [], 'hedge_signals': [], 'top_momentum_assets': [], 'diagnostics': {'num_symbols': 0, 'timestamp': '2025-10-11T12:21:42.333762'}}
[VictoryBot] write_scan_results called. Data: {'momentum_signals': [], 'ml_signals': [], 'diagnostics': {'num_symbols': 0, 'timestamp': '2025-10-11T12:21:42.333762', 'investable_usd': 0, 'investable_per_asset': 0, 'mean_reversion_signals': [], 'pair_trading_signals': [], 'yield_opportunities': [], 'volatility_breakout_signals': [], 'multi_timeframe_momentum_signals': [], 'event_signals': [], 'insurance_signals': [], 'hedge_signals': [], 'top_momentum_assets': []}, 'allocations': {}, 'notes': Full strategy integration. All signals/diagnostics included. No trades/allocations this cycle, but scan and reserves maintained.}
[VictoryBot] scan_results.json written: /Users/nicholaskramer/Downloads/victorychain_stack/runtime/scan_results.json
[VictoryBot] scan_log.jsonl appended: /Users/nicholaskramer/Downloads/victorychain_stack/runtime/scan_log.jsonl
[VictoryBot] Scan results written (forced update).
📊 Executing 0 positions simultaneously...

📊 EXECUTION SUMMARY
=========================
Execution ID: exec_1760199702
Execution time: 0.0 seconds
Target positions: 0
Portfolio fill rate: 0.0%
Portfolio flat: ✅
💾 Report saved: execution_report_exec_1760199702.json
[VictoryBot] Available USD balance: 0.0
[VictoryBot] Available USDT balance: 30.93978711
[VictoryBot] All unique quote assets: ['BTC', 'BUSD', 'DAI', 'ETH', 'USD', 'USD4', 'USDC', 'USDT', 'UST']
[VictoryBot] All available tradable USD/USDT-like pairs: ['BTC/USDT', 'ETH/USDT', 'XRP/USDT', 'BCH/USDT', 'LTC/USDT', 'BNB/USDT', 'ADA/USDT', 'BAT/USDT', 'ETC/USDT', 'XLM/USDT', 'ZRX/USDT', 'DOGE/USDT', 'ATOM/USDT', 'NEO/USDT', 'VET/USDT', 'QTUM/USDT', 'ONT/USDT', 'KNC/USDT', 'VTHO/USDT', 'COMP/USDT', 'ONE/USDT', 'BAND/USDT', 'STORJ/USDT', 'UNI/USDT', 'SOL/USDT', 'EGLD/USDT', 'PAXG/USDT', 'OXT/USDT', 'ZEN/USDT', 'BTC/USDC', 'FIL/USDT', 'AAVE/USDT', 'GRT/USDT', 'SHIB/USDT', 'CRV/USDT', 'AXS/USDT', 'AVAX/USDT', 'CTSI/USDT', 'DOT/USDT', 'YFI/USDT', '1INCH/USDT', 'USDC/USDT', 'ETH/USDC', 'MANA/USDT', 'ALGO/USDT', 'LINK/USDT', 'ZEC/USDT', 'ENJ/USDT', 'NEAR/USDT', 'SUSHI/USDT', 'LRC/USDT', 'LPT/USDT', 'NMR/USDT', 'SLP/USDT', 'CHZ/USDT', 'OGN/USDT', 'GALA/USDT', 'TLM/USDT', 'SNX/USDT', 'AUDIO/USDT', 'ENS/USDT', 'REQ/USDT', 'APE/USDT', 'FLUX/USDT', 'COTI/USDT', 'VOXEL/USDT', 'RLC/USDT', 'BICO/USDT', 'API3/USDT', 'BNT/USDT', 'IMX/USDT', 'FLOW/USDT', 'GTC/USDT', 'THETA/USDT', 'TFUEL/USDT', 'OCEAN/USDT', 'LAZIO/USDT', 'SANTOS/USDT', 'ALPINE/USDT', 'PORTO/USDT', 'CELR/USDT', 'SKL/USDT', 'WAXP/USDT', 'LTO/USDT', 'FET/USDT', 'ICP/USDT', 'T/USDT', 'OP/USDT', 'ROSE/USDT', 'CELO/USDT', 'KDA/USDT', 'KSM/USDT', 'ACH/USDT', 'SYS/USDT', 'RAD/USDT', 'ILV/USDT', 'LDO/USDT', 'RARE/USDT', 'LSK/USDT', 'DGB/USDT', 'REEF/USDT', 'ALICE/USDT', 'FORTH/USDT', 'ASTR/USDT', 'BTRST/USDT', 'SAND/USDT', 'GLM/USDT', 'QNT/USDT', 'STG/USDT', 'AXL/USDT', 'KAVA/USDT', 'APT/USDT', 'MASK/USDT', 'BOSON/USDT', 'POND/USDT', 'SOL/USDC', 'ADA/USDC', 'JAM/USDT', 'TRAC/USDT', 'PROM/USDT', 'DIA/USDT', 'LOOM/USDT', 'STMX/USDT', 'BTC/USD', 'ETH/USD', 'BCH/USD', 'LTC/USD', 'USDT/USD', 'BNB/USD', 'ADA/USD', 'ETC/USD', 'XLM/USD', 'LINK/USD', 'RVN/USD', 'ALGO/USD', 'IOTA/USD', 'ATOM/USD', 'ZIL/USD', 'VET/USD', 'HBAR/USD', 'DOGE/USD', 'VTHO/USD', 'USDC/USD', 'ONE/USD', 'UNI/USD', 'SOL/USD', 'AAVE/USD', 'GRT/USD', 'SUSHI/USD', 'CRV/USD', 'AVAX/USD', 'DOT/USD', 'NEAR/USD', 'LPT/USD', 'GALA/USD', 'ENS/USD', 'THETA/USD', 'FET/USD', 'ICP/USD', 'OP/USD', 'KDA/USD', 'DGB/USD', 'SAND/USD', 'SHIB/USD', 'POLYX/USDT', 'IOST/USDT', 'ARB/USDT', 'FLOKI/USDT', 'FLOKI/USD', 'XEC/USDT', 'BLUR/USDT', 'ANKR/USDT', 'DAI/USDT', 'DASH/USDT', 'HBAR/USDT', 'ICX/USDT', 'IOTA/USDT', 'RVN/USDT', 'XNO/USDT', 'XTZ/USDT', 'ZIL/USDT', 'ORBS/USDT', 'ADX/USDT', 'FORT/USDT', 'SUI/USDT', 'ONG/USDT', 'G/USDT', 'RENDER/USDT', 'BONK/USDT', 'MAGIC/USDT', 'PEPE/USDT', 'WIF/USDT', 'IOTX/USDT', 'PNUT/USDT', 'PENGU/USDT', 'POL/USDT', 'TRUMP/USDT', 'NEIRO/USDT', 'SUI/USD', 'XRP/USD', 'BONK/USD', 'PEPE/USD', 'POL/USD', 'RENDER/USD', 'TRUMP/USD', 'EIGEN/USDT', 'ME/USDT', 'ME/USD', 'D/USDT', 'METIS/USDT', 'JUP/USD', 'JUP/USDT', 'S/USD', 'S/USDT', 'JTO/USDT', 'ORCA/USDT', 'DATA/USDT', 'VIRTUAL/USDT', 'AIXBT/USDT', 'KAITO/USDT', 'TURBO/USDT', 'HYPE/USD', 'HYPE/USDT', 'ENA/USDT', 'LAYER/USDT', 'FARTCOIN/USDT', 'SPX/USDT', 'POPCAT/USDT', 'MOODENG/USDT', 'ANIME/USDT', '1000MOG/USDT', 'ONDO/USDT', '1000REKT/USDT', 'XDC/USDT', 'BRETT/USDT', 'WLD/USDT', 'TOSHI/USDT', 'USELESS/USDT', 'A2Z/USDT', 'NOBODY/USDT', 'PUMP/USDT', 'A/USDT', 'MEW/USDT', 'SKY/USDT', 'GIGA/USDT', 'DOOD/USDT']
[VictoryBot] ISO 20022 tradable USD/USDT-like pairs: ['XRP/USDT', 'XLM/USDT', 'ALGO/USDT', 'QNT/USDT', 'XLM/USD', 'ALGO/USD', 'IOTA/USD', 'HBAR/USD', 'HBAR/USDT', 'IOTA/USDT', 'XRP/USD', 'XDC/USDT']
[VictoryBot] Top scored symbols: ['XRP/USDT', 'XRP/USD', 'HBAR/USDT', 'XLM/USDT', 'HBAR/USD', 'ALGO/USDT', 'IOTA/USDT', 'XLM/USD', 'ALGO/USD', 'IOTA/USD']
[VictoryBot] Full scored universe: [('XRP/USDT', 1736931.1784592776, 3473862.37805, -0.08975720511224239, 0.1090762605886359, 0), ('XRP/USD', 540406.3259017308, 1080812.67576, -0.09153846153846146, 0.10322179490785847, 0), ('HBAR/USDT', 180726.32445096876, 361452.73486, -0.14966644107125587, 0.012806007002965442, 0), ('XLM/USDT', 139257.44165307915, 278514.9401, -0.10285714285714286, 0.01640147993322554, 0), ('HBAR/USD', 60356.625964047525, 120713.33889, -0.1512832929782082, 0.012693569433378462, 0), ('ALGO/USDT', 50739.78179710468, 101479.6181, -0.0966366650876362, 0.011587361390756742, 0), ('IOTA/USDT', 36052.37196475396, 72104.8379, -0.16186635944700467, 0.010497745281725977, 0), ('XLM/USD', 24365.1824241228, 48730.4005, -0.0676223965377332, 0.016405611722822164, 0), ('ALGO/USD', 13841.218027437737, 27682.4983, -0.11013011152416356, 0.01277647463113358, 0), ('IOTA/USD', 7601.6688352403535, 15203.42, -0.14177803602556655, 0.0091243410720994, 0)]
[VictoryBot] Momentum signals: ['XLM/USD', 'XRP/USDT', 'XRP/USD', 'ALGO/USDT', 'XLM/USDT']
[VictoryBot] ML signals: []
[VictoryBot] No open positions. Using available USD/USDT balance: 30.93978711
[VictoryBot] Portfolio sizing diagnostics:
  Investable USD: 27.845808399
  Investable per asset: 27.845808399
  XLM/USDT: ATR=0.0117, liquidity=52275.00, computed size=9.28
    Skipping XLM/USDT: size 9.28 below minimum order size.
[VictoryBot] Skipping reserve asset XRP: no valid tradable symbol or below min order size.
[VictoryBot] Skipping reserve asset HBAR: no valid tradable symbol or below min order size.
[VictoryBot] Skipping reserve asset LINK: no valid tradable symbol or below min order size.
[VictoryBot] Skipping reserve asset XLM: no valid tradable symbol or below min order size.
✅ Portfolio in balance. No rebalancing needed.
[VictoryBot] Final target allocations: {}
🚀 EXECUTING PORTFOLIO LADDER
========================================
[VictoryBot] execute_portfolio_ladder called. long_positions: {}, hedge_positions: {}
[VictoryBot][DEBUG] execute_portfolio_ladder symbols: []
[VictoryBot][DEBUG] run_all_strategies called with symbols: []
[VictoryBot][DEBUG] momentum_signals: []
[VictoryBot][DEBUG] ml_signals: []
[VictoryBot][DEBUG] mean_reversion_signals: []
[VictoryBot][DEBUG] pair_trading_signals: []
[VictoryBot][DEBUG] yield_opportunities: []
[VictoryBot][DEBUG] volatility_breakout_signals: []
[VictoryBot][DEBUG] multi_timeframe_momentum_signals: []
[VictoryBot][DEBUG] event_signals: []
[VictoryBot][DEBUG] insurance_signals: []
[VictoryBot][DEBUG] hedge_signals: []
[VictoryBot][DEBUG] top_momentum_assets: []
[VictoryBot] Writing scan results (forced): {'momentum_signals': [], 'ml_signals': [], 'mean_reversion_signals': [], 'pair_trading_signals': [], 'yield_opportunities': [], 'volatility_breakout_signals': [], 'multi_timeframe_momentum_signals': [], 'event_signals': [], 'insurance_signals': [], 'hedge_signals': [], 'top_momentum_assets': [], 'diagnostics': {'num_symbols': 0, 'timestamp': '2025-10-11T12:23:06.553192'}}
[VictoryBot] write_scan_results called. Data: {'momentum_signals': [], 'ml_signals': [], 'diagnostics': {'num_symbols': 0, 'timestamp': '2025-10-11T12:23:06.553192', 'investable_usd': 0, 'investable_per_asset': 0, 'mean_reversion_signals': [], 'pair_trading_signals': [], 'yield_opportunities': [], 'volatility_breakout_signals': [], 'multi_timeframe_momentum_signals': [], 'event_signals': [], 'insurance_signals': [], 'hedge_signals': [], 'top_momentum_assets': []}, 'allocations': {}, 'notes': Full strategy integration. All signals/diagnostics included. No trades/allocations this cycle, but scan and reserves maintained.}
[VictoryBot] scan_results.json written: /Users/nicholaskramer/Downloads/victorychain_stack/runtime/scan_results.json
[VictoryBot] scan_log.jsonl appended: /Users/nicholaskramer/Downloads/victorychain_stack/runtime/scan_log.jsonl
[VictoryBot] Scan results written (forced update).
📊 Executing 0 positions simultaneously...

📊 EXECUTION SUMMARY
=========================
Execution ID: exec_1760199786
Execution time: 0.0 seconds
Target positions: 0
Portfolio fill rate: 0.0%
Portfolio flat: ✅
💾 Report saved: execution_report_exec_1760199786.json
[VictoryBot] Available USD balance: 0.0
[VictoryBot] Available USDT balance: 30.93978711
[VictoryBot] All unique quote assets: ['BTC', 'BUSD', 'DAI', 'ETH', 'USD', 'USD4', 'USDC', 'USDT', 'UST']
[VictoryBot] All available tradable USD/USDT-like pairs: ['BTC/USDT', 'ETH/USDT', 'XRP/USDT', 'BCH/USDT', 'LTC/USDT', 'BNB/USDT', 'ADA/USDT', 'BAT/USDT', 'ETC/USDT', 'XLM/USDT', 'ZRX/USDT', 'DOGE/USDT', 'ATOM/USDT', 'NEO/USDT', 'VET/USDT', 'QTUM/USDT', 'ONT/USDT', 'KNC/USDT', 'VTHO/USDT', 'COMP/USDT', 'ONE/USDT', 'BAND/USDT', 'STORJ/USDT', 'UNI/USDT', 'SOL/USDT', 'EGLD/USDT', 'PAXG/USDT', 'OXT/USDT', 'ZEN/USDT', 'BTC/USDC', 'FIL/USDT', 'AAVE/USDT', 'GRT/USDT', 'SHIB/USDT', 'CRV/USDT', 'AXS/USDT', 'AVAX/USDT', 'CTSI/USDT', 'DOT/USDT', 'YFI/USDT', '1INCH/USDT', 'USDC/USDT', 'ETH/USDC', 'MANA/USDT', 'ALGO/USDT', 'LINK/USDT', 'ZEC/USDT', 'ENJ/USDT', 'NEAR/USDT', 'SUSHI/USDT', 'LRC/USDT', 'LPT/USDT', 'NMR/USDT', 'SLP/USDT', 'CHZ/USDT', 'OGN/USDT', 'GALA/USDT', 'TLM/USDT', 'SNX/USDT', 'AUDIO/USDT', 'ENS/USDT', 'REQ/USDT', 'APE/USDT', 'FLUX/USDT', 'COTI/USDT', 'VOXEL/USDT', 'RLC/USDT', 'BICO/USDT', 'API3/USDT', 'BNT/USDT', 'IMX/USDT', 'FLOW/USDT', 'GTC/USDT', 'THETA/USDT', 'TFUEL/USDT', 'OCEAN/USDT', 'LAZIO/USDT', 'SANTOS/USDT', 'ALPINE/USDT', 'PORTO/USDT', 'CELR/USDT', 'SKL/USDT', 'WAXP/USDT', 'LTO/USDT', 'FET/USDT', 'ICP/USDT', 'T/USDT', 'OP/USDT', 'ROSE/USDT', 'CELO/USDT', 'KDA/USDT', 'KSM/USDT', 'ACH/USDT', 'SYS/USDT', 'RAD/USDT', 'ILV/USDT', 'LDO/USDT', 'RARE/USDT', 'LSK/USDT', 'DGB/USDT', 'REEF/USDT', 'ALICE/USDT', 'FORTH/USDT', 'ASTR/USDT', 'BTRST/USDT', 'SAND/USDT', 'GLM/USDT', 'QNT/USDT', 'STG/USDT', 'AXL/USDT', 'KAVA/USDT', 'APT/USDT', 'MASK/USDT', 'BOSON/USDT', 'POND/USDT', 'SOL/USDC', 'ADA/USDC', 'JAM/USDT', 'TRAC/USDT', 'PROM/USDT', 'DIA/USDT', 'LOOM/USDT', 'STMX/USDT', 'BTC/USD', 'ETH/USD', 'BCH/USD', 'LTC/USD', 'USDT/USD', 'BNB/USD', 'ADA/USD', 'ETC/USD', 'XLM/USD', 'LINK/USD', 'RVN/USD', 'ALGO/USD', 'IOTA/USD', 'ATOM/USD', 'ZIL/USD', 'VET/USD', 'HBAR/USD', 'DOGE/USD', 'VTHO/USD', 'USDC/USD', 'ONE/USD', 'UNI/USD', 'SOL/USD', 'AAVE/USD', 'GRT/USD', 'SUSHI/USD', 'CRV/USD', 'AVAX/USD', 'DOT/USD', 'NEAR/USD', 'LPT/USD', 'GALA/USD', 'ENS/USD', 'THETA/USD', 'FET/USD', 'ICP/USD', 'OP/USD', 'KDA/USD', 'DGB/USD', 'SAND/USD', 'SHIB/USD', 'POLYX/USDT', 'IOST/USDT', 'ARB/USDT', 'FLOKI/USDT', 'FLOKI/USD', 'XEC/USDT', 'BLUR/USDT', 'ANKR/USDT', 'DAI/USDT', 'DASH/USDT', 'HBAR/USDT', 'ICX/USDT', 'IOTA/USDT', 'RVN/USDT', 'XNO/USDT', 'XTZ/USDT', 'ZIL/USDT', 'ORBS/USDT', 'ADX/USDT', 'FORT/USDT', 'SUI/USDT', 'ONG/USDT', 'G/USDT', 'RENDER/USDT', 'BONK/USDT', 'MAGIC/USDT', 'PEPE/USDT', 'WIF/USDT', 'IOTX/USDT', 'PNUT/USDT', 'PENGU/USDT', 'POL/USDT', 'TRUMP/USDT', 'NEIRO/USDT', 'SUI/USD', 'XRP/USD', 'BONK/USD', 'PEPE/USD', 'POL/USD', 'RENDER/USD', 'TRUMP/USD', 'EIGEN/USDT', 'ME/USDT', 'ME/USD', 'D/USDT', 'METIS/USDT', 'JUP/USD', 'JUP/USDT', 'S/USD', 'S/USDT', 'JTO/USDT', 'ORCA/USDT', 'DATA/USDT', 'VIRTUAL/USDT', 'AIXBT/USDT', 'KAITO/USDT', 'TURBO/USDT', 'HYPE/USD', 'HYPE/USDT', 'ENA/USDT', 'LAYER/USDT', 'FARTCOIN/USDT', 'SPX/USDT', 'POPCAT/USDT', 'MOODENG/USDT', 'ANIME/USDT', '1000MOG/USDT', 'ONDO/USDT', '1000REKT/USDT', 'XDC/USDT', 'BRETT/USDT', 'WLD/USDT', 'TOSHI/USDT', 'USELESS/USDT', 'A2Z/USDT', 'NOBODY/USDT', 'PUMP/USDT', 'A/USDT', 'MEW/USDT', 'SKY/USDT', 'GIGA/USDT', 'DOOD/USDT']
[VictoryBot] ISO 20022 tradable USD/USDT-like pairs: ['XRP/USDT', 'XLM/USDT', 'ALGO/USDT', 'QNT/USDT', 'XLM/USD', 'ALGO/USD', 'IOTA/USD', 'HBAR/USD', 'HBAR/USDT', 'IOTA/USDT', 'XRP/USD', 'XDC/USDT']
[VictoryBot] Top scored symbols: ['XRP/USDT', 'XRP/USD', 'HBAR/USDT', 'XLM/USDT', 'HBAR/USD', 'ALGO/USDT', 'IOTA/USDT', 'XLM/USD', 'ALGO/USD', 'IOTA/USD']
[VictoryBot] Full scored universe: [('XRP/USDT', 1736854.7296142776, 3473709.48036, -0.08975720511224239, 0.1090762605886359, 0), ('XRP/USD', 540406.3259017308, 1080812.67576, -0.09153846153846146, 0.10322179490785847, 0), ('HBAR/USDT', 180726.32445096876, 361452.73486, -0.14966644107125587, 0.012806007002965442, 0), ('XLM/USDT', 138702.14165307913, 277404.3401, -0.10285714285714286, 0.01640147993322554, 0), ('HBAR/USD', 60356.625964047525, 120713.33889, -0.1512832929782082, 0.012693569433378462, 0), ('ALGO/USDT', 50884.366831566265, 101768.7876, -0.09568924680246339, 0.01158893541271156, 0), ('IOTA/USDT', 36053.538214753964, 72107.1704, -0.16186635944700467, 0.010497745281725977, 0), ('XLM/USD', 24365.1824241228, 48730.4005, -0.0676223965377332, 0.016405611722822164, 0), ('ALGO/USD', 14098.402527437738, 28196.8673, -0.11013011152416356, 0.01277647463113358, 0), ('IOTA/USD', 7601.6688352403535, 15203.42, -0.14177803602556655, 0.0091243410720994, 0)]
[VictoryBot] Momentum signals: ['XLM/USD', 'XRP/USDT', 'XRP/USD', 'ALGO/USDT', 'XLM/USDT']
[VictoryBot] ML signals: []
[VictoryBot] No open positions. Using available USD/USDT balance: 30.93978711
[VictoryBot] Portfolio sizing diagnostics:
  Investable USD: 27.845808399
  Investable per asset: 27.845808399
  XLM/USDT: ATR=0.0117, liquidity=82505.00, computed size=9.28
    Skipping XLM/USDT: size 9.28 below minimum order size.
[VictoryBot] Skipping reserve asset XRP: no valid tradable symbol or below min order size.
[VictoryBot] Skipping reserve asset HBAR: no valid tradable symbol or below min order size.
[VictoryBot] Skipping reserve asset LINK: no valid tradable symbol or below min order size.
[VictoryBot] Skipping reserve asset XLM: no valid tradable symbol or below min order size.
✅ Portfolio in balance. No rebalancing needed.
[VictoryBot] Final target allocations: {}
🚀 EXECUTING PORTFOLIO LADDER
========================================
[VictoryBot] execute_portfolio_ladder called. long_positions: {}, hedge_positions: {}
[VictoryBot][DEBUG] execute_portfolio_ladder symbols: []
[VictoryBot][DEBUG] run_all_strategies called with symbols: []
[VictoryBot][DEBUG] momentum_signals: []
[VictoryBot][DEBUG] ml_signals: []
[VictoryBot][DEBUG] mean_reversion_signals: []
[VictoryBot][DEBUG] pair_trading_signals: []
[VictoryBot][DEBUG] yield_opportunities: []
[VictoryBot][DEBUG] volatility_breakout_signals: []
[VictoryBot][DEBUG] multi_timeframe_momentum_signals: []
[VictoryBot][DEBUG] event_signals: []
[VictoryBot][DEBUG] insurance_signals: []
[VictoryBot][DEBUG] hedge_signals: []
[VictoryBot][DEBUG] top_momentum_assets: []
[VictoryBot] Writing scan results (forced): {'momentum_signals': [], 'ml_signals': [], 'mean_reversion_signals': [], 'pair_trading_signals': [], 'yield_opportunities': [], 'volatility_breakout_signals': [], 'multi_timeframe_momentum_signals': [], 'event_signals': [], 'insurance_signals': [], 'hedge_signals': [], 'top_momentum_assets': [], 'diagnostics': {'num_symbols': 0, 'timestamp': '2025-10-11T12:24:30.847354'}}
[VictoryBot] write_scan_results called. Data: {'momentum_signals': [], 'ml_signals': [], 'diagnostics': {'num_symbols': 0, 'timestamp': '2025-10-11T12:24:30.847354', 'investable_usd': 0, 'investable_per_asset': 0, 'mean_reversion_signals': [], 'pair_trading_signals': [], 'yield_opportunities': [], 'volatility_breakout_signals': [], 'multi_timeframe_momentum_signals': [], 'event_signals': [], 'insurance_signals': [], 'hedge_signals': [], 'top_momentum_assets': []}, 'allocations': {}, 'notes': Full strategy integration. All signals/diagnostics included. No trades/allocations this cycle, but scan and reserves maintained.}
[VictoryBot] scan_results.json written: /Users/nicholaskramer/Downloads/victorychain_stack/runtime/scan_results.json
[VictoryBot] scan_log.jsonl appended: /Users/nicholaskramer/Downloads/victorychain_stack/runtime/scan_log.jsonl
[VictoryBot] Scan results written (forced update).
📊 Executing 0 positions simultaneously...

📊 EXECUTION SUMMARY
=========================
Execution ID: exec_1760199870
Execution time: 0.0 seconds
Target positions: 0
Portfolio fill rate: 0.0%
Portfolio flat: ✅
💾 Report saved: execution_report_exec_1760199870.json
[VictoryBot] Available USD balance: 0.0
[VictoryBot] Available USDT balance: 30.93978711
[VictoryBot] All unique quote assets: ['BTC', 'BUSD', 'DAI', 'ETH', 'USD', 'USD4', 'USDC', 'USDT', 'UST']
[VictoryBot] All available tradable USD/USDT-like pairs: ['BTC/USDT', 'ETH/USDT', 'XRP/USDT', 'BCH/USDT', 'LTC/USDT', 'BNB/USDT', 'ADA/USDT', 'BAT/USDT', 'ETC/USDT', 'XLM/USDT', 'ZRX/USDT', 'DOGE/USDT', 'ATOM/USDT', 'NEO/USDT', 'VET/USDT', 'QTUM/USDT', 'ONT/USDT', 'KNC/USDT', 'VTHO/USDT', 'COMP/USDT', 'ONE/USDT', 'BAND/USDT', 'STORJ/USDT', 'UNI/USDT', 'SOL/USDT', 'EGLD/USDT', 'PAXG/USDT', 'OXT/USDT', 'ZEN/USDT', 'BTC/USDC', 'FIL/USDT', 'AAVE/USDT', 'GRT/USDT', 'SHIB/USDT', 'CRV/USDT', 'AXS/USDT', 'AVAX/USDT', 'CTSI/USDT', 'DOT/USDT', 'YFI/USDT', '1INCH/USDT', 'USDC/USDT', 'ETH/USDC', 'MANA/USDT', 'ALGO/USDT', 'LINK/USDT', 'ZEC/USDT', 'ENJ/USDT', 'NEAR/USDT', 'SUSHI/USDT', 'LRC/USDT', 'LPT/USDT', 'NMR/USDT', 'SLP/USDT', 'CHZ/USDT', 'OGN/USDT', 'GALA/USDT', 'TLM/USDT', 'SNX/USDT', 'AUDIO/USDT', 'ENS/USDT', 'REQ/USDT', 'APE/USDT', 'FLUX/USDT', 'COTI/USDT', 'VOXEL/USDT', 'RLC/USDT', 'BICO/USDT', 'API3/USDT', 'BNT/USDT', 'IMX/USDT', 'FLOW/USDT', 'GTC/USDT', 'THETA/USDT', 'TFUEL/USDT', 'OCEAN/USDT', 'LAZIO/USDT', 'SANTOS/USDT', 'ALPINE/USDT', 'PORTO/USDT', 'CELR/USDT', 'SKL/USDT', 'WAXP/USDT', 'LTO/USDT', 'FET/USDT', 'ICP/USDT', 'T/USDT', 'OP/USDT', 'ROSE/USDT', 'CELO/USDT', 'KDA/USDT', 'KSM/USDT', 'ACH/USDT', 'SYS/USDT', 'RAD/USDT', 'ILV/USDT', 'LDO/USDT', 'RARE/USDT', 'LSK/USDT', 'DGB/USDT', 'REEF/USDT', 'ALICE/USDT', 'FORTH/USDT', 'ASTR/USDT', 'BTRST/USDT', 'SAND/USDT', 'GLM/USDT', 'QNT/USDT', 'STG/USDT', 'AXL/USDT', 'KAVA/USDT', 'APT/USDT', 'MASK/USDT', 'BOSON/USDT', 'POND/USDT', 'SOL/USDC', 'ADA/USDC', 'JAM/USDT', 'TRAC/USDT', 'PROM/USDT', 'DIA/USDT', 'LOOM/USDT', 'STMX/USDT', 'BTC/USD', 'ETH/USD', 'BCH/USD', 'LTC/USD', 'USDT/USD', 'BNB/USD', 'ADA/USD', 'ETC/USD', 'XLM/USD', 'LINK/USD', 'RVN/USD', 'ALGO/USD', 'IOTA/USD', 'ATOM/USD', 'ZIL/USD', 'VET/USD', 'HBAR/USD', 'DOGE/USD', 'VTHO/USD', 'USDC/USD', 'ONE/USD', 'UNI/USD', 'SOL/USD', 'AAVE/USD', 'GRT/USD', 'SUSHI/USD', 'CRV/USD', 'AVAX/USD', 'DOT/USD', 'NEAR/USD', 'LPT/USD', 'GALA/USD', 'ENS/USD', 'THETA/USD', 'FET/USD', 'ICP/USD', 'OP/USD', 'KDA/USD', 'DGB/USD', 'SAND/USD', 'SHIB/USD', 'POLYX/USDT', 'IOST/USDT', 'ARB/USDT', 'FLOKI/USDT', 'FLOKI/USD', 'XEC/USDT', 'BLUR/USDT', 'ANKR/USDT', 'DAI/USDT', 'DASH/USDT', 'HBAR/USDT', 'ICX/USDT', 'IOTA/USDT', 'RVN/USDT', 'XNO/USDT', 'XTZ/USDT', 'ZIL/USDT', 'ORBS/USDT', 'ADX/USDT', 'FORT/USDT', 'SUI/USDT', 'ONG/USDT', 'G/USDT', 'RENDER/USDT', 'BONK/USDT', 'MAGIC/USDT', 'PEPE/USDT', 'WIF/USDT', 'IOTX/USDT', 'PNUT/USDT', 'PENGU/USDT', 'POL/USDT', 'TRUMP/USDT', 'NEIRO/USDT', 'SUI/USD', 'XRP/USD', 'BONK/USD', 'PEPE/USD', 'POL/USD', 'RENDER/USD', 'TRUMP/USD', 'EIGEN/USDT', 'ME/USDT', 'ME/USD', 'D/USDT', 'METIS/USDT', 'JUP/USD', 'JUP/USDT', 'S/USD', 'S/USDT', 'JTO/USDT', 'ORCA/USDT', 'DATA/USDT', 'VIRTUAL/USDT', 'AIXBT/USDT', 'KAITO/USDT', 'TURBO/USDT', 'HYPE/USD', 'HYPE/USDT', 'ENA/USDT', 'LAYER/USDT', 'FARTCOIN/USDT', 'SPX/USDT', 'POPCAT/USDT', 'MOODENG/USDT', 'ANIME/USDT', '1000MOG/USDT', 'ONDO/USDT', '1000REKT/USDT', 'XDC/USDT', 'BRETT/USDT', 'WLD/USDT', 'TOSHI/USDT', 'USELESS/USDT', 'A2Z/USDT', 'NOBODY/USDT', 'PUMP/USDT', 'A/USDT', 'MEW/USDT', 'SKY/USDT', 'GIGA/USDT', 'DOOD/USDT']
[VictoryBot] ISO 20022 tradable USD/USDT-like pairs: ['XRP/USDT', 'XLM/USDT', 'ALGO/USDT', 'QNT/USDT', 'XLM/USD', 'ALGO/USD', 'IOTA/USD', 'HBAR/USD', 'HBAR/USDT', 'IOTA/USDT', 'XRP/USD', 'XDC/USDT']
[VictoryBot] Top scored symbols: ['XRP/USDT', 'XRP/USD', 'HBAR/USDT', 'XLM/USDT', 'HBAR/USD', 'ALGO/USDT', 'IOTA/USDT', 'XLM/USD', 'ALGO/USD', 'IOTA/USD']
[VictoryBot] Full scored universe: [('XRP/USDT', 1736772.943500071, 3473545.91044, -0.0936023730179076, 0.10907188631356847, 0), ('XRP/USD', 540406.3259017308, 1080812.67576, -0.09153846153846146, 0.10322179490785847, 0), ('HBAR/USDT', 180136.67090096875, 360273.42776, -0.14966644107125587, 0.012806007002965442, 0), ('XLM/USDT', 138866.5162241543, 277733.0881, -0.10095238095238086, 0.01639912387903695, 0), ('HBAR/USD', 60356.625964047525, 120713.33889, -0.1512832929782082, 0.012693569433378462, 0), ('ALGO/USDT', 50953.94988156627, 101907.9537, -0.09568924680246339, 0.01158893541271156, 0), ('IOTA/USDT', 36053.538214753964, 72107.1704, -0.16186635944700467, 0.010497745281725977, 0), ('XLM/USD', 24365.1824241228, 48730.4005, -0.0676223965377332, 0.016405611722822164, 0), ('ALGO/USD', 14168.204277437737, 28336.4708, -0.11013011152416356, 0.01277647463113358, 0), ('IOTA/USD', 7601.6688352403535, 15203.42, -0.14177803602556655, 0.0091243410720994, 0)]
[VictoryBot] Momentum signals: ['XLM/USD', 'XRP/USD', 'XRP/USDT', 'ALGO/USDT', 'XLM/USDT']
[VictoryBot] ML signals: []
[VictoryBot] No open positions. Using available USD/USDT balance: 30.93978711
[VictoryBot] Portfolio sizing diagnostics:
  Investable USD: 27.845808399
  Investable per asset: 27.845808399
  XLM/USDT: ATR=0.0117, liquidity=69920.00, computed size=9.28
    Skipping XLM/USDT: size 9.28 below minimum order size.
[VictoryBot] Skipping reserve asset XRP: no valid tradable symbol or below min order size.
[VictoryBot] Skipping reserve asset HBAR: no valid tradable symbol or below min order size.
[VictoryBot] Skipping reserve asset LINK: no valid tradable symbol or below min order size.
[VictoryBot] Skipping reserve asset XLM: no valid tradable symbol or below min order size.
✅ Portfolio in balance. No rebalancing needed.
[VictoryBot] Final target allocations: {}
🚀 EXECUTING PORTFOLIO LADDER
========================================
[VictoryBot] execute_portfolio_ladder called. long_positions: {}, hedge_positions: {}
[VictoryBot][DEBUG] execute_portfolio_ladder symbols: []
[VictoryBot][DEBUG] run_all_strategies called with symbols: []
[VictoryBot][DEBUG] momentum_signals: []
[VictoryBot][DEBUG] ml_signals: []
[VictoryBot][DEBUG] mean_reversion_signals: []
[VictoryBot][DEBUG] pair_trading_signals: []
[VictoryBot][DEBUG] yield_opportunities: []
[VictoryBot][DEBUG] volatility_breakout_signals: []
[VictoryBot][DEBUG] multi_timeframe_momentum_signals: []
[VictoryBot][DEBUG] event_signals: []
[VictoryBot][DEBUG] insurance_signals: []
[VictoryBot][DEBUG] hedge_signals: []
[VictoryBot][DEBUG] top_momentum_assets: []
[VictoryBot] Writing scan results (forced): {'momentum_signals': [], 'ml_signals': [], 'mean_reversion_signals': [], 'pair_trading_signals': [], 'yield_opportunities': [], 'volatility_breakout_signals': [], 'multi_timeframe_momentum_signals': [], 'event_signals': [], 'insurance_signals': [], 'hedge_signals': [], 'top_momentum_assets': [], 'diagnostics': {'num_symbols': 0, 'timestamp': '2025-10-11T12:25:55.202209'}}
[VictoryBot] write_scan_results called. Data: {'momentum_signals': [], 'ml_signals': [], 'diagnostics': {'num_symbols': 0, 'timestamp': '2025-10-11T12:25:55.202209', 'investable_usd': 0, 'investable_per_asset': 0, 'mean_reversion_signals': [], 'pair_trading_signals': [], 'yield_opportunities': [], 'volatility_breakout_signals': [], 'multi_timeframe_momentum_signals': [], 'event_signals': [], 'insurance_signals': [], 'hedge_signals': [], 'top_momentum_assets': []}, 'allocations': {}, 'notes': Full strategy integration. All signals/diagnostics included. No trades/allocations this cycle, but scan and reserves maintained.}
[VictoryBot] scan_results.json written: /Users/nicholaskramer/Downloads/victorychain_stack/runtime/scan_results.json
[VictoryBot] scan_log.jsonl appended: /Users/nicholaskramer/Downloads/victorychain_stack/runtime/scan_log.jsonl
[VictoryBot] Scan results written (forced update).
📊 Executing 0 positions simultaneously...

📊 EXECUTION SUMMARY
=========================
Execution ID: exec_1760199955
Execution time: 0.0 seconds
Target positions: 0
Portfolio fill rate: 0.0%
Portfolio flat: ✅
💾 Report saved: execution_report_exec_1760199955.json
[VictoryBot] Available USD balance: 0.0
[VictoryBot] Available USDT balance: 30.93978711
[VictoryBot] All unique quote assets: ['BTC', 'BUSD', 'DAI', 'ETH', 'USD', 'USD4', 'USDC', 'USDT', 'UST']
[VictoryBot] All available tradable USD/USDT-like pairs: ['BTC/USDT', 'ETH/USDT', 'XRP/USDT', 'BCH/USDT', 'LTC/USDT', 'BNB/USDT', 'ADA/USDT', 'BAT/USDT', 'ETC/USDT', 'XLM/USDT', 'ZRX/USDT', 'DOGE/USDT', 'ATOM/USDT', 'NEO/USDT', 'VET/USDT', 'QTUM/USDT', 'ONT/USDT', 'KNC/USDT', 'VTHO/USDT', 'COMP/USDT', 'ONE/USDT', 'BAND/USDT', 'STORJ/USDT', 'UNI/USDT', 'SOL/USDT', 'EGLD/USDT', 'PAXG/USDT', 'OXT/USDT', 'ZEN/USDT', 'BTC/USDC', 'FIL/USDT', 'AAVE/USDT', 'GRT/USDT', 'SHIB/USDT', 'CRV/USDT', 'AXS/USDT', 'AVAX/USDT', 'CTSI/USDT', 'DOT/USDT', 'YFI/USDT', '1INCH/USDT', 'USDC/USDT', 'ETH/USDC', 'MANA/USDT', 'ALGO/USDT', 'LINK/USDT', 'ZEC/USDT', 'ENJ/USDT', 'NEAR/USDT', 'SUSHI/USDT', 'LRC/USDT', 'LPT/USDT', 'NMR/USDT', 'SLP/USDT', 'CHZ/USDT', 'OGN/USDT', 'GALA/USDT', 'TLM/USDT', 'SNX/USDT', 'AUDIO/USDT', 'ENS/USDT', 'REQ/USDT', 'APE/USDT', 'FLUX/USDT', 'COTI/USDT', 'VOXEL/USDT', 'RLC/USDT', 'BICO/USDT', 'API3/USDT', 'BNT/USDT', 'IMX/USDT', 'FLOW/USDT', 'GTC/USDT', 'THETA/USDT', 'TFUEL/USDT', 'OCEAN/USDT', 'LAZIO/USDT', 'SANTOS/USDT', 'ALPINE/USDT', 'PORTO/USDT', 'CELR/USDT', 'SKL/USDT', 'WAXP/USDT', 'LTO/USDT', 'FET/USDT', 'ICP/USDT', 'T/USDT', 'OP/USDT', 'ROSE/USDT', 'CELO/USDT', 'KDA/USDT', 'KSM/USDT', 'ACH/USDT', 'SYS/USDT', 'RAD/USDT', 'ILV/USDT', 'LDO/USDT', 'RARE/USDT', 'LSK/USDT', 'DGB/USDT', 'REEF/USDT', 'ALICE/USDT', 'FORTH/USDT', 'ASTR/USDT', 'BTRST/USDT', 'SAND/USDT', 'GLM/USDT', 'QNT/USDT', 'STG/USDT', 'AXL/USDT', 'KAVA/USDT', 'APT/USDT', 'MASK/USDT', 'BOSON/USDT', 'POND/USDT', 'SOL/USDC', 'ADA/USDC', 'JAM/USDT', 'TRAC/USDT', 'PROM/USDT', 'DIA/USDT', 'LOOM/USDT', 'STMX/USDT', 'BTC/USD', 'ETH/USD', 'BCH/USD', 'LTC/USD', 'USDT/USD', 'BNB/USD', 'ADA/USD', 'ETC/USD', 'XLM/USD', 'LINK/USD', 'RVN/USD', 'ALGO/USD', 'IOTA/USD', 'ATOM/USD', 'ZIL/USD', 'VET/USD', 'HBAR/USD', 'DOGE/USD', 'VTHO/USD', 'USDC/USD', 'ONE/USD', 'UNI/USD', 'SOL/USD', 'AAVE/USD', 'GRT/USD', 'SUSHI/USD', 'CRV/USD', 'AVAX/USD', 'DOT/USD', 'NEAR/USD', 'LPT/USD', 'GALA/USD', 'ENS/USD', 'THETA/USD', 'FET/USD', 'ICP/USD', 'OP/USD', 'KDA/USD', 'DGB/USD', 'SAND/USD', 'SHIB/USD', 'POLYX/USDT', 'IOST/USDT', 'ARB/USDT', 'FLOKI/USDT', 'FLOKI/USD', 'XEC/USDT', 'BLUR/USDT', 'ANKR/USDT', 'DAI/USDT', 'DASH/USDT', 'HBAR/USDT', 'ICX/USDT', 'IOTA/USDT', 'RVN/USDT', 'XNO/USDT', 'XTZ/USDT', 'ZIL/USDT', 'ORBS/USDT', 'ADX/USDT', 'FORT/USDT', 'SUI/USDT', 'ONG/USDT', 'G/USDT', 'RENDER/USDT', 'BONK/USDT', 'MAGIC/USDT', 'PEPE/USDT', 'WIF/USDT', 'IOTX/USDT', 'PNUT/USDT', 'PENGU/USDT', 'POL/USDT', 'TRUMP/USDT', 'NEIRO/USDT', 'SUI/USD', 'XRP/USD', 'BONK/USD', 'PEPE/USD', 'POL/USD', 'RENDER/USD', 'TRUMP/USD', 'EIGEN/USDT', 'ME/USDT', 'ME/USD', 'D/USDT', 'METIS/USDT', 'JUP/USD', 'JUP/USDT', 'S/USD', 'S/USDT', 'JTO/USDT', 'ORCA/USDT', 'DATA/USDT', 'VIRTUAL/USDT', 'AIXBT/USDT', 'KAITO/USDT', 'TURBO/USDT', 'HYPE/USD', 'HYPE/USDT', 'ENA/USDT', 'LAYER/USDT', 'FARTCOIN/USDT', 'SPX/USDT', 'POPCAT/USDT', 'MOODENG/USDT', 'ANIME/USDT', '1000MOG/USDT', 'ONDO/USDT', '1000REKT/USDT', 'XDC/USDT', 'BRETT/USDT', 'WLD/USDT', 'TOSHI/USDT', 'USELESS/USDT', 'A2Z/USDT', 'NOBODY/USDT', 'PUMP/USDT', 'A/USDT', 'MEW/USDT', 'SKY/USDT', 'GIGA/USDT', 'DOOD/USDT']
[VictoryBot] ISO 20022 tradable USD/USDT-like pairs: ['XRP/USDT', 'XLM/USDT', 'ALGO/USDT', 'QNT/USDT', 'XLM/USD', 'ALGO/USD', 'IOTA/USD', 'HBAR/USD', 'HBAR/USDT', 'IOTA/USDT', 'XRP/USD', 'XDC/USDT']
[VictoryBot] Top scored symbols: ['XRP/USDT', 'XRP/USD', 'HBAR/USDT', 'XLM/USDT', 'HBAR/USD', 'ALGO/USDT', 'IOTA/USDT', 'XLM/USD', 'ALGO/USD', 'IOTA/USD']
[VictoryBot] Full scored universe: [('XRP/USDT', 1736802.80891416, 3473605.6405, -0.09232065038268575, 0.10906903164510083, 0), ('XRP/USD', 540406.3259017308, 1080812.67576, -0.09153846153846146, 0.10322179490785847, 0), ('HBAR/USDT', 177397.26521596874, 354794.61639, -0.14966644107125587, 0.012806007002965442, 0), ('XLM/USDT', 138866.5162241543, 277733.0881, -0.10095238095238086, 0.01639912387903695, 0), ('HBAR/USD', 60356.625964047525, 120713.33889, -0.1512832929782082, 0.012693569433378462, 0), ('ALGO/USDT', 50953.94988156627, 101907.9537, -0.09568924680246339, 0.01158893541271156, 0), ('IOTA/USDT', 36053.538214753964, 72107.1704, -0.16186635944700467, 0.010497745281725977, 0), ('XLM/USD', 24365.1824241228, 48730.4005, -0.0676223965377332, 0.016405611722822164, 0), ('ALGO/USD', 14168.204277437737, 28336.4708, -0.11013011152416356, 0.01277647463113358, 0), ('IOTA/USD', 7601.6688352403535, 15203.42, -0.14177803602556655, 0.0091243410720994, 0)]
[VictoryBot] Momentum signals: ['XLM/USD', 'XRP/USD', 'XRP/USDT', 'ALGO/USDT', 'XLM/USDT']
[VictoryBot] ML signals: []
[VictoryBot] No open positions. Using available USD/USDT balance: 30.93978711
[VictoryBot] Portfolio sizing diagnostics:
  Investable USD: 27.845808399
  Investable per asset: 27.845808399
  XLM/USDT: ATR=0.0117, liquidity=52625.00, computed size=9.28
    Skipping XLM/USDT: size 9.28 below minimum order size.
[VictoryBot] Skipping reserve asset XRP: no valid tradable symbol or below min order size.
[VictoryBot] Skipping reserve asset HBAR: no valid tradable symbol or below min order size.
[VictoryBot] Skipping reserve asset LINK: no valid tradable symbol or below min order size.
[VictoryBot] Skipping reserve asset XLM: no valid tradable symbol or below min order size.
✅ Portfolio in balance. No rebalancing needed.
[VictoryBot] Final target allocations: {}
🚀 EXECUTING PORTFOLIO LADDER
========================================
[VictoryBot] execute_portfolio_ladder called. long_positions: {}, hedge_positions: {}
[VictoryBot][DEBUG] execute_portfolio_ladder symbols: []
[VictoryBot][DEBUG] run_all_strategies called with symbols: []
[VictoryBot][DEBUG] momentum_signals: []
[VictoryBot][DEBUG] ml_signals: []
[VictoryBot][DEBUG] mean_reversion_signals: []
[VictoryBot][DEBUG] pair_trading_signals: []
[VictoryBot][DEBUG] yield_opportunities: []
[VictoryBot][DEBUG] volatility_breakout_signals: []
[VictoryBot][DEBUG] multi_timeframe_momentum_signals: []
[VictoryBot][DEBUG] event_signals: []
[VictoryBot][DEBUG] insurance_signals: []
[VictoryBot][DEBUG] hedge_signals: []
[VictoryBot][DEBUG] top_momentum_assets: []
[VictoryBot] Writing scan results (forced): {'momentum_signals': [], 'ml_signals': [], 'mean_reversion_signals': [], 'pair_trading_signals': [], 'yield_opportunities': [], 'volatility_breakout_signals': [], 'multi_timeframe_momentum_signals': [], 'event_signals': [], 'insurance_signals': [], 'hedge_signals': [], 'top_momentum_assets': [], 'diagnostics': {'num_symbols': 0, 'timestamp': '2025-10-11T12:27:19.595671'}}
[VictoryBot] write_scan_results called. Data: {'momentum_signals': [], 'ml_signals': [], 'diagnostics': {'num_symbols': 0, 'timestamp': '2025-10-11T12:27:19.595671', 'investable_usd': 0, 'investable_per_asset': 0, 'mean_reversion_signals': [], 'pair_trading_signals': [], 'yield_opportunities': [], 'volatility_breakout_signals': [], 'multi_timeframe_momentum_signals': [], 'event_signals': [], 'insurance_signals': [], 'hedge_signals': [], 'top_momentum_assets': []}, 'allocations': {}, 'notes': Full strategy integration. All signals/diagnostics included. No trades/allocations this cycle, but scan and reserves maintained.}
[VictoryBot] scan_results.json written: /Users/nicholaskramer/Downloads/victorychain_stack/runtime/scan_results.json
[VictoryBot] scan_log.jsonl appended: /Users/nicholaskramer/Downloads/victorychain_stack/runtime/scan_log.jsonl
[VictoryBot] Scan results written (forced update).
📊 Executing 0 positions simultaneously...

📊 EXECUTION SUMMARY
=========================
Execution ID: exec_1760200039
Execution time: 0.0 seconds
Target positions: 0
Portfolio fill rate: 0.0%
Portfolio flat: ✅
💾 Report saved: execution_report_exec_1760200039.json
[VictoryBot] Available USD balance: 0.0
[VictoryBot] Available USDT balance: 30.93978711
[VictoryBot] All unique quote assets: ['BTC', 'BUSD', 'DAI', 'ETH', 'USD', 'USD4', 'USDC', 'USDT', 'UST']
[VictoryBot] All available tradable USD/USDT-like pairs: ['BTC/USDT', 'ETH/USDT', 'XRP/USDT', 'BCH/USDT', 'LTC/USDT', 'BNB/USDT', 'ADA/USDT', 'BAT/USDT', 'ETC/USDT', 'XLM/USDT', 'ZRX/USDT', 'DOGE/USDT', 'ATOM/USDT', 'NEO/USDT', 'VET/USDT', 'QTUM/USDT', 'ONT/USDT', 'KNC/USDT', 'VTHO/USDT', 'COMP/USDT', 'ONE/USDT', 'BAND/USDT', 'STORJ/USDT', 'UNI/USDT', 'SOL/USDT', 'EGLD/USDT', 'PAXG/USDT', 'OXT/USDT', 'ZEN/USDT', 'BTC/USDC', 'FIL/USDT', 'AAVE/USDT', 'GRT/USDT', 'SHIB/USDT', 'CRV/USDT', 'AXS/USDT', 'AVAX/USDT', 'CTSI/USDT', 'DOT/USDT', 'YFI/USDT', '1INCH/USDT', 'USDC/USDT', 'ETH/USDC', 'MANA/USDT', 'ALGO/USDT', 'LINK/USDT', 'ZEC/USDT', 'ENJ/USDT', 'NEAR/USDT', 'SUSHI/USDT', 'LRC/USDT', 'LPT/USDT', 'NMR/USDT', 'SLP/USDT', 'CHZ/USDT', 'OGN/USDT', 'GALA/USDT', 'TLM/USDT', 'SNX/USDT', 'AUDIO/USDT', 'ENS/USDT', 'REQ/USDT', 'APE/USDT', 'FLUX/USDT', 'COTI/USDT', 'VOXEL/USDT', 'RLC/USDT', 'BICO/USDT', 'API3/USDT', 'BNT/USDT', 'IMX/USDT', 'FLOW/USDT', 'GTC/USDT', 'THETA/USDT', 'TFUEL/USDT', 'OCEAN/USDT', 'LAZIO/USDT', 'SANTOS/USDT', 'ALPINE/USDT', 'PORTO/USDT', 'CELR/USDT', 'SKL/USDT', 'WAXP/USDT', 'LTO/USDT', 'FET/USDT', 'ICP/USDT', 'T/USDT', 'OP/USDT', 'ROSE/USDT', 'CELO/USDT', 'KDA/USDT', 'KSM/USDT', 'ACH/USDT', 'SYS/USDT', 'RAD/USDT', 'ILV/USDT', 'LDO/USDT', 'RARE/USDT', 'LSK/USDT', 'DGB/USDT', 'REEF/USDT', 'ALICE/USDT', 'FORTH/USDT', 'ASTR/USDT', 'BTRST/USDT', 'SAND/USDT', 'GLM/USDT', 'QNT/USDT', 'STG/USDT', 'AXL/USDT', 'KAVA/USDT', 'APT/USDT', 'MASK/USDT', 'BOSON/USDT', 'POND/USDT', 'SOL/USDC', 'ADA/USDC', 'JAM/USDT', 'TRAC/USDT', 'PROM/USDT', 'DIA/USDT', 'LOOM/USDT', 'STMX/USDT', 'BTC/USD', 'ETH/USD', 'BCH/USD', 'LTC/USD', 'USDT/USD', 'BNB/USD', 'ADA/USD', 'ETC/USD', 'XLM/USD', 'LINK/USD', 'RVN/USD', 'ALGO/USD', 'IOTA/USD', 'ATOM/USD', 'ZIL/USD', 'VET/USD', 'HBAR/USD', 'DOGE/USD', 'VTHO/USD', 'USDC/USD', 'ONE/USD', 'UNI/USD', 'SOL/USD', 'AAVE/USD', 'GRT/USD', 'SUSHI/USD', 'CRV/USD', 'AVAX/USD', 'DOT/USD', 'NEAR/USD', 'LPT/USD', 'GALA/USD', 'ENS/USD', 'THETA/USD', 'FET/USD', 'ICP/USD', 'OP/USD', 'KDA/USD', 'DGB/USD', 'SAND/USD', 'SHIB/USD', 'POLYX/USDT', 'IOST/USDT', 'ARB/USDT', 'FLOKI/USDT', 'FLOKI/USD', 'XEC/USDT', 'BLUR/USDT', 'ANKR/USDT', 'DAI/USDT', 'DASH/USDT', 'HBAR/USDT', 'ICX/USDT', 'IOTA/USDT', 'RVN/USDT', 'XNO/USDT', 'XTZ/USDT', 'ZIL/USDT', 'ORBS/USDT', 'ADX/USDT', 'FORT/USDT', 'SUI/USDT', 'ONG/USDT', 'G/USDT', 'RENDER/USDT', 'BONK/USDT', 'MAGIC/USDT', 'PEPE/USDT', 'WIF/USDT', 'IOTX/USDT', 'PNUT/USDT', 'PENGU/USDT', 'POL/USDT', 'TRUMP/USDT', 'NEIRO/USDT', 'SUI/USD', 'XRP/USD', 'BONK/USD', 'PEPE/USD', 'POL/USD', 'RENDER/USD', 'TRUMP/USD', 'EIGEN/USDT', 'ME/USDT', 'ME/USD', 'D/USDT', 'METIS/USDT', 'JUP/USD', 'JUP/USDT', 'S/USD', 'S/USDT', 'JTO/USDT', 'ORCA/USDT', 'DATA/USDT', 'VIRTUAL/USDT', 'AIXBT/USDT', 'KAITO/USDT', 'TURBO/USDT', 'HYPE/USD', 'HYPE/USDT', 'ENA/USDT', 'LAYER/USDT', 'FARTCOIN/USDT', 'SPX/USDT', 'POPCAT/USDT', 'MOODENG/USDT', 'ANIME/USDT', '1000MOG/USDT', 'ONDO/USDT', '1000REKT/USDT', 'XDC/USDT', 'BRETT/USDT', 'WLD/USDT', 'TOSHI/USDT', 'USELESS/USDT', 'A2Z/USDT', 'NOBODY/USDT', 'PUMP/USDT', 'A/USDT', 'MEW/USDT', 'SKY/USDT', 'GIGA/USDT', 'DOOD/USDT']
[VictoryBot] ISO 20022 tradable USD/USDT-like pairs: ['XRP/USDT', 'XLM/USDT', 'ALGO/USDT', 'QNT/USDT', 'XLM/USD', 'ALGO/USD', 'IOTA/USD', 'HBAR/USD', 'HBAR/USDT', 'IOTA/USDT', 'XRP/USD', 'XDC/USDT']
[VictoryBot] Top scored symbols: ['XRP/USDT', 'XRP/USD', 'HBAR/USDT', 'XLM/USDT', 'HBAR/USD', 'ALGO/USDT', 'IOTA/USDT', 'XLM/USD', 'ALGO/USD', 'IOTA/USD']
[VictoryBot] Full scored universe: [('XRP/USDT', 1736827.2525126569, 3473654.52818, -0.09312630461053949, 0.1090703225630144, 0), ('XRP/USD', 540465.6435747837, 1080931.30096, -0.07472527472527479, 0.1034157748895206, 0), ('HBAR/USDT', 177907.64565600955, 355815.37956, -0.15348544909600698, 0.01281096195607496, 0), ('XLM/USDT', 138866.5162241543, 277733.0881, -0.10095238095238086, 0.01639912387903695, 0), ('HBAR/USD', 60356.625964047525, 120713.33889, -0.1512832929782082, 0.012693569433378462, 0), ('ALGO/USDT', 50953.94988156627, 101907.9537, -0.09568924680246339, 0.01158893541271156, 0), ('IOTA/USDT', 36053.538214753964, 72107.1704, -0.16186635944700467, 0.010497745281725977, 0), ('XLM/USD', 24365.1824241228, 48730.4005, -0.0676223965377332, 0.016405611722822164, 0), ('ALGO/USD', 14168.204277437737, 28336.4708, -0.11013011152416356, 0.01277647463113358, 0), ('IOTA/USD', 7601.6688352403535, 15203.42, -0.14177803602556655, 0.0091243410720994, 0)]
[VictoryBot] Momentum signals: ['XLM/USD', 'XRP/USD', 'XRP/USDT', 'ALGO/USDT', 'XLM/USDT']
[VictoryBot] ML signals: []
[VictoryBot] No open positions. Using available USD/USDT balance: 30.93978711
[VictoryBot] Portfolio sizing diagnostics:
  Investable USD: 27.845808399
  Investable per asset: 27.845808399
  XLM/USDT: ATR=0.0117, liquidity=75917.00, computed size=9.28
    Skipping XLM/USDT: size 9.28 below minimum order size.
[VictoryBot] Skipping reserve asset XRP: no valid tradable symbol or below min order size.
[VictoryBot] Skipping reserve asset HBAR: no valid tradable symbol or below min order size.
[VictoryBot] Skipping reserve asset LINK: no valid tradable symbol or below min order size.
[VictoryBot] Skipping reserve asset XLM: no valid tradable symbol or below min order size.
✅ Portfolio in balance. No rebalancing needed.
[VictoryBot] Final target allocations: {}
🚀 EXECUTING PORTFOLIO LADDER
========================================
[VictoryBot] execute_portfolio_ladder called. long_positions: {}, hedge_positions: {}
[VictoryBot][DEBUG] execute_portfolio_ladder symbols: []
[VictoryBot][DEBUG] run_all_strategies called with symbols: []
[VictoryBot][DEBUG] momentum_signals: []
[VictoryBot][DEBUG] ml_signals: []
[VictoryBot][DEBUG] mean_reversion_signals: []
[VictoryBot][DEBUG] pair_trading_signals: []
[VictoryBot][DEBUG] yield_opportunities: []
[VictoryBot][DEBUG] volatility_breakout_signals: []
[VictoryBot][DEBUG] multi_timeframe_momentum_signals: []
[VictoryBot][DEBUG] event_signals: []
[VictoryBot][DEBUG] insurance_signals: []
[VictoryBot][DEBUG] hedge_signals: []
[VictoryBot][DEBUG] top_momentum_assets: []
[VictoryBot] Writing scan results (forced): {'momentum_signals': [], 'ml_signals': [], 'mean_reversion_signals': [], 'pair_trading_signals': [], 'yield_opportunities': [], 'volatility_breakout_signals': [], 'multi_timeframe_momentum_signals': [], 'event_signals': [], 'insurance_signals': [], 'hedge_signals': [], 'top_momentum_assets': [], 'diagnostics': {'num_symbols': 0, 'timestamp': '2025-10-11T12:28:44.172505'}}
[VictoryBot] write_scan_results called. Data: {'momentum_signals': [], 'ml_signals': [], 'diagnostics': {'num_symbols': 0, 'timestamp': '2025-10-11T12:28:44.172505', 'investable_usd': 0, 'investable_per_asset': 0, 'mean_reversion_signals': [], 'pair_trading_signals': [], 'yield_opportunities': [], 'volatility_breakout_signals': [], 'multi_timeframe_momentum_signals': [], 'event_signals': [], 'insurance_signals': [], 'hedge_signals': [], 'top_momentum_assets': []}, 'allocations': {}, 'notes': Full strategy integration. All signals/diagnostics included. No trades/allocations this cycle, but scan and reserves maintained.}
[VictoryBot] scan_results.json written: /Users/nicholaskramer/Downloads/victorychain_stack/runtime/scan_results.json
[VictoryBot] scan_log.jsonl appended: /Users/nicholaskramer/Downloads/victorychain_stack/runtime/scan_log.jsonl
[VictoryBot] Scan results written (forced update).
📊 Executing 0 positions simultaneously...

📊 EXECUTION SUMMARY
=========================
Execution ID: exec_1760200124
Execution time: 0.0 seconds
Target positions: 0
Portfolio fill rate: 0.0%
Portfolio flat: ✅
💾 Report saved: execution_report_exec_1760200124.json
[VictoryBot] Available USD balance: 0.0
[VictoryBot] Available USDT balance: 30.93978711
[VictoryBot] All unique quote assets: ['BTC', 'BUSD', 'DAI', 'ETH', 'USD', 'USD4', 'USDC', 'USDT', 'UST']
[VictoryBot] All available tradable USD/USDT-like pairs: ['BTC/USDT', 'ETH/USDT', 'XRP/USDT', 'BCH/USDT', 'LTC/USDT', 'BNB/USDT', 'ADA/USDT', 'BAT/USDT', 'ETC/USDT', 'XLM/USDT', 'ZRX/USDT', 'DOGE/USDT', 'ATOM/USDT', 'NEO/USDT', 'VET/USDT', 'QTUM/USDT', 'ONT/USDT', 'KNC/USDT', 'VTHO/USDT', 'COMP/USDT', 'ONE/USDT', 'BAND/USDT', 'STORJ/USDT', 'UNI/USDT', 'SOL/USDT', 'EGLD/USDT', 'PAXG/USDT', 'OXT/USDT', 'ZEN/USDT', 'BTC/USDC', 'FIL/USDT', 'AAVE/USDT', 'GRT/USDT', 'SHIB/USDT', 'CRV/USDT', 'AXS/USDT', 'AVAX/USDT', 'CTSI/USDT', 'DOT/USDT', 'YFI/USDT', '1INCH/USDT', 'USDC/USDT', 'ETH/USDC', 'MANA/USDT', 'ALGO/USDT', 'LINK/USDT', 'ZEC/USDT', 'ENJ/USDT', 'NEAR/USDT', 'SUSHI/USDT', 'LRC/USDT', 'LPT/USDT', 'NMR/USDT', 'SLP/USDT', 'CHZ/USDT', 'OGN/USDT', 'GALA/USDT', 'TLM/USDT', 'SNX/USDT', 'AUDIO/USDT', 'ENS/USDT', 'REQ/USDT', 'APE/USDT', 'FLUX/USDT', 'COTI/USDT', 'VOXEL/USDT', 'RLC/USDT', 'BICO/USDT', 'API3/USDT', 'BNT/USDT', 'IMX/USDT', 'FLOW/USDT', 'GTC/USDT', 'THETA/USDT', 'TFUEL/USDT', 'OCEAN/USDT', 'LAZIO/USDT', 'SANTOS/USDT', 'ALPINE/USDT', 'PORTO/USDT', 'CELR/USDT', 'SKL/USDT', 'WAXP/USDT', 'LTO/USDT', 'FET/USDT', 'ICP/USDT', 'T/USDT', 'OP/USDT', 'ROSE/USDT', 'CELO/USDT', 'KDA/USDT', 'KSM/USDT', 'ACH/USDT', 'SYS/USDT', 'RAD/USDT', 'ILV/USDT', 'LDO/USDT', 'RARE/USDT', 'LSK/USDT', 'DGB/USDT', 'REEF/USDT', 'ALICE/USDT', 'FORTH/USDT', 'ASTR/USDT', 'BTRST/USDT', 'SAND/USDT', 'GLM/USDT', 'QNT/USDT', 'STG/USDT', 'AXL/USDT', 'KAVA/USDT', 'APT/USDT', 'MASK/USDT', 'BOSON/USDT', 'POND/USDT', 'SOL/USDC', 'ADA/USDC', 'JAM/USDT', 'TRAC/USDT', 'PROM/USDT', 'DIA/USDT', 'LOOM/USDT', 'STMX/USDT', 'BTC/USD', 'ETH/USD', 'BCH/USD', 'LTC/USD', 'USDT/USD', 'BNB/USD', 'ADA/USD', 'ETC/USD', 'XLM/USD', 'LINK/USD', 'RVN/USD', 'ALGO/USD', 'IOTA/USD', 'ATOM/USD', 'ZIL/USD', 'VET/USD', 'HBAR/USD', 'DOGE/USD', 'VTHO/USD', 'USDC/USD', 'ONE/USD', 'UNI/USD', 'SOL/USD', 'AAVE/USD', 'GRT/USD', 'SUSHI/USD', 'CRV/USD', 'AVAX/USD', 'DOT/USD', 'NEAR/USD', 'LPT/USD', 'GALA/USD', 'ENS/USD', 'THETA/USD', 'FET/USD', 'ICP/USD', 'OP/USD', 'KDA/USD', 'DGB/USD', 'SAND/USD', 'SHIB/USD', 'POLYX/USDT', 'IOST/USDT', 'ARB/USDT', 'FLOKI/USDT', 'FLOKI/USD', 'XEC/USDT', 'BLUR/USDT', 'ANKR/USDT', 'DAI/USDT', 'DASH/USDT', 'HBAR/USDT', 'ICX/USDT', 'IOTA/USDT', 'RVN/USDT', 'XNO/USDT', 'XTZ/USDT', 'ZIL/USDT', 'ORBS/USDT', 'ADX/USDT', 'FORT/USDT', 'SUI/USDT', 'ONG/USDT', 'G/USDT', 'RENDER/USDT', 'BONK/USDT', 'MAGIC/USDT', 'PEPE/USDT', 'WIF/USDT', 'IOTX/USDT', 'PNUT/USDT', 'PENGU/USDT', 'POL/USDT', 'TRUMP/USDT', 'NEIRO/USDT', 'SUI/USD', 'XRP/USD', 'BONK/USD', 'PEPE/USD', 'POL/USD', 'RENDER/USD', 'TRUMP/USD', 'EIGEN/USDT', 'ME/USDT', 'ME/USD', 'D/USDT', 'METIS/USDT', 'JUP/USD', 'JUP/USDT', 'S/USD', 'S/USDT', 'JTO/USDT', 'ORCA/USDT', 'DATA/USDT', 'VIRTUAL/USDT', 'AIXBT/USDT', 'KAITO/USDT', 'TURBO/USDT', 'HYPE/USD', 'HYPE/USDT', 'ENA/USDT', 'LAYER/USDT', 'FARTCOIN/USDT', 'SPX/USDT', 'POPCAT/USDT', 'MOODENG/USDT', 'ANIME/USDT', '1000MOG/USDT', 'ONDO/USDT', '1000REKT/USDT', 'XDC/USDT', 'BRETT/USDT', 'WLD/USDT', 'TOSHI/USDT', 'USELESS/USDT', 'A2Z/USDT', 'NOBODY/USDT', 'PUMP/USDT', 'A/USDT', 'MEW/USDT', 'SKY/USDT', 'GIGA/USDT', 'DOOD/USDT']
[VictoryBot] ISO 20022 tradable USD/USDT-like pairs: ['XRP/USDT', 'XLM/USDT', 'ALGO/USDT', 'QNT/USDT', 'XLM/USD', 'ALGO/USD', 'IOTA/USD', 'HBAR/USD', 'HBAR/USDT', 'IOTA/USDT', 'XRP/USD', 'XDC/USDT']
[VictoryBot] Top scored symbols: ['XRP/USDT', 'XRP/USD', 'HBAR/USDT', 'XLM/USDT', 'HBAR/USD', 'ALGO/USDT', 'IOTA/USDT', 'XLM/USD', 'ALGO/USD', 'IOTA/USD']
[VictoryBot] Full scored universe: [('XRP/USDT', 1736757.3006426569, 3473514.62444, -0.09312630461053949, 0.1090703225630144, 0), ('XRP/USD', 540465.6435747837, 1080931.30096, -0.07472527472527479, 0.1034157748895206, 0), ('HBAR/USDT', 178082.7955475185, 356165.68085, -0.15599922653002027, 0.012815243023836886, 0), ('XLM/USDT', 138866.5162241543, 277733.0881, -0.10095238095238086, 0.01639912387903695, 0), ('HBAR/USD', 60356.625964047525, 120713.33889, -0.1512832929782082, 0.012693569433378462, 0), ('ALGO/USDT', 50953.94988156627, 101907.9537, -0.09568924680246339, 0.01158893541271156, 0), ('IOTA/USDT', 36053.538214753964, 72107.1704, -0.16186635944700467, 0.010497745281725977, 0), ('XLM/USD', 24365.1824241228, 48730.4005, -0.0676223965377332, 0.016405611722822164, 0), ('ALGO/USD', 14168.204277437737, 28336.4708, -0.11013011152416356, 0.01277647463113358, 0), ('IOTA/USD', 7601.6688352403535, 15203.42, -0.14177803602556655, 0.0091243410720994, 0)]
[VictoryBot] Momentum signals: ['XLM/USD', 'XRP/USD', 'XRP/USDT', 'ALGO/USDT', 'XLM/USDT']
[VictoryBot] ML signals: []
[VictoryBot] No open positions. Using available USD/USDT balance: 30.93978711
[VictoryBot] Portfolio sizing diagnostics:
  Investable USD: 27.845808399
  Investable per asset: 27.845808399
  XLM/USDT: ATR=0.0117, liquidity=85634.00, computed size=9.28
    Skipping XLM/USDT: size 9.28 below minimum order size.
[VictoryBot] Skipping reserve asset XRP: no valid tradable symbol or below min order size.
[VictoryBot] Skipping reserve asset HBAR: no valid tradable symbol or below min order size.
[VictoryBot] Skipping reserve asset LINK: no valid tradable symbol or below min order size.
[VictoryBot] Skipping reserve asset XLM: no valid tradable symbol or below min order size.
✅ Portfolio in balance. No rebalancing needed.
[VictoryBot] Final target allocations: {}
🚀 EXECUTING PORTFOLIO LADDER
========================================
[VictoryBot] execute_portfolio_ladder called. long_positions: {}, hedge_positions: {}
[VictoryBot][DEBUG] execute_portfolio_ladder symbols: []
[VictoryBot][DEBUG] run_all_strategies called with symbols: []
[VictoryBot][DEBUG] momentum_signals: []
[VictoryBot][DEBUG] ml_signals: []
[VictoryBot][DEBUG] mean_reversion_signals: []
[VictoryBot][DEBUG] pair_trading_signals: []
[VictoryBot][DEBUG] yield_opportunities: []
[VictoryBot][DEBUG] volatility_breakout_signals: []
[VictoryBot][DEBUG] multi_timeframe_momentum_signals: []
[VictoryBot][DEBUG] event_signals: []
[VictoryBot][DEBUG] insurance_signals: []
[VictoryBot][DEBUG] hedge_signals: []
[VictoryBot][DEBUG] top_momentum_assets: []
[VictoryBot] Writing scan results (forced): {'momentum_signals': [], 'ml_signals': [], 'mean_reversion_signals': [], 'pair_trading_signals': [], 'yield_opportunities': [], 'volatility_breakout_signals': [], 'multi_timeframe_momentum_signals': [], 'event_signals': [], 'insurance_signals': [], 'hedge_signals': [], 'top_momentum_assets': [], 'diagnostics': {'num_symbols': 0, 'timestamp': '2025-10-11T12:30:08.435122'}}
[VictoryBot] write_scan_results called. Data: {'momentum_signals': [], 'ml_signals': [], 'diagnostics': {'num_symbols': 0, 'timestamp': '2025-10-11T12:30:08.435122', 'investable_usd': 0, 'investable_per_asset': 0, 'mean_reversion_signals': [], 'pair_trading_signals': [], 'yield_opportunities': [], 'volatility_breakout_signals': [], 'multi_timeframe_momentum_signals': [], 'event_signals': [], 'insurance_signals': [], 'hedge_signals': [], 'top_momentum_assets': []}, 'allocations': {}, 'notes': Full strategy integration. All signals/diagnostics included. No trades/allocations this cycle, but scan and reserves maintained.}
[VictoryBot] scan_results.json written: /Users/nicholaskramer/Downloads/victorychain_stack/runtime/scan_results.json
[VictoryBot] scan_log.jsonl appended: /Users/nicholaskramer/Downloads/victorychain_stack/runtime/scan_log.jsonl
[VictoryBot] Scan results written (forced update).
📊 Executing 0 positions simultaneously...

📊 EXECUTION SUMMARY
=========================
Execution ID: exec_1760200208
Execution time: 0.0 seconds
Target positions: 0
Portfolio fill rate: 0.0%
Portfolio flat: ✅
💾 Report saved: execution_report_exec_1760200208.json
[VictoryBot] Available USD balance: 0.0
[VictoryBot] Available USDT balance: 30.93978711
[VictoryBot] All unique quote assets: ['BTC', 'BUSD', 'DAI', 'ETH', 'USD', 'USD4', 'USDC', 'USDT', 'UST']
[VictoryBot] All available tradable USD/USDT-like pairs: ['BTC/USDT', 'ETH/USDT', 'XRP/USDT', 'BCH/USDT', 'LTC/USDT', 'BNB/USDT', 'ADA/USDT', 'BAT/USDT', 'ETC/USDT', 'XLM/USDT', 'ZRX/USDT', 'DOGE/USDT', 'ATOM/USDT', 'NEO/USDT', 'VET/USDT', 'QTUM/USDT', 'ONT/USDT', 'KNC/USDT', 'VTHO/USDT', 'COMP/USDT', 'ONE/USDT', 'BAND/USDT', 'STORJ/USDT', 'UNI/USDT', 'SOL/USDT', 'EGLD/USDT', 'PAXG/USDT', 'OXT/USDT', 'ZEN/USDT', 'BTC/USDC', 'FIL/USDT', 'AAVE/USDT', 'GRT/USDT', 'SHIB/USDT', 'CRV/USDT', 'AXS/USDT', 'AVAX/USDT', 'CTSI/USDT', 'DOT/USDT', 'YFI/USDT', '1INCH/USDT', 'USDC/USDT', 'ETH/USDC', 'MANA/USDT', 'ALGO/USDT', 'LINK/USDT', 'ZEC/USDT', 'ENJ/USDT', 'NEAR/USDT', 'SUSHI/USDT', 'LRC/USDT', 'LPT/USDT', 'NMR/USDT', 'SLP/USDT', 'CHZ/USDT', 'OGN/USDT', 'GALA/USDT', 'TLM/USDT', 'SNX/USDT', 'AUDIO/USDT', 'ENS/USDT', 'REQ/USDT', 'APE/USDT', 'FLUX/USDT', 'COTI/USDT', 'VOXEL/USDT', 'RLC/USDT', 'BICO/USDT', 'API3/USDT', 'BNT/USDT', 'IMX/USDT', 'FLOW/USDT', 'GTC/USDT', 'THETA/USDT', 'TFUEL/USDT', 'OCEAN/USDT', 'LAZIO/USDT', 'SANTOS/USDT', 'ALPINE/USDT', 'PORTO/USDT', 'CELR/USDT', 'SKL/USDT', 'WAXP/USDT', 'LTO/USDT', 'FET/USDT', 'ICP/USDT', 'T/USDT', 'OP/USDT', 'ROSE/USDT', 'CELO/USDT', 'KDA/USDT', 'KSM/USDT', 'ACH/USDT', 'SYS/USDT', 'RAD/USDT', 'ILV/USDT', 'LDO/USDT', 'RARE/USDT', 'LSK/USDT', 'DGB/USDT', 'REEF/USDT', 'ALICE/USDT', 'FORTH/USDT', 'ASTR/USDT', 'BTRST/USDT', 'SAND/USDT', 'GLM/USDT', 'QNT/USDT', 'STG/USDT', 'AXL/USDT', 'KAVA/USDT', 'APT/USDT', 'MASK/USDT', 'BOSON/USDT', 'POND/USDT', 'SOL/USDC', 'ADA/USDC', 'JAM/USDT', 'TRAC/USDT', 'PROM/USDT', 'DIA/USDT', 'LOOM/USDT', 'STMX/USDT', 'BTC/USD', 'ETH/USD', 'BCH/USD', 'LTC/USD', 'USDT/USD', 'BNB/USD', 'ADA/USD', 'ETC/USD', 'XLM/USD', 'LINK/USD', 'RVN/USD', 'ALGO/USD', 'IOTA/USD', 'ATOM/USD', 'ZIL/USD', 'VET/USD', 'HBAR/USD', 'DOGE/USD', 'VTHO/USD', 'USDC/USD', 'ONE/USD', 'UNI/USD', 'SOL/USD', 'AAVE/USD', 'GRT/USD', 'SUSHI/USD', 'CRV/USD', 'AVAX/USD', 'DOT/USD', 'NEAR/USD', 'LPT/USD', 'GALA/USD', 'ENS/USD', 'THETA/USD', 'FET/USD', 'ICP/USD', 'OP/USD', 'KDA/USD', 'DGB/USD', 'SAND/USD', 'SHIB/USD', 'POLYX/USDT', 'IOST/USDT', 'ARB/USDT', 'FLOKI/USDT', 'FLOKI/USD', 'XEC/USDT', 'BLUR/USDT', 'ANKR/USDT', 'DAI/USDT', 'DASH/USDT', 'HBAR/USDT', 'ICX/USDT', 'IOTA/USDT', 'RVN/USDT', 'XNO/USDT', 'XTZ/USDT', 'ZIL/USDT', 'ORBS/USDT', 'ADX/USDT', 'FORT/USDT', 'SUI/USDT', 'ONG/USDT', 'G/USDT', 'RENDER/USDT', 'BONK/USDT', 'MAGIC/USDT', 'PEPE/USDT', 'WIF/USDT', 'IOTX/USDT', 'PNUT/USDT', 'PENGU/USDT', 'POL/USDT', 'TRUMP/USDT', 'NEIRO/USDT', 'SUI/USD', 'XRP/USD', 'BONK/USD', 'PEPE/USD', 'POL/USD', 'RENDER/USD', 'TRUMP/USD', 'EIGEN/USDT', 'ME/USDT', 'ME/USD', 'D/USDT', 'METIS/USDT', 'JUP/USD', 'JUP/USDT', 'S/USD', 'S/USDT', 'JTO/USDT', 'ORCA/USDT', 'DATA/USDT', 'VIRTUAL/USDT', 'AIXBT/USDT', 'KAITO/USDT', 'TURBO/USDT', 'HYPE/USD', 'HYPE/USDT', 'ENA/USDT', 'LAYER/USDT', 'FARTCOIN/USDT', 'SPX/USDT', 'POPCAT/USDT', 'MOODENG/USDT', 'ANIME/USDT', '1000MOG/USDT', 'ONDO/USDT', '1000REKT/USDT', 'XDC/USDT', 'BRETT/USDT', 'WLD/USDT', 'TOSHI/USDT', 'USELESS/USDT', 'A2Z/USDT', 'NOBODY/USDT', 'PUMP/USDT', 'A/USDT', 'MEW/USDT', 'SKY/USDT', 'GIGA/USDT', 'DOOD/USDT']
[VictoryBot] ISO 20022 tradable USD/USDT-like pairs: ['XRP/USDT', 'XLM/USDT', 'ALGO/USDT', 'QNT/USDT', 'XLM/USD', 'ALGO/USD', 'IOTA/USD', 'HBAR/USD', 'HBAR/USDT', 'IOTA/USDT', 'XRP/USD', 'XDC/USDT']
[VictoryBot] Top scored symbols: ['XRP/USDT', 'XRP/USD', 'HBAR/USDT', 'XLM/USDT', 'HBAR/USD', 'ALGO/USDT', 'IOTA/USDT', 'XLM/USD', 'ALGO/USD', 'IOTA/USD']
[VictoryBot] Full scored universe: [('XRP/USDT', 1736786.1181794703, 3473572.2605, -0.09477423371296734, 0.10907827017330264, 0), ('XRP/USD', 540465.6435747837, 1080931.30096, -0.07472527472527479, 0.1034157748895206, 0), ('HBAR/USDT', 178102.8733975185, 356205.83655, -0.15599922653002027, 0.012815243023836886, 0), ('XLM/USDT', 139491.14696372303, 278982.3517, -0.10448979591836732, 0.016404412089434963, 0), ('HBAR/USD', 60356.625964047525, 120713.33889, -0.1512832929782082, 0.012693569433378462, 0), ('ALGO/USDT', 50953.94988156627, 101907.9537, -0.09568924680246339, 0.01158893541271156, 0), ('IOTA/USDT', 36053.538214753964, 72107.1704, -0.16186635944700467, 0.010497745281725977, 0), ('XLM/USD', 24365.1824241228, 48730.4005, -0.0676223965377332, 0.016405611722822164, 0), ('ALGO/USD', 14168.204277437737, 28336.4708, -0.11013011152416356, 0.01277647463113358, 0), ('IOTA/USD', 7601.6688352403535, 15203.42, -0.14177803602556655, 0.0091243410720994, 0)]
[VictoryBot] Momentum signals: ['XLM/USD', 'XRP/USD', 'XRP/USDT', 'ALGO/USDT', 'XLM/USDT']
[VictoryBot] ML signals: []
[VictoryBot] No open positions. Using available USD/USDT balance: 30.93978711
[VictoryBot] Portfolio sizing diagnostics:
  Investable USD: 27.845808399
  Investable per asset: 27.845808399
  XLM/USDT: ATR=0.0117, liquidity=111921.00, computed size=9.28
    Skipping XLM/USDT: size 9.28 below minimum order size.
[VictoryBot] Skipping reserve asset XRP: no valid tradable symbol or below min order size.
[VictoryBot] Skipping reserve asset HBAR: no valid tradable symbol or below min order size.
[VictoryBot] Skipping reserve asset LINK: no valid tradable symbol or below min order size.
[VictoryBot] Skipping reserve asset XLM: no valid tradable symbol or below min order size.
✅ Portfolio in balance. No rebalancing needed.
[VictoryBot] Final target allocations: {}
🚀 EXECUTING PORTFOLIO LADDER
========================================
[VictoryBot] execute_portfolio_ladder called. long_positions: {}, hedge_positions: {}
[VictoryBot][DEBUG] execute_portfolio_ladder symbols: []
[VictoryBot][DEBUG] run_all_strategies called with symbols: []
[VictoryBot][DEBUG] momentum_signals: []
[VictoryBot][DEBUG] ml_signals: []
[VictoryBot][DEBUG] mean_reversion_signals: []
[VictoryBot][DEBUG] pair_trading_signals: []
[VictoryBot][DEBUG] yield_opportunities: []
[VictoryBot][DEBUG] volatility_breakout_signals: []
[VictoryBot][DEBUG] multi_timeframe_momentum_signals: []
[VictoryBot][DEBUG] event_signals: []
[VictoryBot][DEBUG] insurance_signals: []
[VictoryBot][DEBUG] hedge_signals: []
[VictoryBot][DEBUG] top_momentum_assets: []
[VictoryBot] Writing scan results (forced): {'momentum_signals': [], 'ml_signals': [], 'mean_reversion_signals': [], 'pair_trading_signals': [], 'yield_opportunities': [], 'volatility_breakout_signals': [], 'multi_timeframe_momentum_signals': [], 'event_signals': [], 'insurance_signals': [], 'hedge_signals': [], 'top_momentum_assets': [], 'diagnostics': {'num_symbols': 0, 'timestamp': '2025-10-11T12:31:32.666042'}}
[VictoryBot] write_scan_results called. Data: {'momentum_signals': [], 'ml_signals': [], 'diagnostics': {'num_symbols': 0, 'timestamp': '2025-10-11T12:31:32.666042', 'investable_usd': 0, 'investable_per_asset': 0, 'mean_reversion_signals': [], 'pair_trading_signals': [], 'yield_opportunities': [], 'volatility_breakout_signals': [], 'multi_timeframe_momentum_signals': [], 'event_signals': [], 'insurance_signals': [], 'hedge_signals': [], 'top_momentum_assets': []}, 'allocations': {}, 'notes': Full strategy integration. All signals/diagnostics included. No trades/allocations this cycle, but scan and reserves maintained.}
[VictoryBot] scan_results.json written: /Users/nicholaskramer/Downloads/victorychain_stack/runtime/scan_results.json
[VictoryBot] scan_log.jsonl appended: /Users/nicholaskramer/Downloads/victorychain_stack/runtime/scan_log.jsonl
[VictoryBot] Scan results written (forced update).
📊 Executing 0 positions simultaneously...

📊 EXECUTION SUMMARY
=========================
Execution ID: exec_1760200292
Execution time: 0.0 seconds
Target positions: 0
Portfolio fill rate: 0.0%
Portfolio flat: ✅
💾 Report saved: execution_report_exec_1760200292.json
[VictoryBot] Available USD balance: 0.0
[VictoryBot] Available USDT balance: 30.93978711
[VictoryBot] All unique quote assets: ['BTC', 'BUSD', 'DAI', 'ETH', 'USD', 'USD4', 'USDC', 'USDT', 'UST']
[VictoryBot] All available tradable USD/USDT-like pairs: ['BTC/USDT', 'ETH/USDT', 'XRP/USDT', 'BCH/USDT', 'LTC/USDT', 'BNB/USDT', 'ADA/USDT', 'BAT/USDT', 'ETC/USDT', 'XLM/USDT', 'ZRX/USDT', 'DOGE/USDT', 'ATOM/USDT', 'NEO/USDT', 'VET/USDT', 'QTUM/USDT', 'ONT/USDT', 'KNC/USDT', 'VTHO/USDT', 'COMP/USDT', 'ONE/USDT', 'BAND/USDT', 'STORJ/USDT', 'UNI/USDT', 'SOL/USDT', 'EGLD/USDT', 'PAXG/USDT', 'OXT/USDT', 'ZEN/USDT', 'BTC/USDC', 'FIL/USDT', 'AAVE/USDT', 'GRT/USDT', 'SHIB/USDT', 'CRV/USDT', 'AXS/USDT', 'AVAX/USDT', 'CTSI/USDT', 'DOT/USDT', 'YFI/USDT', '1INCH/USDT', 'USDC/USDT', 'ETH/USDC', 'MANA/USDT', 'ALGO/USDT', 'LINK/USDT', 'ZEC/USDT', 'ENJ/USDT', 'NEAR/USDT', 'SUSHI/USDT', 'LRC/USDT', 'LPT/USDT', 'NMR/USDT', 'SLP/USDT', 'CHZ/USDT', 'OGN/USDT', 'GALA/USDT', 'TLM/USDT', 'SNX/USDT', 'AUDIO/USDT', 'ENS/USDT', 'REQ/USDT', 'APE/USDT', 'FLUX/USDT', 'COTI/USDT', 'VOXEL/USDT', 'RLC/USDT', 'BICO/USDT', 'API3/USDT', 'BNT/USDT', 'IMX/USDT', 'FLOW/USDT', 'GTC/USDT', 'THETA/USDT', 'TFUEL/USDT', 'OCEAN/USDT', 'LAZIO/USDT', 'SANTOS/USDT', 'ALPINE/USDT', 'PORTO/USDT', 'CELR/USDT', 'SKL/USDT', 'WAXP/USDT', 'LTO/USDT', 'FET/USDT', 'ICP/USDT', 'T/USDT', 'OP/USDT', 'ROSE/USDT', 'CELO/USDT', 'KDA/USDT', 'KSM/USDT', 'ACH/USDT', 'SYS/USDT', 'RAD/USDT', 'ILV/USDT', 'LDO/USDT', 'RARE/USDT', 'LSK/USDT', 'DGB/USDT', 'REEF/USDT', 'ALICE/USDT', 'FORTH/USDT', 'ASTR/USDT', 'BTRST/USDT', 'SAND/USDT', 'GLM/USDT', 'QNT/USDT', 'STG/USDT', 'AXL/USDT', 'KAVA/USDT', 'APT/USDT', 'MASK/USDT', 'BOSON/USDT', 'POND/USDT', 'SOL/USDC', 'ADA/USDC', 'JAM/USDT', 'TRAC/USDT', 'PROM/USDT', 'DIA/USDT', 'LOOM/USDT', 'STMX/USDT', 'BTC/USD', 'ETH/USD', 'BCH/USD', 'LTC/USD', 'USDT/USD', 'BNB/USD', 'ADA/USD', 'ETC/USD', 'XLM/USD', 'LINK/USD', 'RVN/USD', 'ALGO/USD', 'IOTA/USD', 'ATOM/USD', 'ZIL/USD', 'VET/USD', 'HBAR/USD', 'DOGE/USD', 'VTHO/USD', 'USDC/USD', 'ONE/USD', 'UNI/USD', 'SOL/USD', 'AAVE/USD', 'GRT/USD', 'SUSHI/USD', 'CRV/USD', 'AVAX/USD', 'DOT/USD', 'NEAR/USD', 'LPT/USD', 'GALA/USD', 'ENS/USD', 'THETA/USD', 'FET/USD', 'ICP/USD', 'OP/USD', 'KDA/USD', 'DGB/USD', 'SAND/USD', 'SHIB/USD', 'POLYX/USDT', 'IOST/USDT', 'ARB/USDT', 'FLOKI/USDT', 'FLOKI/USD', 'XEC/USDT', 'BLUR/USDT', 'ANKR/USDT', 'DAI/USDT', 'DASH/USDT', 'HBAR/USDT', 'ICX/USDT', 'IOTA/USDT', 'RVN/USDT', 'XNO/USDT', 'XTZ/USDT', 'ZIL/USDT', 'ORBS/USDT', 'ADX/USDT', 'FORT/USDT', 'SUI/USDT', 'ONG/USDT', 'G/USDT', 'RENDER/USDT', 'BONK/USDT', 'MAGIC/USDT', 'PEPE/USDT', 'WIF/USDT', 'IOTX/USDT', 'PNUT/USDT', 'PENGU/USDT', 'POL/USDT', 'TRUMP/USDT', 'NEIRO/USDT', 'SUI/USD', 'XRP/USD', 'BONK/USD', 'PEPE/USD', 'POL/USD', 'RENDER/USD', 'TRUMP/USD', 'EIGEN/USDT', 'ME/USDT', 'ME/USD', 'D/USDT', 'METIS/USDT', 'JUP/USD', 'JUP/USDT', 'S/USD', 'S/USDT', 'JTO/USDT', 'ORCA/USDT', 'DATA/USDT', 'VIRTUAL/USDT', 'AIXBT/USDT', 'KAITO/USDT', 'TURBO/USDT', 'HYPE/USD', 'HYPE/USDT', 'ENA/USDT', 'LAYER/USDT', 'FARTCOIN/USDT', 'SPX/USDT', 'POPCAT/USDT', 'MOODENG/USDT', 'ANIME/USDT', '1000MOG/USDT', 'ONDO/USDT', '1000REKT/USDT', 'XDC/USDT', 'BRETT/USDT', 'WLD/USDT', 'TOSHI/USDT', 'USELESS/USDT', 'A2Z/USDT', 'NOBODY/USDT', 'PUMP/USDT', 'A/USDT', 'MEW/USDT', 'SKY/USDT', 'GIGA/USDT', 'DOOD/USDT']
[VictoryBot] ISO 20022 tradable USD/USDT-like pairs: ['XRP/USDT', 'XLM/USDT', 'ALGO/USDT', 'QNT/USDT', 'XLM/USD', 'ALGO/USD', 'IOTA/USD', 'HBAR/USD', 'HBAR/USDT', 'IOTA/USDT', 'XRP/USD', 'XDC/USDT']
[VictoryBot] Top scored symbols: ['XRP/USDT', 'XRP/USD', 'HBAR/USDT', 'XLM/USDT', 'HBAR/USD', 'ALGO/USDT', 'IOTA/USDT', 'XLM/USD', 'ALGO/USD', 'IOTA/USD']
[VictoryBot] Full scored universe: [('XRP/USDT', 1736799.4796623702, 3473598.98294, -0.09389533819167253, 0.10907314433901687, 0), ('XRP/USD', 540465.6435747837, 1080931.30096, -0.07472527472527479, 0.1034157748895206, 0), ('HBAR/USDT', 178102.8733975185, 356205.83655, -0.15599922653002027, 0.012815243023836886, 0), ('XLM/USDT', 139491.14696372303, 278982.3517, -0.10448979591836732, 0.016404412089434963, 0), ('HBAR/USD', 60356.625964047525, 120713.33889, -0.1512832929782082, 0.012693569433378462, 0), ('ALGO/USDT', 50953.94988156627, 101907.9537, -0.09568924680246339, 0.01158893541271156, 0), ('IOTA/USDT', 36053.538214753964, 72107.1704, -0.16186635944700467, 0.010497745281725977, 0), ('XLM/USD', 24365.1824241228, 48730.4005, -0.0676223965377332, 0.016405611722822164, 0), ('ALGO/USD', 14168.204277437737, 28336.4708, -0.11013011152416356, 0.01277647463113358, 0), ('IOTA/USD', 7601.6688352403535, 15203.42, -0.14177803602556655, 0.0091243410720994, 0)]
[VictoryBot] Momentum signals: ['XLM/USD', 'XRP/USD', 'XRP/USDT', 'ALGO/USDT', 'XLM/USDT']
[VictoryBot] ML signals: []
[VictoryBot] No open positions. Using available USD/USDT balance: 30.93978711
[VictoryBot] Portfolio sizing diagnostics:
  Investable USD: 27.845808399
  Investable per asset: 27.845808399
  XLM/USDT: ATR=0.0117, liquidity=52830.00, computed size=9.28
    Skipping XLM/USDT: size 9.28 below minimum order size.
[VictoryBot] Skipping reserve asset XRP: no valid tradable symbol or below min order size.
[VictoryBot] Skipping reserve asset HBAR: no valid tradable symbol or below min order size.
[VictoryBot] Skipping reserve asset LINK: no valid tradable symbol or below min order size.
[VictoryBot] Skipping reserve asset XLM: no valid tradable symbol or below min order size.
✅ Portfolio in balance. No rebalancing needed.
[VictoryBot] Final target allocations: {}
🚀 EXECUTING PORTFOLIO LADDER
========================================
[VictoryBot] execute_portfolio_ladder called. long_positions: {}, hedge_positions: {}
[VictoryBot][DEBUG] execute_portfolio_ladder symbols: []
[VictoryBot][DEBUG] run_all_strategies called with symbols: []
[VictoryBot][DEBUG] momentum_signals: []
[VictoryBot][DEBUG] ml_signals: []
[VictoryBot][DEBUG] mean_reversion_signals: []
[VictoryBot][DEBUG] pair_trading_signals: []
[VictoryBot][DEBUG] yield_opportunities: []
[VictoryBot][DEBUG] volatility_breakout_signals: []
[VictoryBot][DEBUG] multi_timeframe_momentum_signals: []
[VictoryBot][DEBUG] event_signals: []
[VictoryBot][DEBUG] insurance_signals: []
[VictoryBot][DEBUG] hedge_signals: []
[VictoryBot][DEBUG] top_momentum_assets: []
[VictoryBot] Writing scan results (forced): {'momentum_signals': [], 'ml_signals': [], 'mean_reversion_signals': [], 'pair_trading_signals': [], 'yield_opportunities': [], 'volatility_breakout_signals': [], 'multi_timeframe_momentum_signals': [], 'event_signals': [], 'insurance_signals': [], 'hedge_signals': [], 'top_momentum_assets': [], 'diagnostics': {'num_symbols': 0, 'timestamp': '2025-10-11T12:32:57.455216'}}
[VictoryBot] write_scan_results called. Data: {'momentum_signals': [], 'ml_signals': [], 'diagnostics': {'num_symbols': 0, 'timestamp': '2025-10-11T12:32:57.455216', 'investable_usd': 0, 'investable_per_asset': 0, 'mean_reversion_signals': [], 'pair_trading_signals': [], 'yield_opportunities': [], 'volatility_breakout_signals': [], 'multi_timeframe_momentum_signals': [], 'event_signals': [], 'insurance_signals': [], 'hedge_signals': [], 'top_momentum_assets': []}, 'allocations': {}, 'notes': Full strategy integration. All signals/diagnostics included. No trades/allocations this cycle, but scan and reserves maintained.}
[VictoryBot] scan_results.json written: /Users/nicholaskramer/Downloads/victorychain_stack/runtime/scan_results.json
[VictoryBot] scan_log.jsonl appended: /Users/nicholaskramer/Downloads/victorychain_stack/runtime/scan_log.jsonl
[VictoryBot] Scan results written (forced update).
📊 Executing 0 positions simultaneously...

📊 EXECUTION SUMMARY
=========================
Execution ID: exec_1760200377
Execution time: 0.0 seconds
Target positions: 0
Portfolio fill rate: 0.0%
Portfolio flat: ✅
💾 Report saved: execution_report_exec_1760200377.json
[VictoryBot] Available USD balance: 0.0
[VictoryBot] Available USDT balance: 30.93978711
[VictoryBot] All unique quote assets: ['BTC', 'BUSD', 'DAI', 'ETH', 'USD', 'USD4', 'USDC', 'USDT', 'UST']
[VictoryBot] All available tradable USD/USDT-like pairs: ['BTC/USDT', 'ETH/USDT', 'XRP/USDT', 'BCH/USDT', 'LTC/USDT', 'BNB/USDT', 'ADA/USDT', 'BAT/USDT', 'ETC/USDT', 'XLM/USDT', 'ZRX/USDT', 'DOGE/USDT', 'ATOM/USDT', 'NEO/USDT', 'VET/USDT', 'QTUM/USDT', 'ONT/USDT', 'KNC/USDT', 'VTHO/USDT', 'COMP/USDT', 'ONE/USDT', 'BAND/USDT', 'STORJ/USDT', 'UNI/USDT', 'SOL/USDT', 'EGLD/USDT', 'PAXG/USDT', 'OXT/USDT', 'ZEN/USDT', 'BTC/USDC', 'FIL/USDT', 'AAVE/USDT', 'GRT/USDT', 'SHIB/USDT', 'CRV/USDT', 'AXS/USDT', 'AVAX/USDT', 'CTSI/USDT', 'DOT/USDT', 'YFI/USDT', '1INCH/USDT', 'USDC/USDT', 'ETH/USDC', 'MANA/USDT', 'ALGO/USDT', 'LINK/USDT', 'ZEC/USDT', 'ENJ/USDT', 'NEAR/USDT', 'SUSHI/USDT', 'LRC/USDT', 'LPT/USDT', 'NMR/USDT', 'SLP/USDT', 'CHZ/USDT', 'OGN/USDT', 'GALA/USDT', 'TLM/USDT', 'SNX/USDT', 'AUDIO/USDT', 'ENS/USDT', 'REQ/USDT', 'APE/USDT', 'FLUX/USDT', 'COTI/USDT', 'VOXEL/USDT', 'RLC/USDT', 'BICO/USDT', 'API3/USDT', 'BNT/USDT', 'IMX/USDT', 'FLOW/USDT', 'GTC/USDT', 'THETA/USDT', 'TFUEL/USDT', 'OCEAN/USDT', 'LAZIO/USDT', 'SANTOS/USDT', 'ALPINE/USDT', 'PORTO/USDT', 'CELR/USDT', 'SKL/USDT', 'WAXP/USDT', 'LTO/USDT', 'FET/USDT', 'ICP/USDT', 'T/USDT', 'OP/USDT', 'ROSE/USDT', 'CELO/USDT', 'KDA/USDT', 'KSM/USDT', 'ACH/USDT', 'SYS/USDT', 'RAD/USDT', 'ILV/USDT', 'LDO/USDT', 'RARE/USDT', 'LSK/USDT', 'DGB/USDT', 'REEF/USDT', 'ALICE/USDT', 'FORTH/USDT', 'ASTR/USDT', 'BTRST/USDT', 'SAND/USDT', 'GLM/USDT', 'QNT/USDT', 'STG/USDT', 'AXL/USDT', 'KAVA/USDT', 'APT/USDT', 'MASK/USDT', 'BOSON/USDT', 'POND/USDT', 'SOL/USDC', 'ADA/USDC', 'JAM/USDT', 'TRAC/USDT', 'PROM/USDT', 'DIA/USDT', 'LOOM/USDT', 'STMX/USDT', 'BTC/USD', 'ETH/USD', 'BCH/USD', 'LTC/USD', 'USDT/USD', 'BNB/USD', 'ADA/USD', 'ETC/USD', 'XLM/USD', 'LINK/USD', 'RVN/USD', 'ALGO/USD', 'IOTA/USD', 'ATOM/USD', 'ZIL/USD', 'VET/USD', 'HBAR/USD', 'DOGE/USD', 'VTHO/USD', 'USDC/USD', 'ONE/USD', 'UNI/USD', 'SOL/USD', 'AAVE/USD', 'GRT/USD', 'SUSHI/USD', 'CRV/USD', 'AVAX/USD', 'DOT/USD', 'NEAR/USD', 'LPT/USD', 'GALA/USD', 'ENS/USD', 'THETA/USD', 'FET/USD', 'ICP/USD', 'OP/USD', 'KDA/USD', 'DGB/USD', 'SAND/USD', 'SHIB/USD', 'POLYX/USDT', 'IOST/USDT', 'ARB/USDT', 'FLOKI/USDT', 'FLOKI/USD', 'XEC/USDT', 'BLUR/USDT', 'ANKR/USDT', 'DAI/USDT', 'DASH/USDT', 'HBAR/USDT', 'ICX/USDT', 'IOTA/USDT', 'RVN/USDT', 'XNO/USDT', 'XTZ/USDT', 'ZIL/USDT', 'ORBS/USDT', 'ADX/USDT', 'FORT/USDT', 'SUI/USDT', 'ONG/USDT', 'G/USDT', 'RENDER/USDT', 'BONK/USDT', 'MAGIC/USDT', 'PEPE/USDT', 'WIF/USDT', 'IOTX/USDT', 'PNUT/USDT', 'PENGU/USDT', 'POL/USDT', 'TRUMP/USDT', 'NEIRO/USDT', 'SUI/USD', 'XRP/USD', 'BONK/USD', 'PEPE/USD', 'POL/USD', 'RENDER/USD', 'TRUMP/USD', 'EIGEN/USDT', 'ME/USDT', 'ME/USD', 'D/USDT', 'METIS/USDT', 'JUP/USD', 'JUP/USDT', 'S/USD', 'S/USDT', 'JTO/USDT', 'ORCA/USDT', 'DATA/USDT', 'VIRTUAL/USDT', 'AIXBT/USDT', 'KAITO/USDT', 'TURBO/USDT', 'HYPE/USD', 'HYPE/USDT', 'ENA/USDT', 'LAYER/USDT', 'FARTCOIN/USDT', 'SPX/USDT', 'POPCAT/USDT', 'MOODENG/USDT', 'ANIME/USDT', '1000MOG/USDT', 'ONDO/USDT', '1000REKT/USDT', 'XDC/USDT', 'BRETT/USDT', 'WLD/USDT', 'TOSHI/USDT', 'USELESS/USDT', 'A2Z/USDT', 'NOBODY/USDT', 'PUMP/USDT', 'A/USDT', 'MEW/USDT', 'SKY/USDT', 'GIGA/USDT', 'DOOD/USDT']
[VictoryBot] ISO 20022 tradable USD/USDT-like pairs: ['XRP/USDT', 'XLM/USDT', 'ALGO/USDT', 'QNT/USDT', 'XLM/USD', 'ALGO/USD', 'IOTA/USD', 'HBAR/USD', 'HBAR/USDT', 'IOTA/USDT', 'XRP/USD', 'XDC/USDT']
[VictoryBot] Top scored symbols: ['XRP/USDT', 'XRP/USD', 'HBAR/USDT', 'XLM/USDT', 'HBAR/USD', 'ALGO/USDT', 'IOTA/USDT', 'XLM/USD', 'ALGO/USD', 'IOTA/USD']
[VictoryBot] Full scored universe: [('XRP/USDT', 1715731.7739673702, 3431463.57155, -0.09389533819167253, 0.10907314433901687, 0), ('XRP/USD', 540465.6435747837, 1080931.30096, -0.07472527472527479, 0.1034157748895206, 0), ('HBAR/USDT', 178093.1930025185, 356186.47576, -0.15599922653002027, 0.012815243023836886, 0), ('XLM/USDT', 139491.14696372303, 278982.3517, -0.10448979591836732, 0.016404412089434963, 0), ('HBAR/USD', 60356.625964047525, 120713.33889, -0.1512832929782082, 0.012693569433378462, 0), ('ALGO/USDT', 50953.94988156627, 101907.9537, -0.09568924680246339, 0.01158893541271156, 0), ('IOTA/USDT', 36053.538214753964, 72107.1704, -0.16186635944700467, 0.010497745281725977, 0), ('XLM/USD', 24365.1824241228, 48730.4005, -0.0676223965377332, 0.016405611722822164, 0), ('ALGO/USD', 14168.204277437737, 28336.4708, -0.11013011152416356, 0.01277647463113358, 0), ('IOTA/USD', 7601.6688352403535, 15203.42, -0.14177803602556655, 0.0091243410720994, 0)]
[VictoryBot] Momentum signals: ['XLM/USD', 'XRP/USD', 'XRP/USDT', 'ALGO/USDT', 'XLM/USDT']
[VictoryBot] ML signals: []
[VictoryBot] No open positions. Using available USD/USDT balance: 30.93978711
[VictoryBot] Portfolio sizing diagnostics:
  Investable USD: 27.845808399
  Investable per asset: 27.845808399
  XLM/USDT: ATR=0.0117, liquidity=73387.00, computed size=9.28
    Skipping XLM/USDT: size 9.28 below minimum order size.
[VictoryBot] Skipping reserve asset XRP: no valid tradable symbol or below min order size.
[VictoryBot] Skipping reserve asset HBAR: no valid tradable symbol or below min order size.
[VictoryBot] Skipping reserve asset LINK: no valid tradable symbol or below min order size.
[VictoryBot] Skipping reserve asset XLM: no valid tradable symbol or below min order size.
✅ Portfolio in balance. No rebalancing needed.
[VictoryBot] Final target allocations: {}
🚀 EXECUTING PORTFOLIO LADDER
========================================
[VictoryBot] execute_portfolio_ladder called. long_positions: {}, hedge_positions: {}
[VictoryBot][DEBUG] execute_portfolio_ladder symbols: []
[VictoryBot][DEBUG] run_all_strategies called with symbols: []
[VictoryBot][DEBUG] momentum_signals: []
[VictoryBot][DEBUG] ml_signals: []
[VictoryBot][DEBUG] mean_reversion_signals: []
[VictoryBot][DEBUG] pair_trading_signals: []
[VictoryBot][DEBUG] yield_opportunities: []
[VictoryBot][DEBUG] volatility_breakout_signals: []
[VictoryBot][DEBUG] multi_timeframe_momentum_signals: []
[VictoryBot][DEBUG] event_signals: []
[VictoryBot][DEBUG] insurance_signals: []
[VictoryBot][DEBUG] hedge_signals: []
[VictoryBot][DEBUG] top_momentum_assets: []
[VictoryBot] Writing scan results (forced): {'momentum_signals': [], 'ml_signals': [], 'mean_reversion_signals': [], 'pair_trading_signals': [], 'yield_opportunities': [], 'volatility_breakout_signals': [], 'multi_timeframe_momentum_signals': [], 'event_signals': [], 'insurance_signals': [], 'hedge_signals': [], 'top_momentum_assets': [], 'diagnostics': {'num_symbols': 0, 'timestamp': '2025-10-11T12:34:21.757100'}}
[VictoryBot] write_scan_results called. Data: {'momentum_signals': [], 'ml_signals': [], 'diagnostics': {'num_symbols': 0, 'timestamp': '2025-10-11T12:34:21.757100', 'investable_usd': 0, 'investable_per_asset': 0, 'mean_reversion_signals': [], 'pair_trading_signals': [], 'yield_opportunities': [], 'volatility_breakout_signals': [], 'multi_timeframe_momentum_signals': [], 'event_signals': [], 'insurance_signals': [], 'hedge_signals': [], 'top_momentum_assets': []}, 'allocations': {}, 'notes': Full strategy integration. All signals/diagnostics included. No trades/allocations this cycle, but scan and reserves maintained.}
[VictoryBot] scan_results.json written: /Users/nicholaskramer/Downloads/victorychain_stack/runtime/scan_results.json
[VictoryBot] scan_log.jsonl appended: /Users/nicholaskramer/Downloads/victorychain_stack/runtime/scan_log.jsonl
[VictoryBot] Scan results written (forced update).
📊 Executing 0 positions simultaneously...

📊 EXECUTION SUMMARY
=========================
Execution ID: exec_1760200461
Execution time: 0.0 seconds
Target positions: 0
Portfolio fill rate: 0.0%
Portfolio flat: ✅
💾 Report saved: execution_report_exec_1760200461.json
[VictoryBot] Available USD balance: 0.0
[VictoryBot] Available USDT balance: 30.93978711
[VictoryBot] All unique quote assets: ['BTC', 'BUSD', 'DAI', 'ETH', 'USD', 'USD4', 'USDC', 'USDT', 'UST']
[VictoryBot] All available tradable USD/USDT-like pairs: ['BTC/USDT', 'ETH/USDT', 'XRP/USDT', 'BCH/USDT', 'LTC/USDT', 'BNB/USDT', 'ADA/USDT', 'BAT/USDT', 'ETC/USDT', 'XLM/USDT', 'ZRX/USDT', 'DOGE/USDT', 'ATOM/USDT', 'NEO/USDT', 'VET/USDT', 'QTUM/USDT', 'ONT/USDT', 'KNC/USDT', 'VTHO/USDT', 'COMP/USDT', 'ONE/USDT', 'BAND/USDT', 'STORJ/USDT', 'UNI/USDT', 'SOL/USDT', 'EGLD/USDT', 'PAXG/USDT', 'OXT/USDT', 'ZEN/USDT', 'BTC/USDC', 'FIL/USDT', 'AAVE/USDT', 'GRT/USDT', 'SHIB/USDT', 'CRV/USDT', 'AXS/USDT', 'AVAX/USDT', 'CTSI/USDT', 'DOT/USDT', 'YFI/USDT', '1INCH/USDT', 'USDC/USDT', 'ETH/USDC', 'MANA/USDT', 'ALGO/USDT', 'LINK/USDT', 'ZEC/USDT', 'ENJ/USDT', 'NEAR/USDT', 'SUSHI/USDT', 'LRC/USDT', 'LPT/USDT', 'NMR/USDT', 'SLP/USDT', 'CHZ/USDT', 'OGN/USDT', 'GALA/USDT', 'TLM/USDT', 'SNX/USDT', 'AUDIO/USDT', 'ENS/USDT', 'REQ/USDT', 'APE/USDT', 'FLUX/USDT', 'COTI/USDT', 'VOXEL/USDT', 'RLC/USDT', 'BICO/USDT', 'API3/USDT', 'BNT/USDT', 'IMX/USDT', 'FLOW/USDT', 'GTC/USDT', 'THETA/USDT', 'TFUEL/USDT', 'OCEAN/USDT', 'LAZIO/USDT', 'SANTOS/USDT', 'ALPINE/USDT', 'PORTO/USDT', 'CELR/USDT', 'SKL/USDT', 'WAXP/USDT', 'LTO/USDT', 'FET/USDT', 'ICP/USDT', 'T/USDT', 'OP/USDT', 'ROSE/USDT', 'CELO/USDT', 'KDA/USDT', 'KSM/USDT', 'ACH/USDT', 'SYS/USDT', 'RAD/USDT', 'ILV/USDT', 'LDO/USDT', 'RARE/USDT', 'LSK/USDT', 'DGB/USDT', 'REEF/USDT', 'ALICE/USDT', 'FORTH/USDT', 'ASTR/USDT', 'BTRST/USDT', 'SAND/USDT', 'GLM/USDT', 'QNT/USDT', 'STG/USDT', 'AXL/USDT', 'KAVA/USDT', 'APT/USDT', 'MASK/USDT', 'BOSON/USDT', 'POND/USDT', 'SOL/USDC', 'ADA/USDC', 'JAM/USDT', 'TRAC/USDT', 'PROM/USDT', 'DIA/USDT', 'LOOM/USDT', 'STMX/USDT', 'BTC/USD', 'ETH/USD', 'BCH/USD', 'LTC/USD', 'USDT/USD', 'BNB/USD', 'ADA/USD', 'ETC/USD', 'XLM/USD', 'LINK/USD', 'RVN/USD', 'ALGO/USD', 'IOTA/USD', 'ATOM/USD', 'ZIL/USD', 'VET/USD', 'HBAR/USD', 'DOGE/USD', 'VTHO/USD', 'USDC/USD', 'ONE/USD', 'UNI/USD', 'SOL/USD', 'AAVE/USD', 'GRT/USD', 'SUSHI/USD', 'CRV/USD', 'AVAX/USD', 'DOT/USD', 'NEAR/USD', 'LPT/USD', 'GALA/USD', 'ENS/USD', 'THETA/USD', 'FET/USD', 'ICP/USD', 'OP/USD', 'KDA/USD', 'DGB/USD', 'SAND/USD', 'SHIB/USD', 'POLYX/USDT', 'IOST/USDT', 'ARB/USDT', 'FLOKI/USDT', 'FLOKI/USD', 'XEC/USDT', 'BLUR/USDT', 'ANKR/USDT', 'DAI/USDT', 'DASH/USDT', 'HBAR/USDT', 'ICX/USDT', 'IOTA/USDT', 'RVN/USDT', 'XNO/USDT', 'XTZ/USDT', 'ZIL/USDT', 'ORBS/USDT', 'ADX/USDT', 'FORT/USDT', 'SUI/USDT', 'ONG/USDT', 'G/USDT', 'RENDER/USDT', 'BONK/USDT', 'MAGIC/USDT', 'PEPE/USDT', 'WIF/USDT', 'IOTX/USDT', 'PNUT/USDT', 'PENGU/USDT', 'POL/USDT', 'TRUMP/USDT', 'NEIRO/USDT', 'SUI/USD', 'XRP/USD', 'BONK/USD', 'PEPE/USD', 'POL/USD', 'RENDER/USD', 'TRUMP/USD', 'EIGEN/USDT', 'ME/USDT', 'ME/USD', 'D/USDT', 'METIS/USDT', 'JUP/USD', 'JUP/USDT', 'S/USD', 'S/USDT', 'JTO/USDT', 'ORCA/USDT', 'DATA/USDT', 'VIRTUAL/USDT', 'AIXBT/USDT', 'KAITO/USDT', 'TURBO/USDT', 'HYPE/USD', 'HYPE/USDT', 'ENA/USDT', 'LAYER/USDT', 'FARTCOIN/USDT', 'SPX/USDT', 'POPCAT/USDT', 'MOODENG/USDT', 'ANIME/USDT', '1000MOG/USDT', 'ONDO/USDT', '1000REKT/USDT', 'XDC/USDT', 'BRETT/USDT', 'WLD/USDT', 'TOSHI/USDT', 'USELESS/USDT', 'A2Z/USDT', 'NOBODY/USDT', 'PUMP/USDT', 'A/USDT', 'MEW/USDT', 'SKY/USDT', 'GIGA/USDT', 'DOOD/USDT']
[VictoryBot] ISO 20022 tradable USD/USDT-like pairs: ['XRP/USDT', 'XLM/USDT', 'ALGO/USDT', 'QNT/USDT', 'XLM/USD', 'ALGO/USD', 'IOTA/USD', 'HBAR/USD', 'HBAR/USDT', 'IOTA/USDT', 'XRP/USD', 'XDC/USDT']
[VictoryBot] Top scored symbols: ['XRP/USDT', 'XRP/USD', 'HBAR/USDT', 'XLM/USDT', 'HBAR/USD', 'ALGO/USDT', 'IOTA/USDT', 'XLM/USD', 'ALGO/USD', 'IOTA/USD']
[VictoryBot] Full scored universe: [('XRP/USDT', 1715731.7739673702, 3431463.57155, -0.09389533819167253, 0.10907314433901687, 0), ('XRP/USD', 540465.6435747837, 1080931.30096, -0.07472527472527479, 0.1034157748895206, 0), ('HBAR/USDT', 177764.9222675185, 355529.93429, -0.15599922653002027, 0.012815243023836886, 0), ('XLM/USDT', 139491.14696372303, 278982.3517, -0.10448979591836732, 0.016404412089434963, 0), ('HBAR/USD', 59318.753519047525, 118637.594, -0.1512832929782082, 0.012693569433378462, 0), ('ALGO/USDT', 50953.94988156627, 101907.9537, -0.09568924680246339, 0.01158893541271156, 0), ('IOTA/USDT', 36053.538214753964, 72107.1704, -0.16186635944700467, 0.010497745281725977, 0), ('XLM/USD', 24365.1824241228, 48730.4005, -0.0676223965377332, 0.016405611722822164, 0), ('ALGO/USD', 14168.204277437737, 28336.4708, -0.11013011152416356, 0.01277647463113358, 0), ('IOTA/USD', 7601.6688352403535, 15203.42, -0.14177803602556655, 0.0091243410720994, 0)]
[VictoryBot] Momentum signals: ['XLM/USD', 'XRP/USD', 'XRP/USDT', 'ALGO/USDT', 'XLM/USDT']
[VictoryBot] ML signals: []
[VictoryBot] No open positions. Using available USD/USDT balance: 30.93978711
[VictoryBot] Portfolio sizing diagnostics:
  Investable USD: 27.845808399
  Investable per asset: 27.845808399
  XLM/USDT: ATR=0.0117, liquidity=78335.00, computed size=9.28
    Skipping XLM/USDT: size 9.28 below minimum order size.
[VictoryBot] Skipping reserve asset XRP: no valid tradable symbol or below min order size.
[VictoryBot] Skipping reserve asset HBAR: no valid tradable symbol or below min order size.
[VictoryBot] Skipping reserve asset LINK: no valid tradable symbol or below min order size.
[VictoryBot] Skipping reserve asset XLM: no valid tradable symbol or below min order size.
✅ Portfolio in balance. No rebalancing needed.
[VictoryBot] Final target allocations: {}
🚀 EXECUTING PORTFOLIO LADDER
========================================
[VictoryBot] execute_portfolio_ladder called. long_positions: {}, hedge_positions: {}
[VictoryBot][DEBUG] execute_portfolio_ladder symbols: []
[VictoryBot][DEBUG] run_all_strategies called with symbols: []
[VictoryBot][DEBUG] momentum_signals: []
[VictoryBot][DEBUG] ml_signals: []
[VictoryBot][DEBUG] mean_reversion_signals: []
[VictoryBot][DEBUG] pair_trading_signals: []
[VictoryBot][DEBUG] yield_opportunities: []
[VictoryBot][DEBUG] volatility_breakout_signals: []
[VictoryBot][DEBUG] multi_timeframe_momentum_signals: []
[VictoryBot][DEBUG] event_signals: []
[VictoryBot][DEBUG] insurance_signals: []
[VictoryBot][DEBUG] hedge_signals: []
[VictoryBot][DEBUG] top_momentum_assets: []
[VictoryBot] Writing scan results (forced): {'momentum_signals': [], 'ml_signals': [], 'mean_reversion_signals': [], 'pair_trading_signals': [], 'yield_opportunities': [], 'volatility_breakout_signals': [], 'multi_timeframe_momentum_signals': [], 'event_signals': [], 'insurance_signals': [], 'hedge_signals': [], 'top_momentum_assets': [], 'diagnostics': {'num_symbols': 0, 'timestamp': '2025-10-11T12:35:46.027814'}}
[VictoryBot] write_scan_results called. Data: {'momentum_signals': [], 'ml_signals': [], 'diagnostics': {'num_symbols': 0, 'timestamp': '2025-10-11T12:35:46.027814', 'investable_usd': 0, 'investable_per_asset': 0, 'mean_reversion_signals': [], 'pair_trading_signals': [], 'yield_opportunities': [], 'volatility_breakout_signals': [], 'multi_timeframe_momentum_signals': [], 'event_signals': [], 'insurance_signals': [], 'hedge_signals': [], 'top_momentum_assets': []}, 'allocations': {}, 'notes': Full strategy integration. All signals/diagnostics included. No trades/allocations this cycle, but scan and reserves maintained.}
[VictoryBot] scan_results.json written: /Users/nicholaskramer/Downloads/victorychain_stack/runtime/scan_results.json
[VictoryBot] scan_log.jsonl appended: /Users/nicholaskramer/Downloads/victorychain_stack/runtime/scan_log.jsonl
[VictoryBot] Scan results written (forced update).
📊 Executing 0 positions simultaneously...

📊 EXECUTION SUMMARY
=========================
Execution ID: exec_1760200546
Execution time: 0.0 seconds
Target positions: 0
Portfolio fill rate: 0.0%
Portfolio flat: ✅
💾 Report saved: execution_report_exec_1760200546.json
[VictoryBot] Available USD balance: 0.0
[VictoryBot] Available USDT balance: 30.93978711
[VictoryBot] All unique quote assets: ['BTC', 'BUSD', 'DAI', 'ETH', 'USD', 'USD4', 'USDC', 'USDT', 'UST']
[VictoryBot] All available tradable USD/USDT-like pairs: ['BTC/USDT', 'ETH/USDT', 'XRP/USDT', 'BCH/USDT', 'LTC/USDT', 'BNB/USDT', 'ADA/USDT', 'BAT/USDT', 'ETC/USDT', 'XLM/USDT', 'ZRX/USDT', 'DOGE/USDT', 'ATOM/USDT', 'NEO/USDT', 'VET/USDT', 'QTUM/USDT', 'ONT/USDT', 'KNC/USDT', 'VTHO/USDT', 'COMP/USDT', 'ONE/USDT', 'BAND/USDT', 'STORJ/USDT', 'UNI/USDT', 'SOL/USDT', 'EGLD/USDT', 'PAXG/USDT', 'OXT/USDT', 'ZEN/USDT', 'BTC/USDC', 'FIL/USDT', 'AAVE/USDT', 'GRT/USDT', 'SHIB/USDT', 'CRV/USDT', 'AXS/USDT', 'AVAX/USDT', 'CTSI/USDT', 'DOT/USDT', 'YFI/USDT', '1INCH/USDT', 'USDC/USDT', 'ETH/USDC', 'MANA/USDT', 'ALGO/USDT', 'LINK/USDT', 'ZEC/USDT', 'ENJ/USDT', 'NEAR/USDT', 'SUSHI/USDT', 'LRC/USDT', 'LPT/USDT', 'NMR/USDT', 'SLP/USDT', 'CHZ/USDT', 'OGN/USDT', 'GALA/USDT', 'TLM/USDT', 'SNX/USDT', 'AUDIO/USDT', 'ENS/USDT', 'REQ/USDT', 'APE/USDT', 'FLUX/USDT', 'COTI/USDT', 'VOXEL/USDT', 'RLC/USDT', 'BICO/USDT', 'API3/USDT', 'BNT/USDT', 'IMX/USDT', 'FLOW/USDT', 'GTC/USDT', 'THETA/USDT', 'TFUEL/USDT', 'OCEAN/USDT', 'LAZIO/USDT', 'SANTOS/USDT', 'ALPINE/USDT', 'PORTO/USDT', 'CELR/USDT', 'SKL/USDT', 'WAXP/USDT', 'LTO/USDT', 'FET/USDT', 'ICP/USDT', 'T/USDT', 'OP/USDT', 'ROSE/USDT', 'CELO/USDT', 'KDA/USDT', 'KSM/USDT', 'ACH/USDT', 'SYS/USDT', 'RAD/USDT', 'ILV/USDT', 'LDO/USDT', 'RARE/USDT', 'LSK/USDT', 'DGB/USDT', 'REEF/USDT', 'ALICE/USDT', 'FORTH/USDT', 'ASTR/USDT', 'BTRST/USDT', 'SAND/USDT', 'GLM/USDT', 'QNT/USDT', 'STG/USDT', 'AXL/USDT', 'KAVA/USDT', 'APT/USDT', 'MASK/USDT', 'BOSON/USDT', 'POND/USDT', 'SOL/USDC', 'ADA/USDC', 'JAM/USDT', 'TRAC/USDT', 'PROM/USDT', 'DIA/USDT', 'LOOM/USDT', 'STMX/USDT', 'BTC/USD', 'ETH/USD', 'BCH/USD', 'LTC/USD', 'USDT/USD', 'BNB/USD', 'ADA/USD', 'ETC/USD', 'XLM/USD', 'LINK/USD', 'RVN/USD', 'ALGO/USD', 'IOTA/USD', 'ATOM/USD', 'ZIL/USD', 'VET/USD', 'HBAR/USD', 'DOGE/USD', 'VTHO/USD', 'USDC/USD', 'ONE/USD', 'UNI/USD', 'SOL/USD', 'AAVE/USD', 'GRT/USD', 'SUSHI/USD', 'CRV/USD', 'AVAX/USD', 'DOT/USD', 'NEAR/USD', 'LPT/USD', 'GALA/USD', 'ENS/USD', 'THETA/USD', 'FET/USD', 'ICP/USD', 'OP/USD', 'KDA/USD', 'DGB/USD', 'SAND/USD', 'SHIB/USD', 'POLYX/USDT', 'IOST/USDT', 'ARB/USDT', 'FLOKI/USDT', 'FLOKI/USD', 'XEC/USDT', 'BLUR/USDT', 'ANKR/USDT', 'DAI/USDT', 'DASH/USDT', 'HBAR/USDT', 'ICX/USDT', 'IOTA/USDT', 'RVN/USDT', 'XNO/USDT', 'XTZ/USDT', 'ZIL/USDT', 'ORBS/USDT', 'ADX/USDT', 'FORT/USDT', 'SUI/USDT', 'ONG/USDT', 'G/USDT', 'RENDER/USDT', 'BONK/USDT', 'MAGIC/USDT', 'PEPE/USDT', 'WIF/USDT', 'IOTX/USDT', 'PNUT/USDT', 'PENGU/USDT', 'POL/USDT', 'TRUMP/USDT', 'NEIRO/USDT', 'SUI/USD', 'XRP/USD', 'BONK/USD', 'PEPE/USD', 'POL/USD', 'RENDER/USD', 'TRUMP/USD', 'EIGEN/USDT', 'ME/USDT', 'ME/USD', 'D/USDT', 'METIS/USDT', 'JUP/USD', 'JUP/USDT', 'S/USD', 'S/USDT', 'JTO/USDT', 'ORCA/USDT', 'DATA/USDT', 'VIRTUAL/USDT', 'AIXBT/USDT', 'KAITO/USDT', 'TURBO/USDT', 'HYPE/USD', 'HYPE/USDT', 'ENA/USDT', 'LAYER/USDT', 'FARTCOIN/USDT', 'SPX/USDT', 'POPCAT/USDT', 'MOODENG/USDT', 'ANIME/USDT', '1000MOG/USDT', 'ONDO/USDT', '1000REKT/USDT', 'XDC/USDT', 'BRETT/USDT', 'WLD/USDT', 'TOSHI/USDT', 'USELESS/USDT', 'A2Z/USDT', 'NOBODY/USDT', 'PUMP/USDT', 'A/USDT', 'MEW/USDT', 'SKY/USDT', 'GIGA/USDT', 'DOOD/USDT']
[VictoryBot] ISO 20022 tradable USD/USDT-like pairs: ['XRP/USDT', 'XLM/USDT', 'ALGO/USDT', 'QNT/USDT', 'XLM/USD', 'ALGO/USD', 'IOTA/USD', 'HBAR/USD', 'HBAR/USDT', 'IOTA/USDT', 'XRP/USD', 'XDC/USDT']
[VictoryBot] Top scored symbols: ['XRP/USDT', 'XRP/USD', 'HBAR/USDT', 'XLM/USDT', 'HBAR/USD', 'ALGO/USDT', 'IOTA/USDT', 'XLM/USD', 'ALGO/USD', 'IOTA/USD']
[VictoryBot] Full scored universe: [('XRP/USDT', 1716563.3351658974, 3433126.69561, -0.09667850734243975, 0.10909633071739859, 0), ('XRP/USD', 541186.3203254278, 1082372.65426, -0.07439560439560441, 0.10342739412747474, 0), ('HBAR/USDT', 177768.01679854048, 355536.12341, -0.1560959102774823, 0.012815423832242144, 0), ('XLM/USDT', 139491.14696372303, 278982.3517, -0.10448979591836732, 0.016404412089434963, 0), ('HBAR/USD', 59318.753519047525, 118637.594, -0.1512832929782082, 0.012693569433378462, 0), ('ALGO/USDT', 50953.94988156627, 101907.9537, -0.09568924680246339, 0.01158893541271156, 0), ('IOTA/USDT', 36053.538214753964, 72107.1704, -0.16186635944700467, 0.010497745281725977, 0), ('XLM/USD', 22661.420674122797, 45322.877, -0.0676223965377332, 0.016405611722822164, 0), ('ALGO/USD', 14143.241077437737, 28286.5444, -0.11013011152416356, 0.01277647463113358, 0), ('IOTA/USD', 7601.6688352403535, 15203.42, -0.14177803602556655, 0.0091243410720994, 0)]
[VictoryBot] Momentum signals: ['XLM/USD', 'XRP/USD', 'ALGO/USDT', 'XRP/USDT', 'XLM/USDT']
[VictoryBot] ML signals: []
[VictoryBot] No open positions. Using available USD/USDT balance: 30.93978711
[VictoryBot] Portfolio sizing diagnostics:
  Investable USD: 27.845808399
  Investable per asset: 27.845808399
  XLM/USDT: ATR=0.0117, liquidity=64569.00, computed size=9.28
    Skipping XLM/USDT: size 9.28 below minimum order size.
[VictoryBot] Skipping reserve asset XRP: no valid tradable symbol or below min order size.
[VictoryBot] Skipping reserve asset HBAR: no valid tradable symbol or below min order size.
[VictoryBot] Skipping reserve asset LINK: no valid tradable symbol or below min order size.
[VictoryBot] Skipping reserve asset XLM: no valid tradable symbol or below min order size.
✅ Portfolio in balance. No rebalancing needed.
[VictoryBot] Final target allocations: {}
🚀 EXECUTING PORTFOLIO LADDER
========================================
[VictoryBot] execute_portfolio_ladder called. long_positions: {}, hedge_positions: {}
[VictoryBot][DEBUG] execute_portfolio_ladder symbols: []
[VictoryBot][DEBUG] run_all_strategies called with symbols: []
[VictoryBot][DEBUG] momentum_signals: []
[VictoryBot][DEBUG] ml_signals: []
[VictoryBot][DEBUG] mean_reversion_signals: []
[VictoryBot][DEBUG] pair_trading_signals: []
[VictoryBot][DEBUG] yield_opportunities: []
[VictoryBot][DEBUG] volatility_breakout_signals: []
[VictoryBot][DEBUG] multi_timeframe_momentum_signals: []
[VictoryBot][DEBUG] event_signals: []
[VictoryBot][DEBUG] insurance_signals: []
[VictoryBot][DEBUG] hedge_signals: []
[VictoryBot][DEBUG] top_momentum_assets: []
[VictoryBot] Writing scan results (forced): {'momentum_signals': [], 'ml_signals': [], 'mean_reversion_signals': [], 'pair_trading_signals': [], 'yield_opportunities': [], 'volatility_breakout_signals': [], 'multi_timeframe_momentum_signals': [], 'event_signals': [], 'insurance_signals': [], 'hedge_signals': [], 'top_momentum_assets': [], 'diagnostics': {'num_symbols': 0, 'timestamp': '2025-10-11T12:37:10.349891'}}
[VictoryBot] write_scan_results called. Data: {'momentum_signals': [], 'ml_signals': [], 'diagnostics': {'num_symbols': 0, 'timestamp': '2025-10-11T12:37:10.349891', 'investable_usd': 0, 'investable_per_asset': 0, 'mean_reversion_signals': [], 'pair_trading_signals': [], 'yield_opportunities': [], 'volatility_breakout_signals': [], 'multi_timeframe_momentum_signals': [], 'event_signals': [], 'insurance_signals': [], 'hedge_signals': [], 'top_momentum_assets': []}, 'allocations': {}, 'notes': Full strategy integration. All signals/diagnostics included. No trades/allocations this cycle, but scan and reserves maintained.}
[VictoryBot] scan_results.json written: /Users/nicholaskramer/Downloads/victorychain_stack/runtime/scan_results.json
[VictoryBot] scan_log.jsonl appended: /Users/nicholaskramer/Downloads/victorychain_stack/runtime/scan_log.jsonl
[VictoryBot] Scan results written (forced update).
📊 Executing 0 positions simultaneously...

📊 EXECUTION SUMMARY
=========================
Execution ID: exec_1760200630
Execution time: 0.0 seconds
Target positions: 0
Portfolio fill rate: 0.0%
Portfolio flat: ✅
💾 Report saved: execution_report_exec_1760200630.json
[VictoryBot] Available USD balance: 0.0
[VictoryBot] Available USDT balance: 30.93978711
[VictoryBot] All unique quote assets: ['BTC', 'BUSD', 'DAI', 'ETH', 'USD', 'USD4', 'USDC', 'USDT', 'UST']
[VictoryBot] All available tradable USD/USDT-like pairs: ['BTC/USDT', 'ETH/USDT', 'XRP/USDT', 'BCH/USDT', 'LTC/USDT', 'BNB/USDT', 'ADA/USDT', 'BAT/USDT', 'ETC/USDT', 'XLM/USDT', 'ZRX/USDT', 'DOGE/USDT', 'ATOM/USDT', 'NEO/USDT', 'VET/USDT', 'QTUM/USDT', 'ONT/USDT', 'KNC/USDT', 'VTHO/USDT', 'COMP/USDT', 'ONE/USDT', 'BAND/USDT', 'STORJ/USDT', 'UNI/USDT', 'SOL/USDT', 'EGLD/USDT', 'PAXG/USDT', 'OXT/USDT', 'ZEN/USDT', 'BTC/USDC', 'FIL/USDT', 'AAVE/USDT', 'GRT/USDT', 'SHIB/USDT', 'CRV/USDT', 'AXS/USDT', 'AVAX/USDT', 'CTSI/USDT', 'DOT/USDT', 'YFI/USDT', '1INCH/USDT', 'USDC/USDT', 'ETH/USDC', 'MANA/USDT', 'ALGO/USDT', 'LINK/USDT', 'ZEC/USDT', 'ENJ/USDT', 'NEAR/USDT', 'SUSHI/USDT', 'LRC/USDT', 'LPT/USDT', 'NMR/USDT', 'SLP/USDT', 'CHZ/USDT', 'OGN/USDT', 'GALA/USDT', 'TLM/USDT', 'SNX/USDT', 'AUDIO/USDT', 'ENS/USDT', 'REQ/USDT', 'APE/USDT', 'FLUX/USDT', 'COTI/USDT', 'VOXEL/USDT', 'RLC/USDT', 'BICO/USDT', 'API3/USDT', 'BNT/USDT', 'IMX/USDT', 'FLOW/USDT', 'GTC/USDT', 'THETA/USDT', 'TFUEL/USDT', 'OCEAN/USDT', 'LAZIO/USDT', 'SANTOS/USDT', 'ALPINE/USDT', 'PORTO/USDT', 'CELR/USDT', 'SKL/USDT', 'WAXP/USDT', 'LTO/USDT', 'FET/USDT', 'ICP/USDT', 'T/USDT', 'OP/USDT', 'ROSE/USDT', 'CELO/USDT', 'KDA/USDT', 'KSM/USDT', 'ACH/USDT', 'SYS/USDT', 'RAD/USDT', 'ILV/USDT', 'LDO/USDT', 'RARE/USDT', 'LSK/USDT', 'DGB/USDT', 'REEF/USDT', 'ALICE/USDT', 'FORTH/USDT', 'ASTR/USDT', 'BTRST/USDT', 'SAND/USDT', 'GLM/USDT', 'QNT/USDT', 'STG/USDT', 'AXL/USDT', 'KAVA/USDT', 'APT/USDT', 'MASK/USDT', 'BOSON/USDT', 'POND/USDT', 'SOL/USDC', 'ADA/USDC', 'JAM/USDT', 'TRAC/USDT', 'PROM/USDT', 'DIA/USDT', 'LOOM/USDT', 'STMX/USDT', 'BTC/USD', 'ETH/USD', 'BCH/USD', 'LTC/USD', 'USDT/USD', 'BNB/USD', 'ADA/USD', 'ETC/USD', 'XLM/USD', 'LINK/USD', 'RVN/USD', 'ALGO/USD', 'IOTA/USD', 'ATOM/USD', 'ZIL/USD', 'VET/USD', 'HBAR/USD', 'DOGE/USD', 'VTHO/USD', 'USDC/USD', 'ONE/USD', 'UNI/USD', 'SOL/USD', 'AAVE/USD', 'GRT/USD', 'SUSHI/USD', 'CRV/USD', 'AVAX/USD', 'DOT/USD', 'NEAR/USD', 'LPT/USD', 'GALA/USD', 'ENS/USD', 'THETA/USD', 'FET/USD', 'ICP/USD', 'OP/USD', 'KDA/USD', 'DGB/USD', 'SAND/USD', 'SHIB/USD', 'POLYX/USDT', 'IOST/USDT', 'ARB/USDT', 'FLOKI/USDT', 'FLOKI/USD', 'XEC/USDT', 'BLUR/USDT', 'ANKR/USDT', 'DAI/USDT', 'DASH/USDT', 'HBAR/USDT', 'ICX/USDT', 'IOTA/USDT', 'RVN/USDT', 'XNO/USDT', 'XTZ/USDT', 'ZIL/USDT', 'ORBS/USDT', 'ADX/USDT', 'FORT/USDT', 'SUI/USDT', 'ONG/USDT', 'G/USDT', 'RENDER/USDT', 'BONK/USDT', 'MAGIC/USDT', 'PEPE/USDT', 'WIF/USDT', 'IOTX/USDT', 'PNUT/USDT', 'PENGU/USDT', 'POL/USDT', 'TRUMP/USDT', 'NEIRO/USDT', 'SUI/USD', 'XRP/USD', 'BONK/USD', 'PEPE/USD', 'POL/USD', 'RENDER/USD', 'TRUMP/USD', 'EIGEN/USDT', 'ME/USDT', 'ME/USD', 'D/USDT', 'METIS/USDT', 'JUP/USD', 'JUP/USDT', 'S/USD', 'S/USDT', 'JTO/USDT', 'ORCA/USDT', 'DATA/USDT', 'VIRTUAL/USDT', 'AIXBT/USDT', 'KAITO/USDT', 'TURBO/USDT', 'HYPE/USD', 'HYPE/USDT', 'ENA/USDT', 'LAYER/USDT', 'FARTCOIN/USDT', 'SPX/USDT', 'POPCAT/USDT', 'MOODENG/USDT', 'ANIME/USDT', '1000MOG/USDT', 'ONDO/USDT', '1000REKT/USDT', 'XDC/USDT', 'BRETT/USDT', 'WLD/USDT', 'TOSHI/USDT', 'USELESS/USDT', 'A2Z/USDT', 'NOBODY/USDT', 'PUMP/USDT', 'A/USDT', 'MEW/USDT', 'SKY/USDT', 'GIGA/USDT', 'DOOD/USDT']
[VictoryBot] ISO 20022 tradable USD/USDT-like pairs: ['XRP/USDT', 'XLM/USDT', 'ALGO/USDT', 'QNT/USDT', 'XLM/USD', 'ALGO/USD', 'IOTA/USD', 'HBAR/USD', 'HBAR/USDT', 'IOTA/USDT', 'XRP/USD', 'XDC/USDT']
[VictoryBot] Top scored symbols: ['XRP/USDT', 'XRP/USD', 'HBAR/USDT', 'XLM/USDT', 'HBAR/USD', 'ALGO/USDT', 'IOTA/USDT', 'XLM/USD', 'ALGO/USD', 'IOTA/USD']
[VictoryBot] Full scored universe: [('XRP/USDT', 1716554.0951958974, 3433108.21567, -0.09667850734243975, 0.10909633071739859, 0), ('XRP/USD', 541186.3203254278, 1082372.65426, -0.07439560439560441, 0.10342739412747474, 0), ('HBAR/USDT', 177636.0763985405, 355272.24261, -0.1560959102774823, 0.012815423832242144, 0), ('XLM/USDT', 139491.14696372303, 278982.3517, -0.10448979591836732, 0.016404412089434963, 0), ('HBAR/USD', 59318.753519047525, 118637.594, -0.1512832929782082, 0.012693569433378462, 0), ('ALGO/USDT', 50953.94988156627, 101907.9537, -0.09568924680246339, 0.01158893541271156, 0), ('IOTA/USDT', 36053.538214753964, 72107.1704, -0.16186635944700467, 0.010497745281725977, 0), ('XLM/USD', 22661.420674122797, 45322.877, -0.0676223965377332, 0.016405611722822164, 0), ('ALGO/USD', 14143.241077437737, 28286.5444, -0.11013011152416356, 0.01277647463113358, 0), ('IOTA/USD', 7601.6688352403535, 15203.42, -0.14177803602556655, 0.0091243410720994, 0)]
[VictoryBot] Momentum signals: ['XLM/USD', 'XRP/USD', 'ALGO/USDT', 'XRP/USDT', 'XLM/USDT']
[VictoryBot] ML signals: []
[VictoryBot] No open positions. Using available USD/USDT balance: 30.93978711
[VictoryBot] Portfolio sizing diagnostics:
  Investable USD: 27.845808399
  Investable per asset: 27.845808399
  XLM/USDT: ATR=0.0117, liquidity=98592.00, computed size=9.28
    Skipping XLM/USDT: size 9.28 below minimum order size.
[VictoryBot] Skipping reserve asset XRP: no valid tradable symbol or below min order size.
[VictoryBot] Skipping reserve asset HBAR: no valid tradable symbol or below min order size.
[VictoryBot] Skipping reserve asset LINK: no valid tradable symbol or below min order size.
[VictoryBot] Skipping reserve asset XLM: no valid tradable symbol or below min order size.
✅ Portfolio in balance. No rebalancing needed.
[VictoryBot] Final target allocations: {}
🚀 EXECUTING PORTFOLIO LADDER
========================================
[VictoryBot] execute_portfolio_ladder called. long_positions: {}, hedge_positions: {}
[VictoryBot][DEBUG] execute_portfolio_ladder symbols: []
[VictoryBot][DEBUG] run_all_strategies called with symbols: []
[VictoryBot][DEBUG] momentum_signals: []
[VictoryBot][DEBUG] ml_signals: []
[VictoryBot][DEBUG] mean_reversion_signals: []
[VictoryBot][DEBUG] pair_trading_signals: []
[VictoryBot][DEBUG] yield_opportunities: []
[VictoryBot][DEBUG] volatility_breakout_signals: []
[VictoryBot][DEBUG] multi_timeframe_momentum_signals: []
[VictoryBot][DEBUG] event_signals: []
[VictoryBot][DEBUG] insurance_signals: []
[VictoryBot][DEBUG] hedge_signals: []
[VictoryBot][DEBUG] top_momentum_assets: []
[VictoryBot] Writing scan results (forced): {'momentum_signals': [], 'ml_signals': [], 'mean_reversion_signals': [], 'pair_trading_signals': [], 'yield_opportunities': [], 'volatility_breakout_signals': [], 'multi_timeframe_momentum_signals': [], 'event_signals': [], 'insurance_signals': [], 'hedge_signals': [], 'top_momentum_assets': [], 'diagnostics': {'num_symbols': 0, 'timestamp': '2025-10-11T12:38:34.750002'}}
[VictoryBot] write_scan_results called. Data: {'momentum_signals': [], 'ml_signals': [], 'diagnostics': {'num_symbols': 0, 'timestamp': '2025-10-11T12:38:34.750002', 'investable_usd': 0, 'investable_per_asset': 0, 'mean_reversion_signals': [], 'pair_trading_signals': [], 'yield_opportunities': [], 'volatility_breakout_signals': [], 'multi_timeframe_momentum_signals': [], 'event_signals': [], 'insurance_signals': [], 'hedge_signals': [], 'top_momentum_assets': []}, 'allocations': {}, 'notes': Full strategy integration. All signals/diagnostics included. No trades/allocations this cycle, but scan and reserves maintained.}
[VictoryBot] scan_results.json written: /Users/nicholaskramer/Downloads/victorychain_stack/runtime/scan_results.json
[VictoryBot] scan_log.jsonl appended: /Users/nicholaskramer/Downloads/victorychain_stack/runtime/scan_log.jsonl
[VictoryBot] Scan results written (forced update).
📊 Executing 0 positions simultaneously...

📊 EXECUTION SUMMARY
=========================
Execution ID: exec_1760200714
Execution time: 0.0 seconds
Target positions: 0
Portfolio fill rate: 0.0%
Portfolio flat: ✅
💾 Report saved: execution_report_exec_1760200714.json
[VictoryBot] Available USD balance: 0.0
[VictoryBot] Available USDT balance: 30.93978711
[VictoryBot] All unique quote assets: ['BTC', 'BUSD', 'DAI', 'ETH', 'USD', 'USD4', 'USDC', 'USDT', 'UST']
[VictoryBot] All available tradable USD/USDT-like pairs: ['BTC/USDT', 'ETH/USDT', 'XRP/USDT', 'BCH/USDT', 'LTC/USDT', 'BNB/USDT', 'ADA/USDT', 'BAT/USDT', 'ETC/USDT', 'XLM/USDT', 'ZRX/USDT', 'DOGE/USDT', 'ATOM/USDT', 'NEO/USDT', 'VET/USDT', 'QTUM/USDT', 'ONT/USDT', 'KNC/USDT', 'VTHO/USDT', 'COMP/USDT', 'ONE/USDT', 'BAND/USDT', 'STORJ/USDT', 'UNI/USDT', 'SOL/USDT', 'EGLD/USDT', 'PAXG/USDT', 'OXT/USDT', 'ZEN/USDT', 'BTC/USDC', 'FIL/USDT', 'AAVE/USDT', 'GRT/USDT', 'SHIB/USDT', 'CRV/USDT', 'AXS/USDT', 'AVAX/USDT', 'CTSI/USDT', 'DOT/USDT', 'YFI/USDT', '1INCH/USDT', 'USDC/USDT', 'ETH/USDC', 'MANA/USDT', 'ALGO/USDT', 'LINK/USDT', 'ZEC/USDT', 'ENJ/USDT', 'NEAR/USDT', 'SUSHI/USDT', 'LRC/USDT', 'LPT/USDT', 'NMR/USDT', 'SLP/USDT', 'CHZ/USDT', 'OGN/USDT', 'GALA/USDT', 'TLM/USDT', 'SNX/USDT', 'AUDIO/USDT', 'ENS/USDT', 'REQ/USDT', 'APE/USDT', 'FLUX/USDT', 'COTI/USDT', 'VOXEL/USDT', 'RLC/USDT', 'BICO/USDT', 'API3/USDT', 'BNT/USDT', 'IMX/USDT', 'FLOW/USDT', 'GTC/USDT', 'THETA/USDT', 'TFUEL/USDT', 'OCEAN/USDT', 'LAZIO/USDT', 'SANTOS/USDT', 'ALPINE/USDT', 'PORTO/USDT', 'CELR/USDT', 'SKL/USDT', 'WAXP/USDT', 'LTO/USDT', 'FET/USDT', 'ICP/USDT', 'T/USDT', 'OP/USDT', 'ROSE/USDT', 'CELO/USDT', 'KDA/USDT', 'KSM/USDT', 'ACH/USDT', 'SYS/USDT', 'RAD/USDT', 'ILV/USDT', 'LDO/USDT', 'RARE/USDT', 'LSK/USDT', 'DGB/USDT', 'REEF/USDT', 'ALICE/USDT', 'FORTH/USDT', 'ASTR/USDT', 'BTRST/USDT', 'SAND/USDT', 'GLM/USDT', 'QNT/USDT', 'STG/USDT', 'AXL/USDT', 'KAVA/USDT', 'APT/USDT', 'MASK/USDT', 'BOSON/USDT', 'POND/USDT', 'SOL/USDC', 'ADA/USDC', 'JAM/USDT', 'TRAC/USDT', 'PROM/USDT', 'DIA/USDT', 'LOOM/USDT', 'STMX/USDT', 'BTC/USD', 'ETH/USD', 'BCH/USD', 'LTC/USD', 'USDT/USD', 'BNB/USD', 'ADA/USD', 'ETC/USD', 'XLM/USD', 'LINK/USD', 'RVN/USD', 'ALGO/USD', 'IOTA/USD', 'ATOM/USD', 'ZIL/USD', 'VET/USD', 'HBAR/USD', 'DOGE/USD', 'VTHO/USD', 'USDC/USD', 'ONE/USD', 'UNI/USD', 'SOL/USD', 'AAVE/USD', 'GRT/USD', 'SUSHI/USD', 'CRV/USD', 'AVAX/USD', 'DOT/USD', 'NEAR/USD', 'LPT/USD', 'GALA/USD', 'ENS/USD', 'THETA/USD', 'FET/USD', 'ICP/USD', 'OP/USD', 'KDA/USD', 'DGB/USD', 'SAND/USD', 'SHIB/USD', 'POLYX/USDT', 'IOST/USDT', 'ARB/USDT', 'FLOKI/USDT', 'FLOKI/USD', 'XEC/USDT', 'BLUR/USDT', 'ANKR/USDT', 'DAI/USDT', 'DASH/USDT', 'HBAR/USDT', 'ICX/USDT', 'IOTA/USDT', 'RVN/USDT', 'XNO/USDT', 'XTZ/USDT', 'ZIL/USDT', 'ORBS/USDT', 'ADX/USDT', 'FORT/USDT', 'SUI/USDT', 'ONG/USDT', 'G/USDT', 'RENDER/USDT', 'BONK/USDT', 'MAGIC/USDT', 'PEPE/USDT', 'WIF/USDT', 'IOTX/USDT', 'PNUT/USDT', 'PENGU/USDT', 'POL/USDT', 'TRUMP/USDT', 'NEIRO/USDT', 'SUI/USD', 'XRP/USD', 'BONK/USD', 'PEPE/USD', 'POL/USD', 'RENDER/USD', 'TRUMP/USD', 'EIGEN/USDT', 'ME/USDT', 'ME/USD', 'D/USDT', 'METIS/USDT', 'JUP/USD', 'JUP/USDT', 'S/USD', 'S/USDT', 'JTO/USDT', 'ORCA/USDT', 'DATA/USDT', 'VIRTUAL/USDT', 'AIXBT/USDT', 'KAITO/USDT', 'TURBO/USDT', 'HYPE/USD', 'HYPE/USDT', 'ENA/USDT', 'LAYER/USDT', 'FARTCOIN/USDT', 'SPX/USDT', 'POPCAT/USDT', 'MOODENG/USDT', 'ANIME/USDT', '1000MOG/USDT', 'ONDO/USDT', '1000REKT/USDT', 'XDC/USDT', 'BRETT/USDT', 'WLD/USDT', 'TOSHI/USDT', 'USELESS/USDT', 'A2Z/USDT', 'NOBODY/USDT', 'PUMP/USDT', 'A/USDT', 'MEW/USDT', 'SKY/USDT', 'GIGA/USDT', 'DOOD/USDT']
[VictoryBot] ISO 20022 tradable USD/USDT-like pairs: ['XRP/USDT', 'XLM/USDT', 'ALGO/USDT', 'QNT/USDT', 'XLM/USD', 'ALGO/USD', 'IOTA/USD', 'HBAR/USD', 'HBAR/USDT', 'IOTA/USDT', 'XRP/USD', 'XDC/USDT']
[VictoryBot] Top scored symbols: ['XRP/USDT', 'XRP/USD', 'HBAR/USDT', 'XLM/USDT', 'HBAR/USD', 'ALGO/USDT', 'IOTA/USDT', 'XLM/USD', 'ALGO/USD', 'IOTA/USD']
[VictoryBot] Full scored universe: [('XRP/USDT', 1716310.7712808975, 3432621.56784, -0.09667850734243975, 0.10909633071739859, 0), ('XRP/USD', 541186.3203254278, 1082372.65426, -0.07439560439560441, 0.10342739412747474, 0), ('HBAR/USDT', 177631.1865185405, 355262.46285, -0.1560959102774823, 0.012815423832242144, 0), ('XLM/USDT', 137491.30696372304, 274982.6717, -0.10448979591836732, 0.016404412089434963, 0), ('HBAR/USD', 59318.753519047525, 118637.594, -0.1512832929782082, 0.012693569433378462, 0), ('ALGO/USDT', 50953.94988156627, 101907.9537, -0.09568924680246339, 0.01158893541271156, 0), ('IOTA/USDT', 36053.538214753964, 72107.1704, -0.16186635944700467, 0.010497745281725977, 0), ('XLM/USD', 22661.420674122797, 45322.877, -0.0676223965377332, 0.016405611722822164, 0), ('ALGO/USD', 14143.241077437737, 28286.5444, -0.11013011152416356, 0.01277647463113358, 0), ('IOTA/USD', 7601.6688352403535, 15203.42, -0.14177803602556655, 0.0091243410720994, 0)]
[VictoryBot] Momentum signals: ['XLM/USD', 'XRP/USD', 'ALGO/USDT', 'XRP/USDT', 'XLM/USDT']
[VictoryBot] ML signals: []
[VictoryBot] No open positions. Using available USD/USDT balance: 30.93978711
[VictoryBot] Portfolio sizing diagnostics:
  Investable USD: 27.845808399
  Investable per asset: 27.845808399
  XLM/USDT: ATR=0.0117, liquidity=89124.00, computed size=9.28
    Skipping XLM/USDT: size 9.28 below minimum order size.
[VictoryBot] Skipping reserve asset XRP: no valid tradable symbol or below min order size.
[VictoryBot] Skipping reserve asset HBAR: no valid tradable symbol or below min order size.
[VictoryBot] Skipping reserve asset LINK: no valid tradable symbol or below min order size.
[VictoryBot] Skipping reserve asset XLM: no valid tradable symbol or below min order size.
✅ Portfolio in balance. No rebalancing needed.
[VictoryBot] Final target allocations: {}
🚀 EXECUTING PORTFOLIO LADDER
========================================
[VictoryBot] execute_portfolio_ladder called. long_positions: {}, hedge_positions: {}
[VictoryBot][DEBUG] execute_portfolio_ladder symbols: []
[VictoryBot][DEBUG] run_all_strategies called with symbols: []
[VictoryBot][DEBUG] momentum_signals: []
[VictoryBot][DEBUG] ml_signals: []
[VictoryBot][DEBUG] mean_reversion_signals: []
[VictoryBot][DEBUG] pair_trading_signals: []
[VictoryBot][DEBUG] yield_opportunities: []
[VictoryBot][DEBUG] volatility_breakout_signals: []
[VictoryBot][DEBUG] multi_timeframe_momentum_signals: []
[VictoryBot][DEBUG] event_signals: []
[VictoryBot][DEBUG] insurance_signals: []
[VictoryBot][DEBUG] hedge_signals: []
[VictoryBot][DEBUG] top_momentum_assets: []
[VictoryBot] Writing scan results (forced): {'momentum_signals': [], 'ml_signals': [], 'mean_reversion_signals': [], 'pair_trading_signals': [], 'yield_opportunities': [], 'volatility_breakout_signals': [], 'multi_timeframe_momentum_signals': [], 'event_signals': [], 'insurance_signals': [], 'hedge_signals': [], 'top_momentum_assets': [], 'diagnostics': {'num_symbols': 0, 'timestamp': '2025-10-11T12:39:59.111927'}}
[VictoryBot] write_scan_results called. Data: {'momentum_signals': [], 'ml_signals': [], 'diagnostics': {'num_symbols': 0, 'timestamp': '2025-10-11T12:39:59.111927', 'investable_usd': 0, 'investable_per_asset': 0, 'mean_reversion_signals': [], 'pair_trading_signals': [], 'yield_opportunities': [], 'volatility_breakout_signals': [], 'multi_timeframe_momentum_signals': [], 'event_signals': [], 'insurance_signals': [], 'hedge_signals': [], 'top_momentum_assets': []}, 'allocations': {}, 'notes': Full strategy integration. All signals/diagnostics included. No trades/allocations this cycle, but scan and reserves maintained.}
[VictoryBot] scan_results.json written: /Users/nicholaskramer/Downloads/victorychain_stack/runtime/scan_results.json
[VictoryBot] scan_log.jsonl appended: /Users/nicholaskramer/Downloads/victorychain_stack/runtime/scan_log.jsonl
[VictoryBot] Scan results written (forced update).
📊 Executing 0 positions simultaneously...

📊 EXECUTION SUMMARY
=========================
Execution ID: exec_1760200799
Execution time: 0.0 seconds
Target positions: 0
Portfolio fill rate: 0.0%
Portfolio flat: ✅
💾 Report saved: execution_report_exec_1760200799.json
[VictoryBot] Available USD balance: 0.0
[VictoryBot] Available USDT balance: 30.93978711
[VictoryBot] All unique quote assets: ['BTC', 'BUSD', 'DAI', 'ETH', 'USD', 'USD4', 'USDC', 'USDT', 'UST']
[VictoryBot] All available tradable USD/USDT-like pairs: ['BTC/USDT', 'ETH/USDT', 'XRP/USDT', 'BCH/USDT', 'LTC/USDT', 'BNB/USDT', 'ADA/USDT', 'BAT/USDT', 'ETC/USDT', 'XLM/USDT', 'ZRX/USDT', 'DOGE/USDT', 'ATOM/USDT', 'NEO/USDT', 'VET/USDT', 'QTUM/USDT', 'ONT/USDT', 'KNC/USDT', 'VTHO/USDT', 'COMP/USDT', 'ONE/USDT', 'BAND/USDT', 'STORJ/USDT', 'UNI/USDT', 'SOL/USDT', 'EGLD/USDT', 'PAXG/USDT', 'OXT/USDT', 'ZEN/USDT', 'BTC/USDC', 'FIL/USDT', 'AAVE/USDT', 'GRT/USDT', 'SHIB/USDT', 'CRV/USDT', 'AXS/USDT', 'AVAX/USDT', 'CTSI/USDT', 'DOT/USDT', 'YFI/USDT', '1INCH/USDT', 'USDC/USDT', 'ETH/USDC', 'MANA/USDT', 'ALGO/USDT', 'LINK/USDT', 'ZEC/USDT', 'ENJ/USDT', 'NEAR/USDT', 'SUSHI/USDT', 'LRC/USDT', 'LPT/USDT', 'NMR/USDT', 'SLP/USDT', 'CHZ/USDT', 'OGN/USDT', 'GALA/USDT', 'TLM/USDT', 'SNX/USDT', 'AUDIO/USDT', 'ENS/USDT', 'REQ/USDT', 'APE/USDT', 'FLUX/USDT', 'COTI/USDT', 'VOXEL/USDT', 'RLC/USDT', 'BICO/USDT', 'API3/USDT', 'BNT/USDT', 'IMX/USDT', 'FLOW/USDT', 'GTC/USDT', 'THETA/USDT', 'TFUEL/USDT', 'OCEAN/USDT', 'LAZIO/USDT', 'SANTOS/USDT', 'ALPINE/USDT', 'PORTO/USDT', 'CELR/USDT', 'SKL/USDT', 'WAXP/USDT', 'LTO/USDT', 'FET/USDT', 'ICP/USDT', 'T/USDT', 'OP/USDT', 'ROSE/USDT', 'CELO/USDT', 'KDA/USDT', 'KSM/USDT', 'ACH/USDT', 'SYS/USDT', 'RAD/USDT', 'ILV/USDT', 'LDO/USDT', 'RARE/USDT', 'LSK/USDT', 'DGB/USDT', 'REEF/USDT', 'ALICE/USDT', 'FORTH/USDT', 'ASTR/USDT', 'BTRST/USDT', 'SAND/USDT', 'GLM/USDT', 'QNT/USDT', 'STG/USDT', 'AXL/USDT', 'KAVA/USDT', 'APT/USDT', 'MASK/USDT', 'BOSON/USDT', 'POND/USDT', 'SOL/USDC', 'ADA/USDC', 'JAM/USDT', 'TRAC/USDT', 'PROM/USDT', 'DIA/USDT', 'LOOM/USDT', 'STMX/USDT', 'BTC/USD', 'ETH/USD', 'BCH/USD', 'LTC/USD', 'USDT/USD', 'BNB/USD', 'ADA/USD', 'ETC/USD', 'XLM/USD', 'LINK/USD', 'RVN/USD', 'ALGO/USD', 'IOTA/USD', 'ATOM/USD', 'ZIL/USD', 'VET/USD', 'HBAR/USD', 'DOGE/USD', 'VTHO/USD', 'USDC/USD', 'ONE/USD', 'UNI/USD', 'SOL/USD', 'AAVE/USD', 'GRT/USD', 'SUSHI/USD', 'CRV/USD', 'AVAX/USD', 'DOT/USD', 'NEAR/USD', 'LPT/USD', 'GALA/USD', 'ENS/USD', 'THETA/USD', 'FET/USD', 'ICP/USD', 'OP/USD', 'KDA/USD', 'DGB/USD', 'SAND/USD', 'SHIB/USD', 'POLYX/USDT', 'IOST/USDT', 'ARB/USDT', 'FLOKI/USDT', 'FLOKI/USD', 'XEC/USDT', 'BLUR/USDT', 'ANKR/USDT', 'DAI/USDT', 'DASH/USDT', 'HBAR/USDT', 'ICX/USDT', 'IOTA/USDT', 'RVN/USDT', 'XNO/USDT', 'XTZ/USDT', 'ZIL/USDT', 'ORBS/USDT', 'ADX/USDT', 'FORT/USDT', 'SUI/USDT', 'ONG/USDT', 'G/USDT', 'RENDER/USDT', 'BONK/USDT', 'MAGIC/USDT', 'PEPE/USDT', 'WIF/USDT', 'IOTX/USDT', 'PNUT/USDT', 'PENGU/USDT', 'POL/USDT', 'TRUMP/USDT', 'NEIRO/USDT', 'SUI/USD', 'XRP/USD', 'BONK/USD', 'PEPE/USD', 'POL/USD', 'RENDER/USD', 'TRUMP/USD', 'EIGEN/USDT', 'ME/USDT', 'ME/USD', 'D/USDT', 'METIS/USDT', 'JUP/USD', 'JUP/USDT', 'S/USD', 'S/USDT', 'JTO/USDT', 'ORCA/USDT', 'DATA/USDT', 'VIRTUAL/USDT', 'AIXBT/USDT', 'KAITO/USDT', 'TURBO/USDT', 'HYPE/USD', 'HYPE/USDT', 'ENA/USDT', 'LAYER/USDT', 'FARTCOIN/USDT', 'SPX/USDT', 'POPCAT/USDT', 'MOODENG/USDT', 'ANIME/USDT', '1000MOG/USDT', 'ONDO/USDT', '1000REKT/USDT', 'XDC/USDT', 'BRETT/USDT', 'WLD/USDT', 'TOSHI/USDT', 'USELESS/USDT', 'A2Z/USDT', 'NOBODY/USDT', 'PUMP/USDT', 'A/USDT', 'MEW/USDT', 'SKY/USDT', 'GIGA/USDT', 'DOOD/USDT']
[VictoryBot] ISO 20022 tradable USD/USDT-like pairs: ['XRP/USDT', 'XLM/USDT', 'ALGO/USDT', 'QNT/USDT', 'XLM/USD', 'ALGO/USD', 'IOTA/USD', 'HBAR/USD', 'HBAR/USDT', 'IOTA/USDT', 'XRP/USD', 'XDC/USDT']
[VictoryBot] Top scored symbols: ['XRP/USDT', 'XRP/USD', 'HBAR/USDT', 'XLM/USDT', 'HBAR/USD', 'ALGO/USDT', 'IOTA/USDT', 'XLM/USD', 'ALGO/USD', 'IOTA/USD']
[VictoryBot] Full scored universe: [('XRP/USDT', 1716320.2989034338, 3432640.62232, -0.09539678470721791, 0.10908312764126268, 0), ('XRP/USD', 541186.3203254278, 1082372.65426, -0.07439560439560441, 0.10342739412747474, 0), ('HBAR/USDT', 177522.37375354048, 355044.83732, -0.1560959102774823, 0.012815423832242144, 0), ('XLM/USDT', 137491.30696372304, 274982.6717, -0.10448979591836732, 0.016404412089434963, 0), ('HBAR/USD', 59318.753519047525, 118637.594, -0.1512832929782082, 0.012693569433378462, 0), ('ALGO/USDT', 50953.94988156627, 101907.9537, -0.09568924680246339, 0.01158893541271156, 0), ('IOTA/USDT', 36053.538214753964, 72107.1704, -0.16186635944700467, 0.010497745281725977, 0), ('XLM/USD', 22661.420674122797, 45322.877, -0.0676223965377332, 0.016405611722822164, 0), ('ALGO/USD', 14143.241077437737, 28286.5444, -0.11013011152416356, 0.01277647463113358, 0), ('IOTA/USD', 7601.6688352403535, 15203.42, -0.14177803602556655, 0.0091243410720994, 0)]
[VictoryBot] Momentum signals: ['XLM/USD', 'XRP/USD', 'XRP/USDT', 'ALGO/USDT', 'XLM/USDT']
[VictoryBot] ML signals: []
[VictoryBot] No open positions. Using available USD/USDT balance: 30.93978711
[VictoryBot] Portfolio sizing diagnostics:
  Investable USD: 27.845808399
  Investable per asset: 27.845808399
  XLM/USDT: ATR=0.0117, liquidity=90067.00, computed size=9.28
    Skipping XLM/USDT: size 9.28 below minimum order size.
[VictoryBot] Skipping reserve asset XRP: no valid tradable symbol or below min order size.
[VictoryBot] Skipping reserve asset HBAR: no valid tradable symbol or below min order size.
[VictoryBot] Skipping reserve asset LINK: no valid tradable symbol or below min order size.
[VictoryBot] Skipping reserve asset XLM: no valid tradable symbol or below min order size.
✅ Portfolio in balance. No rebalancing needed.
[VictoryBot] Final target allocations: {}
🚀 EXECUTING PORTFOLIO LADDER
========================================
[VictoryBot] execute_portfolio_ladder called. long_positions: {}, hedge_positions: {}
[VictoryBot][DEBUG] execute_portfolio_ladder symbols: []
[VictoryBot][DEBUG] run_all_strategies called with symbols: []
[VictoryBot][DEBUG] momentum_signals: []
[VictoryBot][DEBUG] ml_signals: []
[VictoryBot][DEBUG] mean_reversion_signals: []
[VictoryBot][DEBUG] pair_trading_signals: []
[VictoryBot][DEBUG] yield_opportunities: []
[VictoryBot][DEBUG] volatility_breakout_signals: []
[VictoryBot][DEBUG] multi_timeframe_momentum_signals: []
[VictoryBot][DEBUG] event_signals: []
[VictoryBot][DEBUG] insurance_signals: []
[VictoryBot][DEBUG] hedge_signals: []
[VictoryBot][DEBUG] top_momentum_assets: []
[VictoryBot] Writing scan results (forced): {'momentum_signals': [], 'ml_signals': [], 'mean_reversion_signals': [], 'pair_trading_signals': [], 'yield_opportunities': [], 'volatility_breakout_signals': [], 'multi_timeframe_momentum_signals': [], 'event_signals': [], 'insurance_signals': [], 'hedge_signals': [], 'top_momentum_assets': [], 'diagnostics': {'num_symbols': 0, 'timestamp': '2025-10-11T12:41:23.451117'}}
[VictoryBot] write_scan_results called. Data: {'momentum_signals': [], 'ml_signals': [], 'diagnostics': {'num_symbols': 0, 'timestamp': '2025-10-11T12:41:23.451117', 'investable_usd': 0, 'investable_per_asset': 0, 'mean_reversion_signals': [], 'pair_trading_signals': [], 'yield_opportunities': [], 'volatility_breakout_signals': [], 'multi_timeframe_momentum_signals': [], 'event_signals': [], 'insurance_signals': [], 'hedge_signals': [], 'top_momentum_assets': []}, 'allocations': {}, 'notes': Full strategy integration. All signals/diagnostics included. No trades/allocations this cycle, but scan and reserves maintained.}
[VictoryBot] scan_results.json written: /Users/nicholaskramer/Downloads/victorychain_stack/runtime/scan_results.json
[VictoryBot] scan_log.jsonl appended: /Users/nicholaskramer/Downloads/victorychain_stack/runtime/scan_log.jsonl
[VictoryBot] Scan results written (forced update).
📊 Executing 0 positions simultaneously...

📊 EXECUTION SUMMARY
=========================
Execution ID: exec_1760200883
Execution time: 0.0 seconds
Target positions: 0
Portfolio fill rate: 0.0%
Portfolio flat: ✅
💾 Report saved: execution_report_exec_1760200883.json
[VictoryBot] Available USD balance: 0.0
[VictoryBot] Available USDT balance: 30.93978711
[VictoryBot] All unique quote assets: ['BTC', 'BUSD', 'DAI', 'ETH', 'USD', 'USD4', 'USDC', 'USDT', 'UST']
[VictoryBot] All available tradable USD/USDT-like pairs: ['BTC/USDT', 'ETH/USDT', 'XRP/USDT', 'BCH/USDT', 'LTC/USDT', 'BNB/USDT', 'ADA/USDT', 'BAT/USDT', 'ETC/USDT', 'XLM/USDT', 'ZRX/USDT', 'DOGE/USDT', 'ATOM/USDT', 'NEO/USDT', 'VET/USDT', 'QTUM/USDT', 'ONT/USDT', 'KNC/USDT', 'VTHO/USDT', 'COMP/USDT', 'ONE/USDT', 'BAND/USDT', 'STORJ/USDT', 'UNI/USDT', 'SOL/USDT', 'EGLD/USDT', 'PAXG/USDT', 'OXT/USDT', 'ZEN/USDT', 'BTC/USDC', 'FIL/USDT', 'AAVE/USDT', 'GRT/USDT', 'SHIB/USDT', 'CRV/USDT', 'AXS/USDT', 'AVAX/USDT', 'CTSI/USDT', 'DOT/USDT', 'YFI/USDT', '1INCH/USDT', 'USDC/USDT', 'ETH/USDC', 'MANA/USDT', 'ALGO/USDT', 'LINK/USDT', 'ZEC/USDT', 'ENJ/USDT', 'NEAR/USDT', 'SUSHI/USDT', 'LRC/USDT', 'LPT/USDT', 'NMR/USDT', 'SLP/USDT', 'CHZ/USDT', 'OGN/USDT', 'GALA/USDT', 'TLM/USDT', 'SNX/USDT', 'AUDIO/USDT', 'ENS/USDT', 'REQ/USDT', 'APE/USDT', 'FLUX/USDT', 'COTI/USDT', 'VOXEL/USDT', 'RLC/USDT', 'BICO/USDT', 'API3/USDT', 'BNT/USDT', 'IMX/USDT', 'FLOW/USDT', 'GTC/USDT', 'THETA/USDT', 'TFUEL/USDT', 'OCEAN/USDT', 'LAZIO/USDT', 'SANTOS/USDT', 'ALPINE/USDT', 'PORTO/USDT', 'CELR/USDT', 'SKL/USDT', 'WAXP/USDT', 'LTO/USDT', 'FET/USDT', 'ICP/USDT', 'T/USDT', 'OP/USDT', 'ROSE/USDT', 'CELO/USDT', 'KDA/USDT', 'KSM/USDT', 'ACH/USDT', 'SYS/USDT', 'RAD/USDT', 'ILV/USDT', 'LDO/USDT', 'RARE/USDT', 'LSK/USDT', 'DGB/USDT', 'REEF/USDT', 'ALICE/USDT', 'FORTH/USDT', 'ASTR/USDT', 'BTRST/USDT', 'SAND/USDT', 'GLM/USDT', 'QNT/USDT', 'STG/USDT', 'AXL/USDT', 'KAVA/USDT', 'APT/USDT', 'MASK/USDT', 'BOSON/USDT', 'POND/USDT', 'SOL/USDC', 'ADA/USDC', 'JAM/USDT', 'TRAC/USDT', 'PROM/USDT', 'DIA/USDT', 'LOOM/USDT', 'STMX/USDT', 'BTC/USD', 'ETH/USD', 'BCH/USD', 'LTC/USD', 'USDT/USD', 'BNB/USD', 'ADA/USD', 'ETC/USD', 'XLM/USD', 'LINK/USD', 'RVN/USD', 'ALGO/USD', 'IOTA/USD', 'ATOM/USD', 'ZIL/USD', 'VET/USD', 'HBAR/USD', 'DOGE/USD', 'VTHO/USD', 'USDC/USD', 'ONE/USD', 'UNI/USD', 'SOL/USD', 'AAVE/USD', 'GRT/USD', 'SUSHI/USD', 'CRV/USD', 'AVAX/USD', 'DOT/USD', 'NEAR/USD', 'LPT/USD', 'GALA/USD', 'ENS/USD', 'THETA/USD', 'FET/USD', 'ICP/USD', 'OP/USD', 'KDA/USD', 'DGB/USD', 'SAND/USD', 'SHIB/USD', 'POLYX/USDT', 'IOST/USDT', 'ARB/USDT', 'FLOKI/USDT', 'FLOKI/USD', 'XEC/USDT', 'BLUR/USDT', 'ANKR/USDT', 'DAI/USDT', 'DASH/USDT', 'HBAR/USDT', 'ICX/USDT', 'IOTA/USDT', 'RVN/USDT', 'XNO/USDT', 'XTZ/USDT', 'ZIL/USDT', 'ORBS/USDT', 'ADX/USDT', 'FORT/USDT', 'SUI/USDT', 'ONG/USDT', 'G/USDT', 'RENDER/USDT', 'BONK/USDT', 'MAGIC/USDT', 'PEPE/USDT', 'WIF/USDT', 'IOTX/USDT', 'PNUT/USDT', 'PENGU/USDT', 'POL/USDT', 'TRUMP/USDT', 'NEIRO/USDT', 'SUI/USD', 'XRP/USD', 'BONK/USD', 'PEPE/USD', 'POL/USD', 'RENDER/USD', 'TRUMP/USD', 'EIGEN/USDT', 'ME/USDT', 'ME/USD', 'D/USDT', 'METIS/USDT', 'JUP/USD', 'JUP/USDT', 'S/USD', 'S/USDT', 'JTO/USDT', 'ORCA/USDT', 'DATA/USDT', 'VIRTUAL/USDT', 'AIXBT/USDT', 'KAITO/USDT', 'TURBO/USDT', 'HYPE/USD', 'HYPE/USDT', 'ENA/USDT', 'LAYER/USDT', 'FARTCOIN/USDT', 'SPX/USDT', 'POPCAT/USDT', 'MOODENG/USDT', 'ANIME/USDT', '1000MOG/USDT', 'ONDO/USDT', '1000REKT/USDT', 'XDC/USDT', 'BRETT/USDT', 'WLD/USDT', 'TOSHI/USDT', 'USELESS/USDT', 'A2Z/USDT', 'NOBODY/USDT', 'PUMP/USDT', 'A/USDT', 'MEW/USDT', 'SKY/USDT', 'GIGA/USDT', 'DOOD/USDT']
[VictoryBot] ISO 20022 tradable USD/USDT-like pairs: ['XRP/USDT', 'XLM/USDT', 'ALGO/USDT', 'QNT/USDT', 'XLM/USD', 'ALGO/USD', 'IOTA/USD', 'HBAR/USD', 'HBAR/USDT', 'IOTA/USDT', 'XRP/USD', 'XDC/USDT']
[VictoryBot] Top scored symbols: ['XRP/USDT', 'XRP/USD', 'HBAR/USDT', 'XLM/USDT', 'HBAR/USD', 'ALGO/USDT', 'IOTA/USDT', 'XLM/USD', 'ALGO/USD', 'IOTA/USD']
[VictoryBot] Full scored universe: [('XRP/USDT', 1716346.7030201275, 3432693.4311, -0.09631230087523358, 0.1090921185787498, 0), ('XRP/USD', 541186.3203254278, 1082372.65426, -0.07439560439560441, 0.10342739412747474, 0), ('HBAR/USDT', 177522.37375354048, 355044.83732, -0.1560959102774823, 0.012815423832242144, 0), ('XLM/USDT', 137491.30696372304, 274982.6717, -0.10448979591836732, 0.016404412089434963, 0), ('HBAR/USD', 59318.753519047525, 118637.594, -0.1512832929782082, 0.012693569433378462, 0), ('ALGO/USDT', 50953.94988156627, 101907.9537, -0.09568924680246339, 0.01158893541271156, 0), ('IOTA/USDT', 36053.538214753964, 72107.1704, -0.16186635944700467, 0.010497745281725977, 0), ('XLM/USD', 22661.420674122797, 45322.877, -0.0676223965377332, 0.016405611722822164, 0), ('ALGO/USD', 14143.241077437737, 28286.5444, -0.11013011152416356, 0.01277647463113358, 0), ('IOTA/USD', 7601.6688352403535, 15203.42, -0.14177803602556655, 0.0091243410720994, 0)]
[VictoryBot] Momentum signals: ['XLM/USD', 'XRP/USD', 'ALGO/USDT', 'XRP/USDT', 'XLM/USDT']
[VictoryBot] ML signals: []
[VictoryBot] No open positions. Using available USD/USDT balance: 30.93978711
[VictoryBot] Portfolio sizing diagnostics:
  Investable USD: 27.845808399
  Investable per asset: 27.845808399
  XLM/USDT: ATR=0.0117, liquidity=80308.00, computed size=9.28
    Skipping XLM/USDT: size 9.28 below minimum order size.
[VictoryBot] Skipping reserve asset XRP: no valid tradable symbol or below min order size.
[VictoryBot] Skipping reserve asset HBAR: no valid tradable symbol or below min order size.
[VictoryBot] Skipping reserve asset LINK: no valid tradable symbol or below min order size.
[VictoryBot] Skipping reserve asset XLM: no valid tradable symbol or below min order size.
✅ Portfolio in balance. No rebalancing needed.
[VictoryBot] Final target allocations: {}
🚀 EXECUTING PORTFOLIO LADDER
========================================
[VictoryBot] execute_portfolio_ladder called. long_positions: {}, hedge_positions: {}
[VictoryBot][DEBUG] execute_portfolio_ladder symbols: []
[VictoryBot][DEBUG] run_all_strategies called with symbols: []
[VictoryBot][DEBUG] momentum_signals: []
[VictoryBot][DEBUG] ml_signals: []
[VictoryBot][DEBUG] mean_reversion_signals: []
[VictoryBot][DEBUG] pair_trading_signals: []
[VictoryBot][DEBUG] yield_opportunities: []
[VictoryBot][DEBUG] volatility_breakout_signals: []
[VictoryBot][DEBUG] multi_timeframe_momentum_signals: []
[VictoryBot][DEBUG] event_signals: []
[VictoryBot][DEBUG] insurance_signals: []
[VictoryBot][DEBUG] hedge_signals: []
[VictoryBot][DEBUG] top_momentum_assets: []
[VictoryBot] Writing scan results (forced): {'momentum_signals': [], 'ml_signals': [], 'mean_reversion_signals': [], 'pair_trading_signals': [], 'yield_opportunities': [], 'volatility_breakout_signals': [], 'multi_timeframe_momentum_signals': [], 'event_signals': [], 'insurance_signals': [], 'hedge_signals': [], 'top_momentum_assets': [], 'diagnostics': {'num_symbols': 0, 'timestamp': '2025-10-11T12:42:47.928480'}}
[VictoryBot] write_scan_results called. Data: {'momentum_signals': [], 'ml_signals': [], 'diagnostics': {'num_symbols': 0, 'timestamp': '2025-10-11T12:42:47.928480', 'investable_usd': 0, 'investable_per_asset': 0, 'mean_reversion_signals': [], 'pair_trading_signals': [], 'yield_opportunities': [], 'volatility_breakout_signals': [], 'multi_timeframe_momentum_signals': [], 'event_signals': [], 'insurance_signals': [], 'hedge_signals': [], 'top_momentum_assets': []}, 'allocations': {}, 'notes': Full strategy integration. All signals/diagnostics included. No trades/allocations this cycle, but scan and reserves maintained.}
[VictoryBot] scan_results.json written: /Users/nicholaskramer/Downloads/victorychain_stack/runtime/scan_results.json
[VictoryBot] scan_log.jsonl appended: /Users/nicholaskramer/Downloads/victorychain_stack/runtime/scan_log.jsonl
[VictoryBot] Scan results written (forced update).
📊 Executing 0 positions simultaneously...

📊 EXECUTION SUMMARY
=========================
Execution ID: exec_1760200967
Execution time: 0.0 seconds
Target positions: 0
Portfolio fill rate: 0.0%
Portfolio flat: ✅
💾 Report saved: execution_report_exec_1760200967.json
[VictoryBot] Available USD balance: 0.0
[VictoryBot] Available USDT balance: 30.93978711
[VictoryBot] All unique quote assets: ['BTC', 'BUSD', 'DAI', 'ETH', 'USD', 'USD4', 'USDC', 'USDT', 'UST']
[VictoryBot] All available tradable USD/USDT-like pairs: ['BTC/USDT', 'ETH/USDT', 'XRP/USDT', 'BCH/USDT', 'LTC/USDT', 'BNB/USDT', 'ADA/USDT', 'BAT/USDT', 'ETC/USDT', 'XLM/USDT', 'ZRX/USDT', 'DOGE/USDT', 'ATOM/USDT', 'NEO/USDT', 'VET/USDT', 'QTUM/USDT', 'ONT/USDT', 'KNC/USDT', 'VTHO/USDT', 'COMP/USDT', 'ONE/USDT', 'BAND/USDT', 'STORJ/USDT', 'UNI/USDT', 'SOL/USDT', 'EGLD/USDT', 'PAXG/USDT', 'OXT/USDT', 'ZEN/USDT', 'BTC/USDC', 'FIL/USDT', 'AAVE/USDT', 'GRT/USDT', 'SHIB/USDT', 'CRV/USDT', 'AXS/USDT', 'AVAX/USDT', 'CTSI/USDT', 'DOT/USDT', 'YFI/USDT', '1INCH/USDT', 'USDC/USDT', 'ETH/USDC', 'MANA/USDT', 'ALGO/USDT', 'LINK/USDT', 'ZEC/USDT', 'ENJ/USDT', 'NEAR/USDT', 'SUSHI/USDT', 'LRC/USDT', 'LPT/USDT', 'NMR/USDT', 'SLP/USDT', 'CHZ/USDT', 'OGN/USDT', 'GALA/USDT', 'TLM/USDT', 'SNX/USDT', 'AUDIO/USDT', 'ENS/USDT', 'REQ/USDT', 'APE/USDT', 'FLUX/USDT', 'COTI/USDT', 'VOXEL/USDT', 'RLC/USDT', 'BICO/USDT', 'API3/USDT', 'BNT/USDT', 'IMX/USDT', 'FLOW/USDT', 'GTC/USDT', 'THETA/USDT', 'TFUEL/USDT', 'OCEAN/USDT', 'LAZIO/USDT', 'SANTOS/USDT', 'ALPINE/USDT', 'PORTO/USDT', 'CELR/USDT', 'SKL/USDT', 'WAXP/USDT', 'LTO/USDT', 'FET/USDT', 'ICP/USDT', 'T/USDT', 'OP/USDT', 'ROSE/USDT', 'CELO/USDT', 'KDA/USDT', 'KSM/USDT', 'ACH/USDT', 'SYS/USDT', 'RAD/USDT', 'ILV/USDT', 'LDO/USDT', 'RARE/USDT', 'LSK/USDT', 'DGB/USDT', 'REEF/USDT', 'ALICE/USDT', 'FORTH/USDT', 'ASTR/USDT', 'BTRST/USDT', 'SAND/USDT', 'GLM/USDT', 'QNT/USDT', 'STG/USDT', 'AXL/USDT', 'KAVA/USDT', 'APT/USDT', 'MASK/USDT', 'BOSON/USDT', 'POND/USDT', 'SOL/USDC', 'ADA/USDC', 'JAM/USDT', 'TRAC/USDT', 'PROM/USDT', 'DIA/USDT', 'LOOM/USDT', 'STMX/USDT', 'BTC/USD', 'ETH/USD', 'BCH/USD', 'LTC/USD', 'USDT/USD', 'BNB/USD', 'ADA/USD', 'ETC/USD', 'XLM/USD', 'LINK/USD', 'RVN/USD', 'ALGO/USD', 'IOTA/USD', 'ATOM/USD', 'ZIL/USD', 'VET/USD', 'HBAR/USD', 'DOGE/USD', 'VTHO/USD', 'USDC/USD', 'ONE/USD', 'UNI/USD', 'SOL/USD', 'AAVE/USD', 'GRT/USD', 'SUSHI/USD', 'CRV/USD', 'AVAX/USD', 'DOT/USD', 'NEAR/USD', 'LPT/USD', 'GALA/USD', 'ENS/USD', 'THETA/USD', 'FET/USD', 'ICP/USD', 'OP/USD', 'KDA/USD', 'DGB/USD', 'SAND/USD', 'SHIB/USD', 'POLYX/USDT', 'IOST/USDT', 'ARB/USDT', 'FLOKI/USDT', 'FLOKI/USD', 'XEC/USDT', 'BLUR/USDT', 'ANKR/USDT', 'DAI/USDT', 'DASH/USDT', 'HBAR/USDT', 'ICX/USDT', 'IOTA/USDT', 'RVN/USDT', 'XNO/USDT', 'XTZ/USDT', 'ZIL/USDT', 'ORBS/USDT', 'ADX/USDT', 'FORT/USDT', 'SUI/USDT', 'ONG/USDT', 'G/USDT', 'RENDER/USDT', 'BONK/USDT', 'MAGIC/USDT', 'PEPE/USDT', 'WIF/USDT', 'IOTX/USDT', 'PNUT/USDT', 'PENGU/USDT', 'POL/USDT', 'TRUMP/USDT', 'NEIRO/USDT', 'SUI/USD', 'XRP/USD', 'BONK/USD', 'PEPE/USD', 'POL/USD', 'RENDER/USD', 'TRUMP/USD', 'EIGEN/USDT', 'ME/USDT', 'ME/USD', 'D/USDT', 'METIS/USDT', 'JUP/USD', 'JUP/USDT', 'S/USD', 'S/USDT', 'JTO/USDT', 'ORCA/USDT', 'DATA/USDT', 'VIRTUAL/USDT', 'AIXBT/USDT', 'KAITO/USDT', 'TURBO/USDT', 'HYPE/USD', 'HYPE/USDT', 'ENA/USDT', 'LAYER/USDT', 'FARTCOIN/USDT', 'SPX/USDT', 'POPCAT/USDT', 'MOODENG/USDT', 'ANIME/USDT', '1000MOG/USDT', 'ONDO/USDT', '1000REKT/USDT', 'XDC/USDT', 'BRETT/USDT', 'WLD/USDT', 'TOSHI/USDT', 'USELESS/USDT', 'A2Z/USDT', 'NOBODY/USDT', 'PUMP/USDT', 'A/USDT', 'MEW/USDT', 'SKY/USDT', 'GIGA/USDT', 'DOOD/USDT']
[VictoryBot] ISO 20022 tradable USD/USDT-like pairs: ['XRP/USDT', 'XLM/USDT', 'ALGO/USDT', 'QNT/USDT', 'XLM/USD', 'ALGO/USD', 'IOTA/USD', 'HBAR/USD', 'HBAR/USDT', 'IOTA/USDT', 'XRP/USD', 'XDC/USDT']
[VictoryBot] Top scored symbols: ['XRP/USDT', 'XRP/USD', 'HBAR/USDT', 'XLM/USDT', 'HBAR/USD', 'ALGO/USDT', 'IOTA/USDT', 'XLM/USD', 'ALGO/USD', 'IOTA/USD']
[VictoryBot] Full scored universe: [('XRP/USDT', 1715923.784274373, 3431847.59304, -0.09536016406049737, 0.1090828137517547, 0), ('XRP/USD', 540773.9578254278, 1081547.92926, -0.07439560439560441, 0.10342739412747474, 0), ('HBAR/USDT', 177522.37375354048, 355044.83732, -0.1560959102774823, 0.012815423832242144, 0), ('XLM/USDT', 137491.30696372304, 274982.6717, -0.10448979591836732, 0.016404412089434963, 0), ('HBAR/USD', 59318.753519047525, 118637.594, -0.1512832929782082, 0.012693569433378462, 0), ('ALGO/USDT', 50953.94988156627, 101907.9537, -0.09568924680246339, 0.01158893541271156, 0), ('IOTA/USDT', 36053.538214753964, 72107.1704, -0.16186635944700467, 0.010497745281725977, 0), ('XLM/USD', 22661.420674122797, 45322.877, -0.0676223965377332, 0.016405611722822164, 0), ('ALGO/USD', 14143.241077437737, 28286.5444, -0.11013011152416356, 0.01277647463113358, 0), ('IOTA/USD', 7601.6688352403535, 15203.42, -0.14177803602556655, 0.0091243410720994, 0)]
[VictoryBot] Momentum signals: ['XLM/USD', 'XRP/USD', 'XRP/USDT', 'ALGO/USDT', 'XLM/USDT']
[VictoryBot] ML signals: []
[VictoryBot] No open positions. Using available USD/USDT balance: 30.93978711
[VictoryBot] Portfolio sizing diagnostics:
  Investable USD: 27.845808399
  Investable per asset: 27.845808399
  XLM/USDT: ATR=0.0117, liquidity=83291.00, computed size=9.28
    Skipping XLM/USDT: size 9.28 below minimum order size.
[VictoryBot] Skipping reserve asset XRP: no valid tradable symbol or below min order size.
[VictoryBot] Skipping reserve asset HBAR: no valid tradable symbol or below min order size.
[VictoryBot] Skipping reserve asset LINK: no valid tradable symbol or below min order size.
[VictoryBot] Skipping reserve asset XLM: no valid tradable symbol or below min order size.
✅ Portfolio in balance. No rebalancing needed.
[VictoryBot] Final target allocations: {}
🚀 EXECUTING PORTFOLIO LADDER
========================================
[VictoryBot] execute_portfolio_ladder called. long_positions: {}, hedge_positions: {}
[VictoryBot][DEBUG] execute_portfolio_ladder symbols: []
[VictoryBot][DEBUG] run_all_strategies called with symbols: []
[VictoryBot][DEBUG] momentum_signals: []
[VictoryBot][DEBUG] ml_signals: []
[VictoryBot][DEBUG] mean_reversion_signals: []
[VictoryBot][DEBUG] pair_trading_signals: []
[VictoryBot][DEBUG] yield_opportunities: []
[VictoryBot][DEBUG] volatility_breakout_signals: []
[VictoryBot][DEBUG] multi_timeframe_momentum_signals: []
[VictoryBot][DEBUG] event_signals: []
[VictoryBot][DEBUG] insurance_signals: []
[VictoryBot][DEBUG] hedge_signals: []
[VictoryBot][DEBUG] top_momentum_assets: []
[VictoryBot] Writing scan results (forced): {'momentum_signals': [], 'ml_signals': [], 'mean_reversion_signals': [], 'pair_trading_signals': [], 'yield_opportunities': [], 'volatility_breakout_signals': [], 'multi_timeframe_momentum_signals': [], 'event_signals': [], 'insurance_signals': [], 'hedge_signals': [], 'top_momentum_assets': [], 'diagnostics': {'num_symbols': 0, 'timestamp': '2025-10-11T12:44:12.355598'}}
[VictoryBot] write_scan_results called. Data: {'momentum_signals': [], 'ml_signals': [], 'diagnostics': {'num_symbols': 0, 'timestamp': '2025-10-11T12:44:12.355598', 'investable_usd': 0, 'investable_per_asset': 0, 'mean_reversion_signals': [], 'pair_trading_signals': [], 'yield_opportunities': [], 'volatility_breakout_signals': [], 'multi_timeframe_momentum_signals': [], 'event_signals': [], 'insurance_signals': [], 'hedge_signals': [], 'top_momentum_assets': []}, 'allocations': {}, 'notes': Full strategy integration. All signals/diagnostics included. No trades/allocations this cycle, but scan and reserves maintained.}
[VictoryBot] scan_results.json written: /Users/nicholaskramer/Downloads/victorychain_stack/runtime/scan_results.json
[VictoryBot] scan_log.jsonl appended: /Users/nicholaskramer/Downloads/victorychain_stack/runtime/scan_log.jsonl
[VictoryBot] Scan results written (forced update).
📊 Executing 0 positions simultaneously...

📊 EXECUTION SUMMARY
=========================
Execution ID: exec_1760201052
Execution time: 0.0 seconds
Target positions: 0
Portfolio fill rate: 0.0%
Portfolio flat: ✅
💾 Report saved: execution_report_exec_1760201052.json
[VictoryBot] Available USD balance: 0.0
[VictoryBot] Available USDT balance: 30.93978711
[VictoryBot] All unique quote assets: ['BTC', 'BUSD', 'DAI', 'ETH', 'USD', 'USD4', 'USDC', 'USDT', 'UST']
[VictoryBot] All available tradable USD/USDT-like pairs: ['BTC/USDT', 'ETH/USDT', 'XRP/USDT', 'BCH/USDT', 'LTC/USDT', 'BNB/USDT', 'ADA/USDT', 'BAT/USDT', 'ETC/USDT', 'XLM/USDT', 'ZRX/USDT', 'DOGE/USDT', 'ATOM/USDT', 'NEO/USDT', 'VET/USDT', 'QTUM/USDT', 'ONT/USDT', 'KNC/USDT', 'VTHO/USDT', 'COMP/USDT', 'ONE/USDT', 'BAND/USDT', 'STORJ/USDT', 'UNI/USDT', 'SOL/USDT', 'EGLD/USDT', 'PAXG/USDT', 'OXT/USDT', 'ZEN/USDT', 'BTC/USDC', 'FIL/USDT', 'AAVE/USDT', 'GRT/USDT', 'SHIB/USDT', 'CRV/USDT', 'AXS/USDT', 'AVAX/USDT', 'CTSI/USDT', 'DOT/USDT', 'YFI/USDT', '1INCH/USDT', 'USDC/USDT', 'ETH/USDC', 'MANA/USDT', 'ALGO/USDT', 'LINK/USDT', 'ZEC/USDT', 'ENJ/USDT', 'NEAR/USDT', 'SUSHI/USDT', 'LRC/USDT', 'LPT/USDT', 'NMR/USDT', 'SLP/USDT', 'CHZ/USDT', 'OGN/USDT', 'GALA/USDT', 'TLM/USDT', 'SNX/USDT', 'AUDIO/USDT', 'ENS/USDT', 'REQ/USDT', 'APE/USDT', 'FLUX/USDT', 'COTI/USDT', 'VOXEL/USDT', 'RLC/USDT', 'BICO/USDT', 'API3/USDT', 'BNT/USDT', 'IMX/USDT', 'FLOW/USDT', 'GTC/USDT', 'THETA/USDT', 'TFUEL/USDT', 'OCEAN/USDT', 'LAZIO/USDT', 'SANTOS/USDT', 'ALPINE/USDT', 'PORTO/USDT', 'CELR/USDT', 'SKL/USDT', 'WAXP/USDT', 'LTO/USDT', 'FET/USDT', 'ICP/USDT', 'T/USDT', 'OP/USDT', 'ROSE/USDT', 'CELO/USDT', 'KDA/USDT', 'KSM/USDT', 'ACH/USDT', 'SYS/USDT', 'RAD/USDT', 'ILV/USDT', 'LDO/USDT', 'RARE/USDT', 'LSK/USDT', 'DGB/USDT', 'REEF/USDT', 'ALICE/USDT', 'FORTH/USDT', 'ASTR/USDT', 'BTRST/USDT', 'SAND/USDT', 'GLM/USDT', 'QNT/USDT', 'STG/USDT', 'AXL/USDT', 'KAVA/USDT', 'APT/USDT', 'MASK/USDT', 'BOSON/USDT', 'POND/USDT', 'SOL/USDC', 'ADA/USDC', 'JAM/USDT', 'TRAC/USDT', 'PROM/USDT', 'DIA/USDT', 'LOOM/USDT', 'STMX/USDT', 'BTC/USD', 'ETH/USD', 'BCH/USD', 'LTC/USD', 'USDT/USD', 'BNB/USD', 'ADA/USD', 'ETC/USD', 'XLM/USD', 'LINK/USD', 'RVN/USD', 'ALGO/USD', 'IOTA/USD', 'ATOM/USD', 'ZIL/USD', 'VET/USD', 'HBAR/USD', 'DOGE/USD', 'VTHO/USD', 'USDC/USD', 'ONE/USD', 'UNI/USD', 'SOL/USD', 'AAVE/USD', 'GRT/USD', 'SUSHI/USD', 'CRV/USD', 'AVAX/USD', 'DOT/USD', 'NEAR/USD', 'LPT/USD', 'GALA/USD', 'ENS/USD', 'THETA/USD', 'FET/USD', 'ICP/USD', 'OP/USD', 'KDA/USD', 'DGB/USD', 'SAND/USD', 'SHIB/USD', 'POLYX/USDT', 'IOST/USDT', 'ARB/USDT', 'FLOKI/USDT', 'FLOKI/USD', 'XEC/USDT', 'BLUR/USDT', 'ANKR/USDT', 'DAI/USDT', 'DASH/USDT', 'HBAR/USDT', 'ICX/USDT', 'IOTA/USDT', 'RVN/USDT', 'XNO/USDT', 'XTZ/USDT', 'ZIL/USDT', 'ORBS/USDT', 'ADX/USDT', 'FORT/USDT', 'SUI/USDT', 'ONG/USDT', 'G/USDT', 'RENDER/USDT', 'BONK/USDT', 'MAGIC/USDT', 'PEPE/USDT', 'WIF/USDT', 'IOTX/USDT', 'PNUT/USDT', 'PENGU/USDT', 'POL/USDT', 'TRUMP/USDT', 'NEIRO/USDT', 'SUI/USD', 'XRP/USD', 'BONK/USD', 'PEPE/USD', 'POL/USD', 'RENDER/USD', 'TRUMP/USD', 'EIGEN/USDT', 'ME/USDT', 'ME/USD', 'D/USDT', 'METIS/USDT', 'JUP/USD', 'JUP/USDT', 'S/USD', 'S/USDT', 'JTO/USDT', 'ORCA/USDT', 'DATA/USDT', 'VIRTUAL/USDT', 'AIXBT/USDT', 'KAITO/USDT', 'TURBO/USDT', 'HYPE/USD', 'HYPE/USDT', 'ENA/USDT', 'LAYER/USDT', 'FARTCOIN/USDT', 'SPX/USDT', 'POPCAT/USDT', 'MOODENG/USDT', 'ANIME/USDT', '1000MOG/USDT', 'ONDO/USDT', '1000REKT/USDT', 'XDC/USDT', 'BRETT/USDT', 'WLD/USDT', 'TOSHI/USDT', 'USELESS/USDT', 'A2Z/USDT', 'NOBODY/USDT', 'PUMP/USDT', 'A/USDT', 'MEW/USDT', 'SKY/USDT', 'GIGA/USDT', 'DOOD/USDT']
[VictoryBot] ISO 20022 tradable USD/USDT-like pairs: ['XRP/USDT', 'XLM/USDT', 'ALGO/USDT', 'QNT/USDT', 'XLM/USD', 'ALGO/USD', 'IOTA/USD', 'HBAR/USD', 'HBAR/USDT', 'IOTA/USDT', 'XRP/USD', 'XDC/USDT']
[VictoryBot] Top scored symbols: ['XRP/USDT', 'XRP/USD', 'HBAR/USDT', 'XLM/USDT', 'HBAR/USD', 'ALGO/USDT', 'IOTA/USDT', 'XLM/USD', 'ALGO/USD', 'IOTA/USD']
[VictoryBot] Full scored universe: [('XRP/USDT', 1713779.0539443728, 3427558.13238, -0.09536016406049737, 0.1090828137517547, 0), ('XRP/USD', 540773.8203254278, 1081547.65426, -0.07439560439560441, 0.10342739412747474, 0), ('HBAR/USDT', 177522.37375354048, 355044.83732, -0.1560959102774823, 0.012815423832242144, 0), ('XLM/USDT', 137491.30696372304, 274982.6717, -0.10448979591836732, 0.016404412089434963, 0), ('HBAR/USD', 59318.753519047525, 118637.594, -0.1512832929782082, 0.012693569433378462, 0), ('ALGO/USDT', 50780.644796459506, 101561.3404, -0.09047844623401234, 0.011599955861984994, 0), ('IOTA/USDT', 36053.538214753964, 72107.1704, -0.16186635944700467, 0.010497745281725977, 0), ('XLM/USD', 22661.420674122797, 45322.877, -0.0676223965377332, 0.016405611722822164, 0), ('ALGO/USD', 14143.241077437737, 28286.5444, -0.11013011152416356, 0.01277647463113358, 0), ('IOTA/USD', 7601.6688352403535, 15203.42, -0.14177803602556655, 0.0091243410720994, 0)]
[VictoryBot] Momentum signals: ['XLM/USD', 'XRP/USD', 'ALGO/USDT', 'XRP/USDT', 'XLM/USDT']
[VictoryBot] ML signals: []
[VictoryBot] No open positions. Using available USD/USDT balance: 30.93978711
[VictoryBot] Portfolio sizing diagnostics:
  Investable USD: 27.845808399
  Investable per asset: 27.845808399
  XLM/USDT: ATR=0.0117, liquidity=75616.00, computed size=9.28
    Skipping XLM/USDT: size 9.28 below minimum order size.
[VictoryBot] Skipping reserve asset XRP: no valid tradable symbol or below min order size.
[VictoryBot] Skipping reserve asset HBAR: no valid tradable symbol or below min order size.
[VictoryBot] Skipping reserve asset LINK: no valid tradable symbol or below min order size.
[VictoryBot] Skipping reserve asset XLM: no valid tradable symbol or below min order size.
✅ Portfolio in balance. No rebalancing needed.
[VictoryBot] Final target allocations: {}
🚀 EXECUTING PORTFOLIO LADDER
========================================
[VictoryBot] execute_portfolio_ladder called. long_positions: {}, hedge_positions: {}
[VictoryBot][DEBUG] execute_portfolio_ladder symbols: []
[VictoryBot][DEBUG] run_all_strategies called with symbols: []
[VictoryBot][DEBUG] momentum_signals: []
[VictoryBot][DEBUG] ml_signals: []
[VictoryBot][DEBUG] mean_reversion_signals: []
[VictoryBot][DEBUG] pair_trading_signals: []
[VictoryBot][DEBUG] yield_opportunities: []
[VictoryBot][DEBUG] volatility_breakout_signals: []
[VictoryBot][DEBUG] multi_timeframe_momentum_signals: []
[VictoryBot][DEBUG] event_signals: []
[VictoryBot][DEBUG] insurance_signals: []
[VictoryBot][DEBUG] hedge_signals: []
[VictoryBot][DEBUG] top_momentum_assets: []
[VictoryBot] Writing scan results (forced): {'momentum_signals': [], 'ml_signals': [], 'mean_reversion_signals': [], 'pair_trading_signals': [], 'yield_opportunities': [], 'volatility_breakout_signals': [], 'multi_timeframe_momentum_signals': [], 'event_signals': [], 'insurance_signals': [], 'hedge_signals': [], 'top_momentum_assets': [], 'diagnostics': {'num_symbols': 0, 'timestamp': '2025-10-11T12:45:36.714703'}}
[VictoryBot] write_scan_results called. Data: {'momentum_signals': [], 'ml_signals': [], 'diagnostics': {'num_symbols': 0, 'timestamp': '2025-10-11T12:45:36.714703', 'investable_usd': 0, 'investable_per_asset': 0, 'mean_reversion_signals': [], 'pair_trading_signals': [], 'yield_opportunities': [], 'volatility_breakout_signals': [], 'multi_timeframe_momentum_signals': [], 'event_signals': [], 'insurance_signals': [], 'hedge_signals': [], 'top_momentum_assets': []}, 'allocations': {}, 'notes': Full strategy integration. All signals/diagnostics included. No trades/allocations this cycle, but scan and reserves maintained.}
[VictoryBot] scan_results.json written: /Users/nicholaskramer/Downloads/victorychain_stack/runtime/scan_results.json
[VictoryBot] scan_log.jsonl appended: /Users/nicholaskramer/Downloads/victorychain_stack/runtime/scan_log.jsonl
[VictoryBot] Scan results written (forced update).
📊 Executing 0 positions simultaneously...

📊 EXECUTION SUMMARY
=========================
Execution ID: exec_1760201136
Execution time: 0.0 seconds
Target positions: 0
Portfolio fill rate: 0.0%
Portfolio flat: ✅
💾 Report saved: execution_report_exec_1760201136.json
[VictoryBot] Available USD balance: 0.0
[VictoryBot] Available USDT balance: 30.93978711
[VictoryBot] All unique quote assets: ['BTC', 'BUSD', 'DAI', 'ETH', 'USD', 'USD4', 'USDC', 'USDT', 'UST']
[VictoryBot] All available tradable USD/USDT-like pairs: ['BTC/USDT', 'ETH/USDT', 'XRP/USDT', 'BCH/USDT', 'LTC/USDT', 'BNB/USDT', 'ADA/USDT', 'BAT/USDT', 'ETC/USDT', 'XLM/USDT', 'ZRX/USDT', 'DOGE/USDT', 'ATOM/USDT', 'NEO/USDT', 'VET/USDT', 'QTUM/USDT', 'ONT/USDT', 'KNC/USDT', 'VTHO/USDT', 'COMP/USDT', 'ONE/USDT', 'BAND/USDT', 'STORJ/USDT', 'UNI/USDT', 'SOL/USDT', 'EGLD/USDT', 'PAXG/USDT', 'OXT/USDT', 'ZEN/USDT', 'BTC/USDC', 'FIL/USDT', 'AAVE/USDT', 'GRT/USDT', 'SHIB/USDT', 'CRV/USDT', 'AXS/USDT', 'AVAX/USDT', 'CTSI/USDT', 'DOT/USDT', 'YFI/USDT', '1INCH/USDT', 'USDC/USDT', 'ETH/USDC', 'MANA/USDT', 'ALGO/USDT', 'LINK/USDT', 'ZEC/USDT', 'ENJ/USDT', 'NEAR/USDT', 'SUSHI/USDT', 'LRC/USDT', 'LPT/USDT', 'NMR/USDT', 'SLP/USDT', 'CHZ/USDT', 'OGN/USDT', 'GALA/USDT', 'TLM/USDT', 'SNX/USDT', 'AUDIO/USDT', 'ENS/USDT', 'REQ/USDT', 'APE/USDT', 'FLUX/USDT', 'COTI/USDT', 'VOXEL/USDT', 'RLC/USDT', 'BICO/USDT', 'API3/USDT', 'BNT/USDT', 'IMX/USDT', 'FLOW/USDT', 'GTC/USDT', 'THETA/USDT', 'TFUEL/USDT', 'OCEAN/USDT', 'LAZIO/USDT', 'SANTOS/USDT', 'ALPINE/USDT', 'PORTO/USDT', 'CELR/USDT', 'SKL/USDT', 'WAXP/USDT', 'LTO/USDT', 'FET/USDT', 'ICP/USDT', 'T/USDT', 'OP/USDT', 'ROSE/USDT', 'CELO/USDT', 'KDA/USDT', 'KSM/USDT', 'ACH/USDT', 'SYS/USDT', 'RAD/USDT', 'ILV/USDT', 'LDO/USDT', 'RARE/USDT', 'LSK/USDT', 'DGB/USDT', 'REEF/USDT', 'ALICE/USDT', 'FORTH/USDT', 'ASTR/USDT', 'BTRST/USDT', 'SAND/USDT', 'GLM/USDT', 'QNT/USDT', 'STG/USDT', 'AXL/USDT', 'KAVA/USDT', 'APT/USDT', 'MASK/USDT', 'BOSON/USDT', 'POND/USDT', 'SOL/USDC', 'ADA/USDC', 'JAM/USDT', 'TRAC/USDT', 'PROM/USDT', 'DIA/USDT', 'LOOM/USDT', 'STMX/USDT', 'BTC/USD', 'ETH/USD', 'BCH/USD', 'LTC/USD', 'USDT/USD', 'BNB/USD', 'ADA/USD', 'ETC/USD', 'XLM/USD', 'LINK/USD', 'RVN/USD', 'ALGO/USD', 'IOTA/USD', 'ATOM/USD', 'ZIL/USD', 'VET/USD', 'HBAR/USD', 'DOGE/USD', 'VTHO/USD', 'USDC/USD', 'ONE/USD', 'UNI/USD', 'SOL/USD', 'AAVE/USD', 'GRT/USD', 'SUSHI/USD', 'CRV/USD', 'AVAX/USD', 'DOT/USD', 'NEAR/USD', 'LPT/USD', 'GALA/USD', 'ENS/USD', 'THETA/USD', 'FET/USD', 'ICP/USD', 'OP/USD', 'KDA/USD', 'DGB/USD', 'SAND/USD', 'SHIB/USD', 'POLYX/USDT', 'IOST/USDT', 'ARB/USDT', 'FLOKI/USDT', 'FLOKI/USD', 'XEC/USDT', 'BLUR/USDT', 'ANKR/USDT', 'DAI/USDT', 'DASH/USDT', 'HBAR/USDT', 'ICX/USDT', 'IOTA/USDT', 'RVN/USDT', 'XNO/USDT', 'XTZ/USDT', 'ZIL/USDT', 'ORBS/USDT', 'ADX/USDT', 'FORT/USDT', 'SUI/USDT', 'ONG/USDT', 'G/USDT', 'RENDER/USDT', 'BONK/USDT', 'MAGIC/USDT', 'PEPE/USDT', 'WIF/USDT', 'IOTX/USDT', 'PNUT/USDT', 'PENGU/USDT', 'POL/USDT', 'TRUMP/USDT', 'NEIRO/USDT', 'SUI/USD', 'XRP/USD', 'BONK/USD', 'PEPE/USD', 'POL/USD', 'RENDER/USD', 'TRUMP/USD', 'EIGEN/USDT', 'ME/USDT', 'ME/USD', 'D/USDT', 'METIS/USDT', 'JUP/USD', 'JUP/USDT', 'S/USD', 'S/USDT', 'JTO/USDT', 'ORCA/USDT', 'DATA/USDT', 'VIRTUAL/USDT', 'AIXBT/USDT', 'KAITO/USDT', 'TURBO/USDT', 'HYPE/USD', 'HYPE/USDT', 'ENA/USDT', 'LAYER/USDT', 'FARTCOIN/USDT', 'SPX/USDT', 'POPCAT/USDT', 'MOODENG/USDT', 'ANIME/USDT', '1000MOG/USDT', 'ONDO/USDT', '1000REKT/USDT', 'XDC/USDT', 'BRETT/USDT', 'WLD/USDT', 'TOSHI/USDT', 'USELESS/USDT', 'A2Z/USDT', 'NOBODY/USDT', 'PUMP/USDT', 'A/USDT', 'MEW/USDT', 'SKY/USDT', 'GIGA/USDT', 'DOOD/USDT']
[VictoryBot] ISO 20022 tradable USD/USDT-like pairs: ['XRP/USDT', 'XLM/USDT', 'ALGO/USDT', 'QNT/USDT', 'XLM/USD', 'ALGO/USD', 'IOTA/USD', 'HBAR/USD', 'HBAR/USDT', 'IOTA/USDT', 'XRP/USD', 'XDC/USDT']
[VictoryBot] Top scored symbols: ['XRP/USDT', 'XRP/USD', 'HBAR/USDT', 'XLM/USDT', 'HBAR/USD', 'ALGO/USDT', 'IOTA/USDT', 'XLM/USD', 'ALGO/USD', 'IOTA/USD']
[VictoryBot] Full scored universe: [('XRP/USDT', 1713590.7373629676, 3427181.4981, -0.09349251107774566, 0.10907147264064974, 0), ('XRP/USD', 526569.1360254278, 1053138.28566, -0.07439560439560441, 0.10342739412747474, 0), ('HBAR/USDT', 177520.98359693136, 355042.06002, -0.16112346514550904, 0.012826472649953298, 0), ('XLM/USDT', 137491.30696372304, 274982.6717, -0.10448979591836732, 0.016404412089434963, 0), ('HBAR/USD', 59318.753519047525, 118637.594, -0.1512832929782082, 0.012693569433378462, 0), ('ALGO/USDT', 50756.051646459506, 101512.1541, -0.09047844623401234, 0.011599955861984994, 0), ('IOTA/USDT', 36075.36321475396, 72150.8204, -0.16186635944700467, 0.010497745281725977, 0), ('XLM/USD', 22661.420674122797, 45322.877, -0.0676223965377332, 0.016405611722822164, 0), ('ALGO/USD', 14143.241077437737, 28286.5444, -0.11013011152416356, 0.01277647463113358, 0), ('IOTA/USD', 7601.6688352403535, 15203.42, -0.14177803602556655, 0.0091243410720994, 0)]
[VictoryBot] Momentum signals: ['XLM/USD', 'XRP/USD', 'ALGO/USDT', 'XRP/USDT', 'XLM/USDT']
[VictoryBot] ML signals: []
[VictoryBot] No open positions. Using available USD/USDT balance: 30.93978711
[VictoryBot] Portfolio sizing diagnostics:
  Investable USD: 27.845808399
  Investable per asset: 27.845808399
  XLM/USDT: ATR=0.0117, liquidity=71556.00, computed size=9.28
    Skipping XLM/USDT: size 9.28 below minimum order size.
[VictoryBot] Skipping reserve asset XRP: no valid tradable symbol or below min order size.
[VictoryBot] Skipping reserve asset HBAR: no valid tradable symbol or below min order size.
[VictoryBot] Skipping reserve asset LINK: no valid tradable symbol or below min order size.
[VictoryBot] Skipping reserve asset XLM: no valid tradable symbol or below min order size.
✅ Portfolio in balance. No rebalancing needed.
[VictoryBot] Final target allocations: {}
🚀 EXECUTING PORTFOLIO LADDER
========================================
[VictoryBot] execute_portfolio_ladder called. long_positions: {}, hedge_positions: {}
[VictoryBot][DEBUG] execute_portfolio_ladder symbols: []
[VictoryBot][DEBUG] run_all_strategies called with symbols: []
[VictoryBot][DEBUG] momentum_signals: []
[VictoryBot][DEBUG] ml_signals: []
[VictoryBot][DEBUG] mean_reversion_signals: []
[VictoryBot][DEBUG] pair_trading_signals: []
[VictoryBot][DEBUG] yield_opportunities: []
[VictoryBot][DEBUG] volatility_breakout_signals: []
[VictoryBot][DEBUG] multi_timeframe_momentum_signals: []
[VictoryBot][DEBUG] event_signals: []
[VictoryBot][DEBUG] insurance_signals: []
[VictoryBot][DEBUG] hedge_signals: []
[VictoryBot][DEBUG] top_momentum_assets: []
[VictoryBot] Writing scan results (forced): {'momentum_signals': [], 'ml_signals': [], 'mean_reversion_signals': [], 'pair_trading_signals': [], 'yield_opportunities': [], 'volatility_breakout_signals': [], 'multi_timeframe_momentum_signals': [], 'event_signals': [], 'insurance_signals': [], 'hedge_signals': [], 'top_momentum_assets': [], 'diagnostics': {'num_symbols': 0, 'timestamp': '2025-10-11T12:47:00.791273'}}
[VictoryBot] write_scan_results called. Data: {'momentum_signals': [], 'ml_signals': [], 'diagnostics': {'num_symbols': 0, 'timestamp': '2025-10-11T12:47:00.791273', 'investable_usd': 0, 'investable_per_asset': 0, 'mean_reversion_signals': [], 'pair_trading_signals': [], 'yield_opportunities': [], 'volatility_breakout_signals': [], 'multi_timeframe_momentum_signals': [], 'event_signals': [], 'insurance_signals': [], 'hedge_signals': [], 'top_momentum_assets': []}, 'allocations': {}, 'notes': Full strategy integration. All signals/diagnostics included. No trades/allocations this cycle, but scan and reserves maintained.}
[VictoryBot] scan_results.json written: /Users/nicholaskramer/Downloads/victorychain_stack/runtime/scan_results.json
[VictoryBot] scan_log.jsonl appended: /Users/nicholaskramer/Downloads/victorychain_stack/runtime/scan_log.jsonl
[VictoryBot] Scan results written (forced update).
📊 Executing 0 positions simultaneously...

📊 EXECUTION SUMMARY
=========================
Execution ID: exec_1760201220
Execution time: 0.0 seconds
Target positions: 0
Portfolio fill rate: 0.0%
Portfolio flat: ✅
💾 Report saved: execution_report_exec_1760201220.json
[VictoryBot] Available USD balance: 0.0
[VictoryBot] Available USDT balance: 30.93978711
[VictoryBot] All unique quote assets: ['BTC', 'BUSD', 'DAI', 'ETH', 'USD', 'USD4', 'USDC', 'USDT', 'UST']
[VictoryBot] All available tradable USD/USDT-like pairs: ['BTC/USDT', 'ETH/USDT', 'XRP/USDT', 'BCH/USDT', 'LTC/USDT', 'BNB/USDT', 'ADA/USDT', 'BAT/USDT', 'ETC/USDT', 'XLM/USDT', 'ZRX/USDT', 'DOGE/USDT', 'ATOM/USDT', 'NEO/USDT', 'VET/USDT', 'QTUM/USDT', 'ONT/USDT', 'KNC/USDT', 'VTHO/USDT', 'COMP/USDT', 'ONE/USDT', 'BAND/USDT', 'STORJ/USDT', 'UNI/USDT', 'SOL/USDT', 'EGLD/USDT', 'PAXG/USDT', 'OXT/USDT', 'ZEN/USDT', 'BTC/USDC', 'FIL/USDT', 'AAVE/USDT', 'GRT/USDT', 'SHIB/USDT', 'CRV/USDT', 'AXS/USDT', 'AVAX/USDT', 'CTSI/USDT', 'DOT/USDT', 'YFI/USDT', '1INCH/USDT', 'USDC/USDT', 'ETH/USDC', 'MANA/USDT', 'ALGO/USDT', 'LINK/USDT', 'ZEC/USDT', 'ENJ/USDT', 'NEAR/USDT', 'SUSHI/USDT', 'LRC/USDT', 'LPT/USDT', 'NMR/USDT', 'SLP/USDT', 'CHZ/USDT', 'OGN/USDT', 'GALA/USDT', 'TLM/USDT', 'SNX/USDT', 'AUDIO/USDT', 'ENS/USDT', 'REQ/USDT', 'APE/USDT', 'FLUX/USDT', 'COTI/USDT', 'VOXEL/USDT', 'RLC/USDT', 'BICO/USDT', 'API3/USDT', 'BNT/USDT', 'IMX/USDT', 'FLOW/USDT', 'GTC/USDT', 'THETA/USDT', 'TFUEL/USDT', 'OCEAN/USDT', 'LAZIO/USDT', 'SANTOS/USDT', 'ALPINE/USDT', 'PORTO/USDT', 'CELR/USDT', 'SKL/USDT', 'WAXP/USDT', 'LTO/USDT', 'FET/USDT', 'ICP/USDT', 'T/USDT', 'OP/USDT', 'ROSE/USDT', 'CELO/USDT', 'KDA/USDT', 'KSM/USDT', 'ACH/USDT', 'SYS/USDT', 'RAD/USDT', 'ILV/USDT', 'LDO/USDT', 'RARE/USDT', 'LSK/USDT', 'DGB/USDT', 'REEF/USDT', 'ALICE/USDT', 'FORTH/USDT', 'ASTR/USDT', 'BTRST/USDT', 'SAND/USDT', 'GLM/USDT', 'QNT/USDT', 'STG/USDT', 'AXL/USDT', 'KAVA/USDT', 'APT/USDT', 'MASK/USDT', 'BOSON/USDT', 'POND/USDT', 'SOL/USDC', 'ADA/USDC', 'JAM/USDT', 'TRAC/USDT', 'PROM/USDT', 'DIA/USDT', 'LOOM/USDT', 'STMX/USDT', 'BTC/USD', 'ETH/USD', 'BCH/USD', 'LTC/USD', 'USDT/USD', 'BNB/USD', 'ADA/USD', 'ETC/USD', 'XLM/USD', 'LINK/USD', 'RVN/USD', 'ALGO/USD', 'IOTA/USD', 'ATOM/USD', 'ZIL/USD', 'VET/USD', 'HBAR/USD', 'DOGE/USD', 'VTHO/USD', 'USDC/USD', 'ONE/USD', 'UNI/USD', 'SOL/USD', 'AAVE/USD', 'GRT/USD', 'SUSHI/USD', 'CRV/USD', 'AVAX/USD', 'DOT/USD', 'NEAR/USD', 'LPT/USD', 'GALA/USD', 'ENS/USD', 'THETA/USD', 'FET/USD', 'ICP/USD', 'OP/USD', 'KDA/USD', 'DGB/USD', 'SAND/USD', 'SHIB/USD', 'POLYX/USDT', 'IOST/USDT', 'ARB/USDT', 'FLOKI/USDT', 'FLOKI/USD', 'XEC/USDT', 'BLUR/USDT', 'ANKR/USDT', 'DAI/USDT', 'DASH/USDT', 'HBAR/USDT', 'ICX/USDT', 'IOTA/USDT', 'RVN/USDT', 'XNO/USDT', 'XTZ/USDT', 'ZIL/USDT', 'ORBS/USDT', 'ADX/USDT', 'FORT/USDT', 'SUI/USDT', 'ONG/USDT', 'G/USDT', 'RENDER/USDT', 'BONK/USDT', 'MAGIC/USDT', 'PEPE/USDT', 'WIF/USDT', 'IOTX/USDT', 'PNUT/USDT', 'PENGU/USDT', 'POL/USDT', 'TRUMP/USDT', 'NEIRO/USDT', 'SUI/USD', 'XRP/USD', 'BONK/USD', 'PEPE/USD', 'POL/USD', 'RENDER/USD', 'TRUMP/USD', 'EIGEN/USDT', 'ME/USDT', 'ME/USD', 'D/USDT', 'METIS/USDT', 'JUP/USD', 'JUP/USDT', 'S/USD', 'S/USDT', 'JTO/USDT', 'ORCA/USDT', 'DATA/USDT', 'VIRTUAL/USDT', 'AIXBT/USDT', 'KAITO/USDT', 'TURBO/USDT', 'HYPE/USD', 'HYPE/USDT', 'ENA/USDT', 'LAYER/USDT', 'FARTCOIN/USDT', 'SPX/USDT', 'POPCAT/USDT', 'MOODENG/USDT', 'ANIME/USDT', '1000MOG/USDT', 'ONDO/USDT', '1000REKT/USDT', 'XDC/USDT', 'BRETT/USDT', 'WLD/USDT', 'TOSHI/USDT', 'USELESS/USDT', 'A2Z/USDT', 'NOBODY/USDT', 'PUMP/USDT', 'A/USDT', 'MEW/USDT', 'SKY/USDT', 'GIGA/USDT', 'DOOD/USDT']
[VictoryBot] ISO 20022 tradable USD/USDT-like pairs: ['XRP/USDT', 'XLM/USDT', 'ALGO/USDT', 'QNT/USDT', 'XLM/USD', 'ALGO/USD', 'IOTA/USD', 'HBAR/USD', 'HBAR/USDT', 'IOTA/USDT', 'XRP/USD', 'XDC/USDT']
[VictoryBot] Top scored symbols: ['XRP/USDT', 'XRP/USD', 'HBAR/USDT', 'XLM/USDT', 'HBAR/USD', 'ALGO/USDT', 'IOTA/USDT', 'XLM/USD', 'ALGO/USD', 'IOTA/USD']
[VictoryBot] Full scored universe: [('XRP/USDT', 1713590.7373629676, 3427181.4981, -0.09349251107774566, 0.10907147264064974, 0), ('XRP/USD', 526569.1360254278, 1053138.28566, -0.07439560439560441, 0.10342739412747474, 0), ('HBAR/USDT', 177520.98359693136, 355042.06002, -0.16112346514550904, 0.012826472649953298, 0), ('XLM/USDT', 137571.42674296722, 275142.9124, -0.10639455782312916, 0.01640889709883025, 0), ('HBAR/USD', 59318.753519047525, 118637.594, -0.1512832929782082, 0.012693569433378462, 0), ('ALGO/USDT', 50756.051646459506, 101512.1541, -0.09047844623401234, 0.011599955861984994, 0), ('IOTA/USDT', 36075.36321475396, 72150.8204, -0.16186635944700467, 0.010497745281725977, 0), ('XLM/USD', 22723.81505547433, 45447.6656, -0.0673519069515823, 0.01640697607726664, 0), ('ALGO/USD', 14143.241077437737, 28286.5444, -0.11013011152416356, 0.01277647463113358, 0), ('IOTA/USD', 7601.6688352403535, 15203.42, -0.14177803602556655, 0.0091243410720994, 0)]
[VictoryBot] Momentum signals: ['XLM/USD', 'XRP/USD', 'ALGO/USDT', 'XRP/USDT', 'XLM/USDT']
[VictoryBot] ML signals: []
[VictoryBot] No open positions. Using available USD/USDT balance: 30.93978711
[VictoryBot] Portfolio sizing diagnostics:
  Investable USD: 27.845808399
  Investable per asset: 27.845808399
  XLM/USDT: ATR=0.0117, liquidity=91176.00, computed size=9.28
    Skipping XLM/USDT: size 9.28 below minimum order size.
[VictoryBot] Skipping reserve asset XRP: no valid tradable symbol or below min order size.
[VictoryBot] Skipping reserve asset HBAR: no valid tradable symbol or below min order size.
[VictoryBot] Skipping reserve asset LINK: no valid tradable symbol or below min order size.
[VictoryBot] Skipping reserve asset XLM: no valid tradable symbol or below min order size.
✅ Portfolio in balance. No rebalancing needed.
[VictoryBot] Final target allocations: {}
🚀 EXECUTING PORTFOLIO LADDER
========================================
[VictoryBot] execute_portfolio_ladder called. long_positions: {}, hedge_positions: {}
[VictoryBot][DEBUG] execute_portfolio_ladder symbols: []
[VictoryBot][DEBUG] run_all_strategies called with symbols: []
[VictoryBot][DEBUG] momentum_signals: []
[VictoryBot][DEBUG] ml_signals: []
[VictoryBot][DEBUG] mean_reversion_signals: []
[VictoryBot][DEBUG] pair_trading_signals: []
[VictoryBot][DEBUG] yield_opportunities: []
[VictoryBot][DEBUG] volatility_breakout_signals: []
[VictoryBot][DEBUG] multi_timeframe_momentum_signals: []
[VictoryBot][DEBUG] event_signals: []
[VictoryBot][DEBUG] insurance_signals: []
[VictoryBot][DEBUG] hedge_signals: []
[VictoryBot][DEBUG] top_momentum_assets: []
[VictoryBot] Writing scan results (forced): {'momentum_signals': [], 'ml_signals': [], 'mean_reversion_signals': [], 'pair_trading_signals': [], 'yield_opportunities': [], 'volatility_breakout_signals': [], 'multi_timeframe_momentum_signals': [], 'event_signals': [], 'insurance_signals': [], 'hedge_signals': [], 'top_momentum_assets': [], 'diagnostics': {'num_symbols': 0, 'timestamp': '2025-10-11T12:48:25.093433'}}
[VictoryBot] write_scan_results called. Data: {'momentum_signals': [], 'ml_signals': [], 'diagnostics': {'num_symbols': 0, 'timestamp': '2025-10-11T12:48:25.093433', 'investable_usd': 0, 'investable_per_asset': 0, 'mean_reversion_signals': [], 'pair_trading_signals': [], 'yield_opportunities': [], 'volatility_breakout_signals': [], 'multi_timeframe_momentum_signals': [], 'event_signals': [], 'insurance_signals': [], 'hedge_signals': [], 'top_momentum_assets': []}, 'allocations': {}, 'notes': Full strategy integration. All signals/diagnostics included. No trades/allocations this cycle, but scan and reserves maintained.}
[VictoryBot] scan_results.json written: /Users/nicholaskramer/Downloads/victorychain_stack/runtime/scan_results.json
[VictoryBot] scan_log.jsonl appended: /Users/nicholaskramer/Downloads/victorychain_stack/runtime/scan_log.jsonl
[VictoryBot] Scan results written (forced update).
📊 Executing 0 positions simultaneously...

📊 EXECUTION SUMMARY
=========================
Execution ID: exec_1760201305
Execution time: 0.0 seconds
Target positions: 0
Portfolio fill rate: 0.0%
Portfolio flat: ✅
💾 Report saved: execution_report_exec_1760201305.json
[VictoryBot] Available USD balance: 0.0
[VictoryBot] Available USDT balance: 30.93978711
[VictoryBot] All unique quote assets: ['BTC', 'BUSD', 'DAI', 'ETH', 'USD', 'USD4', 'USDC', 'USDT', 'UST']
[VictoryBot] All available tradable USD/USDT-like pairs: ['BTC/USDT', 'ETH/USDT', 'XRP/USDT', 'BCH/USDT', 'LTC/USDT', 'BNB/USDT', 'ADA/USDT', 'BAT/USDT', 'ETC/USDT', 'XLM/USDT', 'ZRX/USDT', 'DOGE/USDT', 'ATOM/USDT', 'NEO/USDT', 'VET/USDT', 'QTUM/USDT', 'ONT/USDT', 'KNC/USDT', 'VTHO/USDT', 'COMP/USDT', 'ONE/USDT', 'BAND/USDT', 'STORJ/USDT', 'UNI/USDT', 'SOL/USDT', 'EGLD/USDT', 'PAXG/USDT', 'OXT/USDT', 'ZEN/USDT', 'BTC/USDC', 'FIL/USDT', 'AAVE/USDT', 'GRT/USDT', 'SHIB/USDT', 'CRV/USDT', 'AXS/USDT', 'AVAX/USDT', 'CTSI/USDT', 'DOT/USDT', 'YFI/USDT', '1INCH/USDT', 'USDC/USDT', 'ETH/USDC', 'MANA/USDT', 'ALGO/USDT', 'LINK/USDT', 'ZEC/USDT', 'ENJ/USDT', 'NEAR/USDT', 'SUSHI/USDT', 'LRC/USDT', 'LPT/USDT', 'NMR/USDT', 'SLP/USDT', 'CHZ/USDT', 'OGN/USDT', 'GALA/USDT', 'TLM/USDT', 'SNX/USDT', 'AUDIO/USDT', 'ENS/USDT', 'REQ/USDT', 'APE/USDT', 'FLUX/USDT', 'COTI/USDT', 'VOXEL/USDT', 'RLC/USDT', 'BICO/USDT', 'API3/USDT', 'BNT/USDT', 'IMX/USDT', 'FLOW/USDT', 'GTC/USDT', 'THETA/USDT', 'TFUEL/USDT', 'OCEAN/USDT', 'LAZIO/USDT', 'SANTOS/USDT', 'ALPINE/USDT', 'PORTO/USDT', 'CELR/USDT', 'SKL/USDT', 'WAXP/USDT', 'LTO/USDT', 'FET/USDT', 'ICP/USDT', 'T/USDT', 'OP/USDT', 'ROSE/USDT', 'CELO/USDT', 'KDA/USDT', 'KSM/USDT', 'ACH/USDT', 'SYS/USDT', 'RAD/USDT', 'ILV/USDT', 'LDO/USDT', 'RARE/USDT', 'LSK/USDT', 'DGB/USDT', 'REEF/USDT', 'ALICE/USDT', 'FORTH/USDT', 'ASTR/USDT', 'BTRST/USDT', 'SAND/USDT', 'GLM/USDT', 'QNT/USDT', 'STG/USDT', 'AXL/USDT', 'KAVA/USDT', 'APT/USDT', 'MASK/USDT', 'BOSON/USDT', 'POND/USDT', 'SOL/USDC', 'ADA/USDC', 'JAM/USDT', 'TRAC/USDT', 'PROM/USDT', 'DIA/USDT', 'LOOM/USDT', 'STMX/USDT', 'BTC/USD', 'ETH/USD', 'BCH/USD', 'LTC/USD', 'USDT/USD', 'BNB/USD', 'ADA/USD', 'ETC/USD', 'XLM/USD', 'LINK/USD', 'RVN/USD', 'ALGO/USD', 'IOTA/USD', 'ATOM/USD', 'ZIL/USD', 'VET/USD', 'HBAR/USD', 'DOGE/USD', 'VTHO/USD', 'USDC/USD', 'ONE/USD', 'UNI/USD', 'SOL/USD', 'AAVE/USD', 'GRT/USD', 'SUSHI/USD', 'CRV/USD', 'AVAX/USD', 'DOT/USD', 'NEAR/USD', 'LPT/USD', 'GALA/USD', 'ENS/USD', 'THETA/USD', 'FET/USD', 'ICP/USD', 'OP/USD', 'KDA/USD', 'DGB/USD', 'SAND/USD', 'SHIB/USD', 'POLYX/USDT', 'IOST/USDT', 'ARB/USDT', 'FLOKI/USDT', 'FLOKI/USD', 'XEC/USDT', 'BLUR/USDT', 'ANKR/USDT', 'DAI/USDT', 'DASH/USDT', 'HBAR/USDT', 'ICX/USDT', 'IOTA/USDT', 'RVN/USDT', 'XNO/USDT', 'XTZ/USDT', 'ZIL/USDT', 'ORBS/USDT', 'ADX/USDT', 'FORT/USDT', 'SUI/USDT', 'ONG/USDT', 'G/USDT', 'RENDER/USDT', 'BONK/USDT', 'MAGIC/USDT', 'PEPE/USDT', 'WIF/USDT', 'IOTX/USDT', 'PNUT/USDT', 'PENGU/USDT', 'POL/USDT', 'TRUMP/USDT', 'NEIRO/USDT', 'SUI/USD', 'XRP/USD', 'BONK/USD', 'PEPE/USD', 'POL/USD', 'RENDER/USD', 'TRUMP/USD', 'EIGEN/USDT', 'ME/USDT', 'ME/USD', 'D/USDT', 'METIS/USDT', 'JUP/USD', 'JUP/USDT', 'S/USD', 'S/USDT', 'JTO/USDT', 'ORCA/USDT', 'DATA/USDT', 'VIRTUAL/USDT', 'AIXBT/USDT', 'KAITO/USDT', 'TURBO/USDT', 'HYPE/USD', 'HYPE/USDT', 'ENA/USDT', 'LAYER/USDT', 'FARTCOIN/USDT', 'SPX/USDT', 'POPCAT/USDT', 'MOODENG/USDT', 'ANIME/USDT', '1000MOG/USDT', 'ONDO/USDT', '1000REKT/USDT', 'XDC/USDT', 'BRETT/USDT', 'WLD/USDT', 'TOSHI/USDT', 'USELESS/USDT', 'A2Z/USDT', 'NOBODY/USDT', 'PUMP/USDT', 'A/USDT', 'MEW/USDT', 'SKY/USDT', 'GIGA/USDT', 'DOOD/USDT']
[VictoryBot] ISO 20022 tradable USD/USDT-like pairs: ['XRP/USDT', 'XLM/USDT', 'ALGO/USDT', 'QNT/USDT', 'XLM/USD', 'ALGO/USD', 'IOTA/USD', 'HBAR/USD', 'HBAR/USDT', 'IOTA/USDT', 'XRP/USD', 'XDC/USDT']
[VictoryBot] Top scored symbols: ['XRP/USDT', 'XRP/USD', 'HBAR/USDT', 'XLM/USDT', 'HBAR/USD', 'ALGO/USDT', 'IOTA/USDT', 'XLM/USD', 'ALGO/USD', 'IOTA/USD']
[VictoryBot] Full scored universe: [('XRP/USDT', 1713156.1145929676, 3426312.25256, -0.09349251107774566, 0.10907147264064974, 0), ('XRP/USD', 526593.8637842453, 1053187.74283, -0.07710622710622715, 0.10334075641294677, 0), ('HBAR/USDT', 177421.01823693136, 354842.1293, -0.16112346514550904, 0.012826472649953298, 0), ('XLM/USDT', 137571.42674296722, 275142.9124, -0.10639455782312916, 0.01640889709883025, 0), ('HBAR/USD', 59318.753519047525, 118637.594, -0.1512832929782082, 0.012693569433378462, 0), ('ALGO/USDT', 50756.051646459506, 101512.1541, -0.09047844623401234, 0.011599955861984994, 0), ('IOTA/USDT', 36075.36321475396, 72150.8204, -0.16186635944700467, 0.010497745281725977, 0), ('XLM/USD', 22723.81505547433, 45447.6656, -0.0673519069515823, 0.01640697607726664, 0), ('ALGO/USD', 14143.241077437737, 28286.5444, -0.11013011152416356, 0.01277647463113358, 0), ('IOTA/USD', 7601.6688352403535, 15203.42, -0.14177803602556655, 0.0091243410720994, 0)]
[VictoryBot] Momentum signals: ['XLM/USD', 'XRP/USD', 'ALGO/USDT', 'XRP/USDT', 'XLM/USDT']
[VictoryBot] ML signals: []
[VictoryBot] No open positions. Using available USD/USDT balance: 30.93978711
[VictoryBot] Portfolio sizing diagnostics:
  Investable USD: 27.845808399
  Investable per asset: 27.845808399
  XLM/USDT: ATR=0.0117, liquidity=73015.00, computed size=9.28
    Skipping XLM/USDT: size 9.28 below minimum order size.
[VictoryBot] Skipping reserve asset XRP: no valid tradable symbol or below min order size.
[VictoryBot] Skipping reserve asset HBAR: no valid tradable symbol or below min order size.
[VictoryBot] Skipping reserve asset LINK: no valid tradable symbol or below min order size.
[VictoryBot] Skipping reserve asset XLM: no valid tradable symbol or below min order size.
✅ Portfolio in balance. No rebalancing needed.
[VictoryBot] Final target allocations: {}
🚀 EXECUTING PORTFOLIO LADDER
========================================
[VictoryBot] execute_portfolio_ladder called. long_positions: {}, hedge_positions: {}
[VictoryBot][DEBUG] execute_portfolio_ladder symbols: []
[VictoryBot][DEBUG] run_all_strategies called with symbols: []
[VictoryBot][DEBUG] momentum_signals: []
[VictoryBot][DEBUG] ml_signals: []
[VictoryBot][DEBUG] mean_reversion_signals: []
[VictoryBot][DEBUG] pair_trading_signals: []
[VictoryBot][DEBUG] yield_opportunities: []
[VictoryBot][DEBUG] volatility_breakout_signals: []
[VictoryBot][DEBUG] multi_timeframe_momentum_signals: []
[VictoryBot][DEBUG] event_signals: []
[VictoryBot][DEBUG] insurance_signals: []
[VictoryBot][DEBUG] hedge_signals: []
[VictoryBot][DEBUG] top_momentum_assets: []
[VictoryBot] Writing scan results (forced): {'momentum_signals': [], 'ml_signals': [], 'mean_reversion_signals': [], 'pair_trading_signals': [], 'yield_opportunities': [], 'volatility_breakout_signals': [], 'multi_timeframe_momentum_signals': [], 'event_signals': [], 'insurance_signals': [], 'hedge_signals': [], 'top_momentum_assets': [], 'diagnostics': {'num_symbols': 0, 'timestamp': '2025-10-11T12:49:49.313636'}}
[VictoryBot] write_scan_results called. Data: {'momentum_signals': [], 'ml_signals': [], 'diagnostics': {'num_symbols': 0, 'timestamp': '2025-10-11T12:49:49.313636', 'investable_usd': 0, 'investable_per_asset': 0, 'mean_reversion_signals': [], 'pair_trading_signals': [], 'yield_opportunities': [], 'volatility_breakout_signals': [], 'multi_timeframe_momentum_signals': [], 'event_signals': [], 'insurance_signals': [], 'hedge_signals': [], 'top_momentum_assets': []}, 'allocations': {}, 'notes': Full strategy integration. All signals/diagnostics included. No trades/allocations this cycle, but scan and reserves maintained.}
[VictoryBot] scan_results.json written: /Users/nicholaskramer/Downloads/victorychain_stack/runtime/scan_results.json
[VictoryBot] scan_log.jsonl appended: /Users/nicholaskramer/Downloads/victorychain_stack/runtime/scan_log.jsonl
[VictoryBot] Scan results written (forced update).
📊 Executing 0 positions simultaneously...

📊 EXECUTION SUMMARY
=========================
Execution ID: exec_1760201389
Execution time: 0.0 seconds
Target positions: 0
Portfolio fill rate: 0.0%
Portfolio flat: ✅
💾 Report saved: execution_report_exec_1760201389.json
[VictoryBot] Available USD balance: 0.0
[VictoryBot] Available USDT balance: 30.93978711
[VictoryBot] All unique quote assets: ['BTC', 'BUSD', 'DAI', 'ETH', 'USD', 'USD4', 'USDC', 'USDT', 'UST']
[VictoryBot] All available tradable USD/USDT-like pairs: ['BTC/USDT', 'ETH/USDT', 'XRP/USDT', 'BCH/USDT', 'LTC/USDT', 'BNB/USDT', 'ADA/USDT', 'BAT/USDT', 'ETC/USDT', 'XLM/USDT', 'ZRX/USDT', 'DOGE/USDT', 'ATOM/USDT', 'NEO/USDT', 'VET/USDT', 'QTUM/USDT', 'ONT/USDT', 'KNC/USDT', 'VTHO/USDT', 'COMP/USDT', 'ONE/USDT', 'BAND/USDT', 'STORJ/USDT', 'UNI/USDT', 'SOL/USDT', 'EGLD/USDT', 'PAXG/USDT', 'OXT/USDT', 'ZEN/USDT', 'BTC/USDC', 'FIL/USDT', 'AAVE/USDT', 'GRT/USDT', 'SHIB/USDT', 'CRV/USDT', 'AXS/USDT', 'AVAX/USDT', 'CTSI/USDT', 'DOT/USDT', 'YFI/USDT', '1INCH/USDT', 'USDC/USDT', 'ETH/USDC', 'MANA/USDT', 'ALGO/USDT', 'LINK/USDT', 'ZEC/USDT', 'ENJ/USDT', 'NEAR/USDT', 'SUSHI/USDT', 'LRC/USDT', 'LPT/USDT', 'NMR/USDT', 'SLP/USDT', 'CHZ/USDT', 'OGN/USDT', 'GALA/USDT', 'TLM/USDT', 'SNX/USDT', 'AUDIO/USDT', 'ENS/USDT', 'REQ/USDT', 'APE/USDT', 'FLUX/USDT', 'COTI/USDT', 'VOXEL/USDT', 'RLC/USDT', 'BICO/USDT', 'API3/USDT', 'BNT/USDT', 'IMX/USDT', 'FLOW/USDT', 'GTC/USDT', 'THETA/USDT', 'TFUEL/USDT', 'OCEAN/USDT', 'LAZIO/USDT', 'SANTOS/USDT', 'ALPINE/USDT', 'PORTO/USDT', 'CELR/USDT', 'SKL/USDT', 'WAXP/USDT', 'LTO/USDT', 'FET/USDT', 'ICP/USDT', 'T/USDT', 'OP/USDT', 'ROSE/USDT', 'CELO/USDT', 'KDA/USDT', 'KSM/USDT', 'ACH/USDT', 'SYS/USDT', 'RAD/USDT', 'ILV/USDT', 'LDO/USDT', 'RARE/USDT', 'LSK/USDT', 'DGB/USDT', 'REEF/USDT', 'ALICE/USDT', 'FORTH/USDT', 'ASTR/USDT', 'BTRST/USDT', 'SAND/USDT', 'GLM/USDT', 'QNT/USDT', 'STG/USDT', 'AXL/USDT', 'KAVA/USDT', 'APT/USDT', 'MASK/USDT', 'BOSON/USDT', 'POND/USDT', 'SOL/USDC', 'ADA/USDC', 'JAM/USDT', 'TRAC/USDT', 'PROM/USDT', 'DIA/USDT', 'LOOM/USDT', 'STMX/USDT', 'BTC/USD', 'ETH/USD', 'BCH/USD', 'LTC/USD', 'USDT/USD', 'BNB/USD', 'ADA/USD', 'ETC/USD', 'XLM/USD', 'LINK/USD', 'RVN/USD', 'ALGO/USD', 'IOTA/USD', 'ATOM/USD', 'ZIL/USD', 'VET/USD', 'HBAR/USD', 'DOGE/USD', 'VTHO/USD', 'USDC/USD', 'ONE/USD', 'UNI/USD', 'SOL/USD', 'AAVE/USD', 'GRT/USD', 'SUSHI/USD', 'CRV/USD', 'AVAX/USD', 'DOT/USD', 'NEAR/USD', 'LPT/USD', 'GALA/USD', 'ENS/USD', 'THETA/USD', 'FET/USD', 'ICP/USD', 'OP/USD', 'KDA/USD', 'DGB/USD', 'SAND/USD', 'SHIB/USD', 'POLYX/USDT', 'IOST/USDT', 'ARB/USDT', 'FLOKI/USDT', 'FLOKI/USD', 'XEC/USDT', 'BLUR/USDT', 'ANKR/USDT', 'DAI/USDT', 'DASH/USDT', 'HBAR/USDT', 'ICX/USDT', 'IOTA/USDT', 'RVN/USDT', 'XNO/USDT', 'XTZ/USDT', 'ZIL/USDT', 'ORBS/USDT', 'ADX/USDT', 'FORT/USDT', 'SUI/USDT', 'ONG/USDT', 'G/USDT', 'RENDER/USDT', 'BONK/USDT', 'MAGIC/USDT', 'PEPE/USDT', 'WIF/USDT', 'IOTX/USDT', 'PNUT/USDT', 'PENGU/USDT', 'POL/USDT', 'TRUMP/USDT', 'NEIRO/USDT', 'SUI/USD', 'XRP/USD', 'BONK/USD', 'PEPE/USD', 'POL/USD', 'RENDER/USD', 'TRUMP/USD', 'EIGEN/USDT', 'ME/USDT', 'ME/USD', 'D/USDT', 'METIS/USDT', 'JUP/USD', 'JUP/USDT', 'S/USD', 'S/USDT', 'JTO/USDT', 'ORCA/USDT', 'DATA/USDT', 'VIRTUAL/USDT', 'AIXBT/USDT', 'KAITO/USDT', 'TURBO/USDT', 'HYPE/USD', 'HYPE/USDT', 'ENA/USDT', 'LAYER/USDT', 'FARTCOIN/USDT', 'SPX/USDT', 'POPCAT/USDT', 'MOODENG/USDT', 'ANIME/USDT', '1000MOG/USDT', 'ONDO/USDT', '1000REKT/USDT', 'XDC/USDT', 'BRETT/USDT', 'WLD/USDT', 'TOSHI/USDT', 'USELESS/USDT', 'A2Z/USDT', 'NOBODY/USDT', 'PUMP/USDT', 'A/USDT', 'MEW/USDT', 'SKY/USDT', 'GIGA/USDT', 'DOOD/USDT']
[VictoryBot] ISO 20022 tradable USD/USDT-like pairs: ['XRP/USDT', 'XLM/USDT', 'ALGO/USDT', 'QNT/USDT', 'XLM/USD', 'ALGO/USD', 'IOTA/USD', 'HBAR/USD', 'HBAR/USDT', 'IOTA/USDT', 'XRP/USD', 'XDC/USDT']
[VictoryBot] Top scored symbols: ['XRP/USDT', 'XRP/USD', 'HBAR/USDT', 'XLM/USDT', 'HBAR/USD', 'ALGO/USDT', 'IOTA/USDT', 'XLM/USD', 'ALGO/USD', 'IOTA/USD']
[VictoryBot] Full scored universe: [('XRP/USDT', 1713414.2801141066, 3426828.58369, -0.09363899366462812, 0.10907203124541144, 0), ('XRP/USD', 527092.3468592454, 1054184.70898, -0.07710622710622715, 0.10334075641294677, 0), ('HBAR/USDT', 177302.03246193138, 354604.15775, -0.16112346514550904, 0.012826472649953298, 0), ('XLM/USDT', 134989.48094296723, 269979.0208, -0.10639455782312916, 0.01640889709883025, 0), ('HBAR/USD', 59298.33278904753, 118596.75254, -0.1512832929782082, 0.012693569433378462, 0), ('ALGO/USDT', 50756.051646459506, 101512.1541, -0.09047844623401234, 0.011599955861984994, 0), ('IOTA/USDT', 36058.00321475396, 72116.1004, -0.16186635944700467, 0.010497745281725977, 0), ('XLM/USD', 22723.81505547433, 45447.6656, -0.0673519069515823, 0.01640697607726664, 0), ('ALGO/USD', 14143.241077437737, 28286.5444, -0.11013011152416356, 0.01277647463113358, 0), ('IOTA/USD', 7601.6688352403535, 15203.42, -0.14177803602556655, 0.0091243410720994, 0)]
[VictoryBot] Momentum signals: ['XLM/USD', 'XRP/USD', 'ALGO/USDT', 'XRP/USDT', 'XLM/USDT']
[VictoryBot] ML signals: []
[VictoryBot] No open positions. Using available USD/USDT balance: 30.93978711
[VictoryBot] Portfolio sizing diagnostics:
  Investable USD: 27.845808399
  Investable per asset: 27.845808399
  XLM/USDT: ATR=0.0117, liquidity=92762.00, computed size=9.28
    Skipping XLM/USDT: size 9.28 below minimum order size.
[VictoryBot] Skipping reserve asset XRP: no valid tradable symbol or below min order size.
[VictoryBot] Skipping reserve asset HBAR: no valid tradable symbol or below min order size.
[VictoryBot] Skipping reserve asset LINK: no valid tradable symbol or below min order size.
[VictoryBot] Skipping reserve asset XLM: no valid tradable symbol or below min order size.
✅ Portfolio in balance. No rebalancing needed.
[VictoryBot] Final target allocations: {}
🚀 EXECUTING PORTFOLIO LADDER
========================================
[VictoryBot] execute_portfolio_ladder called. long_positions: {}, hedge_positions: {}
[VictoryBot][DEBUG] execute_portfolio_ladder symbols: []
[VictoryBot][DEBUG] run_all_strategies called with symbols: []
[VictoryBot][DEBUG] momentum_signals: []
[VictoryBot][DEBUG] ml_signals: []
[VictoryBot][DEBUG] mean_reversion_signals: []
[VictoryBot][DEBUG] pair_trading_signals: []
[VictoryBot][DEBUG] yield_opportunities: []
[VictoryBot][DEBUG] volatility_breakout_signals: []
[VictoryBot][DEBUG] multi_timeframe_momentum_signals: []
[VictoryBot][DEBUG] event_signals: []
[VictoryBot][DEBUG] insurance_signals: []
[VictoryBot][DEBUG] hedge_signals: []
[VictoryBot][DEBUG] top_momentum_assets: []
[VictoryBot] Writing scan results (forced): {'momentum_signals': [], 'ml_signals': [], 'mean_reversion_signals': [], 'pair_trading_signals': [], 'yield_opportunities': [], 'volatility_breakout_signals': [], 'multi_timeframe_momentum_signals': [], 'event_signals': [], 'insurance_signals': [], 'hedge_signals': [], 'top_momentum_assets': [], 'diagnostics': {'num_symbols': 0, 'timestamp': '2025-10-11T12:51:13.898449'}}
[VictoryBot] write_scan_results called. Data: {'momentum_signals': [], 'ml_signals': [], 'diagnostics': {'num_symbols': 0, 'timestamp': '2025-10-11T12:51:13.898449', 'investable_usd': 0, 'investable_per_asset': 0, 'mean_reversion_signals': [], 'pair_trading_signals': [], 'yield_opportunities': [], 'volatility_breakout_signals': [], 'multi_timeframe_momentum_signals': [], 'event_signals': [], 'insurance_signals': [], 'hedge_signals': [], 'top_momentum_assets': []}, 'allocations': {}, 'notes': Full strategy integration. All signals/diagnostics included. No trades/allocations this cycle, but scan and reserves maintained.}
[VictoryBot] scan_results.json written: /Users/nicholaskramer/Downloads/victorychain_stack/runtime/scan_results.json
[VictoryBot] scan_log.jsonl appended: /Users/nicholaskramer/Downloads/victorychain_stack/runtime/scan_log.jsonl
[VictoryBot] Scan results written (forced update).
📊 Executing 0 positions simultaneously...

📊 EXECUTION SUMMARY
=========================
Execution ID: exec_1760201473
Execution time: 0.0 seconds
Target positions: 0
Portfolio fill rate: 0.0%
Portfolio flat: ✅
💾 Report saved: execution_report_exec_1760201473.json
[VictoryBot] Available USD balance: 0.0
[VictoryBot] Available USDT balance: 30.93978711
[VictoryBot] All unique quote assets: ['BTC', 'BUSD', 'DAI', 'ETH', 'USD', 'USD4', 'USDC', 'USDT', 'UST']
[VictoryBot] All available tradable USD/USDT-like pairs: ['BTC/USDT', 'ETH/USDT', 'XRP/USDT', 'BCH/USDT', 'LTC/USDT', 'BNB/USDT', 'ADA/USDT', 'BAT/USDT', 'ETC/USDT', 'XLM/USDT', 'ZRX/USDT', 'DOGE/USDT', 'ATOM/USDT', 'NEO/USDT', 'VET/USDT', 'QTUM/USDT', 'ONT/USDT', 'KNC/USDT', 'VTHO/USDT', 'COMP/USDT', 'ONE/USDT', 'BAND/USDT', 'STORJ/USDT', 'UNI/USDT', 'SOL/USDT', 'EGLD/USDT', 'PAXG/USDT', 'OXT/USDT', 'ZEN/USDT', 'BTC/USDC', 'FIL/USDT', 'AAVE/USDT', 'GRT/USDT', 'SHIB/USDT', 'CRV/USDT', 'AXS/USDT', 'AVAX/USDT', 'CTSI/USDT', 'DOT/USDT', 'YFI/USDT', '1INCH/USDT', 'USDC/USDT', 'ETH/USDC', 'MANA/USDT', 'ALGO/USDT', 'LINK/USDT', 'ZEC/USDT', 'ENJ/USDT', 'NEAR/USDT', 'SUSHI/USDT', 'LRC/USDT', 'LPT/USDT', 'NMR/USDT', 'SLP/USDT', 'CHZ/USDT', 'OGN/USDT', 'GALA/USDT', 'TLM/USDT', 'SNX/USDT', 'AUDIO/USDT', 'ENS/USDT', 'REQ/USDT', 'APE/USDT', 'FLUX/USDT', 'COTI/USDT', 'VOXEL/USDT', 'RLC/USDT', 'BICO/USDT', 'API3/USDT', 'BNT/USDT', 'IMX/USDT', 'FLOW/USDT', 'GTC/USDT', 'THETA/USDT', 'TFUEL/USDT', 'OCEAN/USDT', 'LAZIO/USDT', 'SANTOS/USDT', 'ALPINE/USDT', 'PORTO/USDT', 'CELR/USDT', 'SKL/USDT', 'WAXP/USDT', 'LTO/USDT', 'FET/USDT', 'ICP/USDT', 'T/USDT', 'OP/USDT', 'ROSE/USDT', 'CELO/USDT', 'KDA/USDT', 'KSM/USDT', 'ACH/USDT', 'SYS/USDT', 'RAD/USDT', 'ILV/USDT', 'LDO/USDT', 'RARE/USDT', 'LSK/USDT', 'DGB/USDT', 'REEF/USDT', 'ALICE/USDT', 'FORTH/USDT', 'ASTR/USDT', 'BTRST/USDT', 'SAND/USDT', 'GLM/USDT', 'QNT/USDT', 'STG/USDT', 'AXL/USDT', 'KAVA/USDT', 'APT/USDT', 'MASK/USDT', 'BOSON/USDT', 'POND/USDT', 'SOL/USDC', 'ADA/USDC', 'JAM/USDT', 'TRAC/USDT', 'PROM/USDT', 'DIA/USDT', 'LOOM/USDT', 'STMX/USDT', 'BTC/USD', 'ETH/USD', 'BCH/USD', 'LTC/USD', 'USDT/USD', 'BNB/USD', 'ADA/USD', 'ETC/USD', 'XLM/USD', 'LINK/USD', 'RVN/USD', 'ALGO/USD', 'IOTA/USD', 'ATOM/USD', 'ZIL/USD', 'VET/USD', 'HBAR/USD', 'DOGE/USD', 'VTHO/USD', 'USDC/USD', 'ONE/USD', 'UNI/USD', 'SOL/USD', 'AAVE/USD', 'GRT/USD', 'SUSHI/USD', 'CRV/USD', 'AVAX/USD', 'DOT/USD', 'NEAR/USD', 'LPT/USD', 'GALA/USD', 'ENS/USD', 'THETA/USD', 'FET/USD', 'ICP/USD', 'OP/USD', 'KDA/USD', 'DGB/USD', 'SAND/USD', 'SHIB/USD', 'POLYX/USDT', 'IOST/USDT', 'ARB/USDT', 'FLOKI/USDT', 'FLOKI/USD', 'XEC/USDT', 'BLUR/USDT', 'ANKR/USDT', 'DAI/USDT', 'DASH/USDT', 'HBAR/USDT', 'ICX/USDT', 'IOTA/USDT', 'RVN/USDT', 'XNO/USDT', 'XTZ/USDT', 'ZIL/USDT', 'ORBS/USDT', 'ADX/USDT', 'FORT/USDT', 'SUI/USDT', 'ONG/USDT', 'G/USDT', 'RENDER/USDT', 'BONK/USDT', 'MAGIC/USDT', 'PEPE/USDT', 'WIF/USDT', 'IOTX/USDT', 'PNUT/USDT', 'PENGU/USDT', 'POL/USDT', 'TRUMP/USDT', 'NEIRO/USDT', 'SUI/USD', 'XRP/USD', 'BONK/USD', 'PEPE/USD', 'POL/USD', 'RENDER/USD', 'TRUMP/USD', 'EIGEN/USDT', 'ME/USDT', 'ME/USD', 'D/USDT', 'METIS/USDT', 'JUP/USD', 'JUP/USDT', 'S/USD', 'S/USDT', 'JTO/USDT', 'ORCA/USDT', 'DATA/USDT', 'VIRTUAL/USDT', 'AIXBT/USDT', 'KAITO/USDT', 'TURBO/USDT', 'HYPE/USD', 'HYPE/USDT', 'ENA/USDT', 'LAYER/USDT', 'FARTCOIN/USDT', 'SPX/USDT', 'POPCAT/USDT', 'MOODENG/USDT', 'ANIME/USDT', '1000MOG/USDT', 'ONDO/USDT', '1000REKT/USDT', 'XDC/USDT', 'BRETT/USDT', 'WLD/USDT', 'TOSHI/USDT', 'USELESS/USDT', 'A2Z/USDT', 'NOBODY/USDT', 'PUMP/USDT', 'A/USDT', 'MEW/USDT', 'SKY/USDT', 'GIGA/USDT', 'DOOD/USDT']
[VictoryBot] ISO 20022 tradable USD/USDT-like pairs: ['XRP/USDT', 'XLM/USDT', 'ALGO/USDT', 'QNT/USDT', 'XLM/USD', 'ALGO/USD', 'IOTA/USD', 'HBAR/USD', 'HBAR/USDT', 'IOTA/USDT', 'XRP/USD', 'XDC/USDT']
[VictoryBot] Top scored symbols: ['XRP/USDT', 'XRP/USD', 'HBAR/USDT', 'XLM/USDT', 'HBAR/USD', 'ALGO/USDT', 'IOTA/USDT', 'XLM/USD', 'ALGO/USD', 'IOTA/USD']
[VictoryBot] Full scored universe: [('XRP/USDT', 1713435.1671023993, 3426870.35714, -0.09276009814333332, 0.10906952454283464, 0), ('XRP/USD', 527049.0663149727, 1054098.14778, -0.07692307692307691, 0.10334597164863271, 0), ('HBAR/USDT', 177202.22251193138, 354404.53785, -0.16112346514550904, 0.012826472649953298, 0), ('XLM/USDT', 134989.48094296723, 269979.0208, -0.10639455782312916, 0.01640889709883025, 0), ('HBAR/USD', 59298.33278904753, 118596.75254, -0.1512832929782082, 0.012693569433378462, 0), ('ALGO/USDT', 50756.051646459506, 101512.1541, -0.09047844623401234, 0.011599955861984994, 0), ('IOTA/USDT', 36058.00321475396, 72116.1004, -0.16186635944700467, 0.010497745281725977, 0), ('XLM/USD', 22723.81505547433, 45447.6656, -0.0673519069515823, 0.01640697607726664, 0), ('ALGO/USD', 14143.241077437737, 28286.5444, -0.11013011152416356, 0.01277647463113358, 0), ('IOTA/USD', 7601.6688352403535, 15203.42, -0.14177803602556655, 0.0091243410720994, 0)]
[VictoryBot] Momentum signals: ['XLM/USD', 'XRP/USD', 'ALGO/USDT', 'XRP/USDT', 'XLM/USDT']
[VictoryBot] ML signals: []
[VictoryBot] No open positions. Using available USD/USDT balance: 30.93978711
[VictoryBot] Portfolio sizing diagnostics:
  Investable USD: 27.845808399
  Investable per asset: 27.845808399
  XLM/USDT: ATR=0.0117, liquidity=65591.00, computed size=9.28
    Skipping XLM/USDT: size 9.28 below minimum order size.
[VictoryBot] Skipping reserve asset XRP: no valid tradable symbol or below min order size.
[VictoryBot] Skipping reserve asset HBAR: no valid tradable symbol or below min order size.
[VictoryBot] Skipping reserve asset LINK: no valid tradable symbol or below min order size.
[VictoryBot] Skipping reserve asset XLM: no valid tradable symbol or below min order size.
✅ Portfolio in balance. No rebalancing needed.
[VictoryBot] Final target allocations: {}
🚀 EXECUTING PORTFOLIO LADDER
========================================
[VictoryBot] execute_portfolio_ladder called. long_positions: {}, hedge_positions: {}
[VictoryBot][DEBUG] execute_portfolio_ladder symbols: []
[VictoryBot][DEBUG] run_all_strategies called with symbols: []
[VictoryBot][DEBUG] momentum_signals: []
[VictoryBot][DEBUG] ml_signals: []
[VictoryBot][DEBUG] mean_reversion_signals: []
[VictoryBot][DEBUG] pair_trading_signals: []
[VictoryBot][DEBUG] yield_opportunities: []
[VictoryBot][DEBUG] volatility_breakout_signals: []
[VictoryBot][DEBUG] multi_timeframe_momentum_signals: []
[VictoryBot][DEBUG] event_signals: []
[VictoryBot][DEBUG] insurance_signals: []
[VictoryBot][DEBUG] hedge_signals: []
[VictoryBot][DEBUG] top_momentum_assets: []
[VictoryBot] Writing scan results (forced): {'momentum_signals': [], 'ml_signals': [], 'mean_reversion_signals': [], 'pair_trading_signals': [], 'yield_opportunities': [], 'volatility_breakout_signals': [], 'multi_timeframe_momentum_signals': [], 'event_signals': [], 'insurance_signals': [], 'hedge_signals': [], 'top_momentum_assets': [], 'diagnostics': {'num_symbols': 0, 'timestamp': '2025-10-11T12:52:38.117415'}}
[VictoryBot] write_scan_results called. Data: {'momentum_signals': [], 'ml_signals': [], 'diagnostics': {'num_symbols': 0, 'timestamp': '2025-10-11T12:52:38.117415', 'investable_usd': 0, 'investable_per_asset': 0, 'mean_reversion_signals': [], 'pair_trading_signals': [], 'yield_opportunities': [], 'volatility_breakout_signals': [], 'multi_timeframe_momentum_signals': [], 'event_signals': [], 'insurance_signals': [], 'hedge_signals': [], 'top_momentum_assets': []}, 'allocations': {}, 'notes': Full strategy integration. All signals/diagnostics included. No trades/allocations this cycle, but scan and reserves maintained.}
[VictoryBot] scan_results.json written: /Users/nicholaskramer/Downloads/victorychain_stack/runtime/scan_results.json
[VictoryBot] scan_log.jsonl appended: /Users/nicholaskramer/Downloads/victorychain_stack/runtime/scan_log.jsonl
[VictoryBot] Scan results written (forced update).
📊 Executing 0 positions simultaneously...

📊 EXECUTION SUMMARY
=========================
Execution ID: exec_1760201558
Execution time: 0.0 seconds
Target positions: 0
Portfolio fill rate: 0.0%
Portfolio flat: ✅
💾 Report saved: execution_report_exec_1760201558.json
[VictoryBot] Available USD balance: 0.0
[VictoryBot] Available USDT balance: 30.93978711
[VictoryBot] All unique quote assets: ['BTC', 'BUSD', 'DAI', 'ETH', 'USD', 'USD4', 'USDC', 'USDT', 'UST']
[VictoryBot] All available tradable USD/USDT-like pairs: ['BTC/USDT', 'ETH/USDT', 'XRP/USDT', 'BCH/USDT', 'LTC/USDT', 'BNB/USDT', 'ADA/USDT', 'BAT/USDT', 'ETC/USDT', 'XLM/USDT', 'ZRX/USDT', 'DOGE/USDT', 'ATOM/USDT', 'NEO/USDT', 'VET/USDT', 'QTUM/USDT', 'ONT/USDT', 'KNC/USDT', 'VTHO/USDT', 'COMP/USDT', 'ONE/USDT', 'BAND/USDT', 'STORJ/USDT', 'UNI/USDT', 'SOL/USDT', 'EGLD/USDT', 'PAXG/USDT', 'OXT/USDT', 'ZEN/USDT', 'BTC/USDC', 'FIL/USDT', 'AAVE/USDT', 'GRT/USDT', 'SHIB/USDT', 'CRV/USDT', 'AXS/USDT', 'AVAX/USDT', 'CTSI/USDT', 'DOT/USDT', 'YFI/USDT', '1INCH/USDT', 'USDC/USDT', 'ETH/USDC', 'MANA/USDT', 'ALGO/USDT', 'LINK/USDT', 'ZEC/USDT', 'ENJ/USDT', 'NEAR/USDT', 'SUSHI/USDT', 'LRC/USDT', 'LPT/USDT', 'NMR/USDT', 'SLP/USDT', 'CHZ/USDT', 'OGN/USDT', 'GALA/USDT', 'TLM/USDT', 'SNX/USDT', 'AUDIO/USDT', 'ENS/USDT', 'REQ/USDT', 'APE/USDT', 'FLUX/USDT', 'COTI/USDT', 'VOXEL/USDT', 'RLC/USDT', 'BICO/USDT', 'API3/USDT', 'BNT/USDT', 'IMX/USDT', 'FLOW/USDT', 'GTC/USDT', 'THETA/USDT', 'TFUEL/USDT', 'OCEAN/USDT', 'LAZIO/USDT', 'SANTOS/USDT', 'ALPINE/USDT', 'PORTO/USDT', 'CELR/USDT', 'SKL/USDT', 'WAXP/USDT', 'LTO/USDT', 'FET/USDT', 'ICP/USDT', 'T/USDT', 'OP/USDT', 'ROSE/USDT', 'CELO/USDT', 'KDA/USDT', 'KSM/USDT', 'ACH/USDT', 'SYS/USDT', 'RAD/USDT', 'ILV/USDT', 'LDO/USDT', 'RARE/USDT', 'LSK/USDT', 'DGB/USDT', 'REEF/USDT', 'ALICE/USDT', 'FORTH/USDT', 'ASTR/USDT', 'BTRST/USDT', 'SAND/USDT', 'GLM/USDT', 'QNT/USDT', 'STG/USDT', 'AXL/USDT', 'KAVA/USDT', 'APT/USDT', 'MASK/USDT', 'BOSON/USDT', 'POND/USDT', 'SOL/USDC', 'ADA/USDC', 'JAM/USDT', 'TRAC/USDT', 'PROM/USDT', 'DIA/USDT', 'LOOM/USDT', 'STMX/USDT', 'BTC/USD', 'ETH/USD', 'BCH/USD', 'LTC/USD', 'USDT/USD', 'BNB/USD', 'ADA/USD', 'ETC/USD', 'XLM/USD', 'LINK/USD', 'RVN/USD', 'ALGO/USD', 'IOTA/USD', 'ATOM/USD', 'ZIL/USD', 'VET/USD', 'HBAR/USD', 'DOGE/USD', 'VTHO/USD', 'USDC/USD', 'ONE/USD', 'UNI/USD', 'SOL/USD', 'AAVE/USD', 'GRT/USD', 'SUSHI/USD', 'CRV/USD', 'AVAX/USD', 'DOT/USD', 'NEAR/USD', 'LPT/USD', 'GALA/USD', 'ENS/USD', 'THETA/USD', 'FET/USD', 'ICP/USD', 'OP/USD', 'KDA/USD', 'DGB/USD', 'SAND/USD', 'SHIB/USD', 'POLYX/USDT', 'IOST/USDT', 'ARB/USDT', 'FLOKI/USDT', 'FLOKI/USD', 'XEC/USDT', 'BLUR/USDT', 'ANKR/USDT', 'DAI/USDT', 'DASH/USDT', 'HBAR/USDT', 'ICX/USDT', 'IOTA/USDT', 'RVN/USDT', 'XNO/USDT', 'XTZ/USDT', 'ZIL/USDT', 'ORBS/USDT', 'ADX/USDT', 'FORT/USDT', 'SUI/USDT', 'ONG/USDT', 'G/USDT', 'RENDER/USDT', 'BONK/USDT', 'MAGIC/USDT', 'PEPE/USDT', 'WIF/USDT', 'IOTX/USDT', 'PNUT/USDT', 'PENGU/USDT', 'POL/USDT', 'TRUMP/USDT', 'NEIRO/USDT', 'SUI/USD', 'XRP/USD', 'BONK/USD', 'PEPE/USD', 'POL/USD', 'RENDER/USD', 'TRUMP/USD', 'EIGEN/USDT', 'ME/USDT', 'ME/USD', 'D/USDT', 'METIS/USDT', 'JUP/USD', 'JUP/USDT', 'S/USD', 'S/USDT', 'JTO/USDT', 'ORCA/USDT', 'DATA/USDT', 'VIRTUAL/USDT', 'AIXBT/USDT', 'KAITO/USDT', 'TURBO/USDT', 'HYPE/USD', 'HYPE/USDT', 'ENA/USDT', 'LAYER/USDT', 'FARTCOIN/USDT', 'SPX/USDT', 'POPCAT/USDT', 'MOODENG/USDT', 'ANIME/USDT', '1000MOG/USDT', 'ONDO/USDT', '1000REKT/USDT', 'XDC/USDT', 'BRETT/USDT', 'WLD/USDT', 'TOSHI/USDT', 'USELESS/USDT', 'A2Z/USDT', 'NOBODY/USDT', 'PUMP/USDT', 'A/USDT', 'MEW/USDT', 'SKY/USDT', 'GIGA/USDT', 'DOOD/USDT']
[VictoryBot] ISO 20022 tradable USD/USDT-like pairs: ['XRP/USDT', 'XLM/USDT', 'ALGO/USDT', 'QNT/USDT', 'XLM/USD', 'ALGO/USD', 'IOTA/USD', 'HBAR/USD', 'HBAR/USDT', 'IOTA/USDT', 'XRP/USD', 'XDC/USDT']
[VictoryBot] Top scored symbols: ['XRP/USDT', 'XRP/USD', 'HBAR/USDT', 'XLM/USDT', 'HBAR/USD', 'ALGO/USDT', 'IOTA/USDT', 'XLM/USD', 'ALGO/USD', 'IOTA/USD']
[VictoryBot] Full scored universe: [('XRP/USDT', 1713534.020480715, 3427068.06416, -0.09319954590398072, 0.1090705244142523, 0), ('XRP/USD', 527039.0828349727, 1054078.18082, -0.07692307692307691, 0.10334597164863271, 0), ('HBAR/USDT', 177202.22251193138, 354404.53785, -0.16112346514550904, 0.012826472649953298, 0), ('XLM/USDT', 134989.48094296723, 269979.0208, -0.10639455782312916, 0.01640889709883025, 0), ('HBAR/USD', 59298.33278904753, 118596.75254, -0.1512832929782082, 0.012693569433378462, 0), ('ALGO/USDT', 50756.051646459506, 101512.1541, -0.09047844623401234, 0.011599955861984994, 0), ('IOTA/USDT', 36058.00321475396, 72116.1004, -0.16186635944700467, 0.010497745281725977, 0), ('XLM/USD', 22723.81505547433, 45447.6656, -0.0673519069515823, 0.01640697607726664, 0), ('ALGO/USD', 14143.241077437737, 28286.5444, -0.11013011152416356, 0.01277647463113358, 0), ('IOTA/USD', 7601.6688352403535, 15203.42, -0.14177803602556655, 0.0091243410720994, 0)]
[VictoryBot] Momentum signals: ['XLM/USD', 'XRP/USD', 'ALGO/USDT', 'XRP/USDT', 'XLM/USDT']
[VictoryBot] ML signals: []
[VictoryBot] No open positions. Using available USD/USDT balance: 30.93978711
[VictoryBot] Portfolio sizing diagnostics:
  Investable USD: 27.845808399
  Investable per asset: 27.845808399
  XLM/USDT: ATR=0.0117, liquidity=71417.00, computed size=9.28
    Skipping XLM/USDT: size 9.28 below minimum order size.
[VictoryBot] Skipping reserve asset XRP: no valid tradable symbol or below min order size.
[VictoryBot] Skipping reserve asset HBAR: no valid tradable symbol or below min order size.
[VictoryBot] Skipping reserve asset LINK: no valid tradable symbol or below min order size.
[VictoryBot] Skipping reserve asset XLM: no valid tradable symbol or below min order size.
✅ Portfolio in balance. No rebalancing needed.
[VictoryBot] Final target allocations: {}
🚀 EXECUTING PORTFOLIO LADDER
========================================
[VictoryBot] execute_portfolio_ladder called. long_positions: {}, hedge_positions: {}
[VictoryBot][DEBUG] execute_portfolio_ladder symbols: []
[VictoryBot][DEBUG] run_all_strategies called with symbols: []
[VictoryBot][DEBUG] momentum_signals: []
[VictoryBot][DEBUG] ml_signals: []
[VictoryBot][DEBUG] mean_reversion_signals: []
[VictoryBot][DEBUG] pair_trading_signals: []
[VictoryBot][DEBUG] yield_opportunities: []
[VictoryBot][DEBUG] volatility_breakout_signals: []
[VictoryBot][DEBUG] multi_timeframe_momentum_signals: []
[VictoryBot][DEBUG] event_signals: []
[VictoryBot][DEBUG] insurance_signals: []
[VictoryBot][DEBUG] hedge_signals: []
[VictoryBot][DEBUG] top_momentum_assets: []
[VictoryBot] Writing scan results (forced): {'momentum_signals': [], 'ml_signals': [], 'mean_reversion_signals': [], 'pair_trading_signals': [], 'yield_opportunities': [], 'volatility_breakout_signals': [], 'multi_timeframe_momentum_signals': [], 'event_signals': [], 'insurance_signals': [], 'hedge_signals': [], 'top_momentum_assets': [], 'diagnostics': {'num_symbols': 0, 'timestamp': '2025-10-11T12:54:02.316036'}}
[VictoryBot] write_scan_results called. Data: {'momentum_signals': [], 'ml_signals': [], 'diagnostics': {'num_symbols': 0, 'timestamp': '2025-10-11T12:54:02.316036', 'investable_usd': 0, 'investable_per_asset': 0, 'mean_reversion_signals': [], 'pair_trading_signals': [], 'yield_opportunities': [], 'volatility_breakout_signals': [], 'multi_timeframe_momentum_signals': [], 'event_signals': [], 'insurance_signals': [], 'hedge_signals': [], 'top_momentum_assets': []}, 'allocations': {}, 'notes': Full strategy integration. All signals/diagnostics included. No trades/allocations this cycle, but scan and reserves maintained.}
[VictoryBot] scan_results.json written: /Users/nicholaskramer/Downloads/victorychain_stack/runtime/scan_results.json
[VictoryBot] scan_log.jsonl appended: /Users/nicholaskramer/Downloads/victorychain_stack/runtime/scan_log.jsonl
[VictoryBot] Scan results written (forced update).
📊 Executing 0 positions simultaneously...

📊 EXECUTION SUMMARY
=========================
Execution ID: exec_1760201642
Execution time: 0.0 seconds
Target positions: 0
Portfolio fill rate: 0.0%
Portfolio flat: ✅
💾 Report saved: execution_report_exec_1760201642.json
[VictoryBot] Available USD balance: 0.0
[VictoryBot] Available USDT balance: 30.93978711
[VictoryBot] All unique quote assets: ['BTC', 'BUSD', 'DAI', 'ETH', 'USD', 'USD4', 'USDC', 'USDT', 'UST']
[VictoryBot] All available tradable USD/USDT-like pairs: ['BTC/USDT', 'ETH/USDT', 'XRP/USDT', 'BCH/USDT', 'LTC/USDT', 'BNB/USDT', 'ADA/USDT', 'BAT/USDT', 'ETC/USDT', 'XLM/USDT', 'ZRX/USDT', 'DOGE/USDT', 'ATOM/USDT', 'NEO/USDT', 'VET/USDT', 'QTUM/USDT', 'ONT/USDT', 'KNC/USDT', 'VTHO/USDT', 'COMP/USDT', 'ONE/USDT', 'BAND/USDT', 'STORJ/USDT', 'UNI/USDT', 'SOL/USDT', 'EGLD/USDT', 'PAXG/USDT', 'OXT/USDT', 'ZEN/USDT', 'BTC/USDC', 'FIL/USDT', 'AAVE/USDT', 'GRT/USDT', 'SHIB/USDT', 'CRV/USDT', 'AXS/USDT', 'AVAX/USDT', 'CTSI/USDT', 'DOT/USDT', 'YFI/USDT', '1INCH/USDT', 'USDC/USDT', 'ETH/USDC', 'MANA/USDT', 'ALGO/USDT', 'LINK/USDT', 'ZEC/USDT', 'ENJ/USDT', 'NEAR/USDT', 'SUSHI/USDT', 'LRC/USDT', 'LPT/USDT', 'NMR/USDT', 'SLP/USDT', 'CHZ/USDT', 'OGN/USDT', 'GALA/USDT', 'TLM/USDT', 'SNX/USDT', 'AUDIO/USDT', 'ENS/USDT', 'REQ/USDT', 'APE/USDT', 'FLUX/USDT', 'COTI/USDT', 'VOXEL/USDT', 'RLC/USDT', 'BICO/USDT', 'API3/USDT', 'BNT/USDT', 'IMX/USDT', 'FLOW/USDT', 'GTC/USDT', 'THETA/USDT', 'TFUEL/USDT', 'OCEAN/USDT', 'LAZIO/USDT', 'SANTOS/USDT', 'ALPINE/USDT', 'PORTO/USDT', 'CELR/USDT', 'SKL/USDT', 'WAXP/USDT', 'LTO/USDT', 'FET/USDT', 'ICP/USDT', 'T/USDT', 'OP/USDT', 'ROSE/USDT', 'CELO/USDT', 'KDA/USDT', 'KSM/USDT', 'ACH/USDT', 'SYS/USDT', 'RAD/USDT', 'ILV/USDT', 'LDO/USDT', 'RARE/USDT', 'LSK/USDT', 'DGB/USDT', 'REEF/USDT', 'ALICE/USDT', 'FORTH/USDT', 'ASTR/USDT', 'BTRST/USDT', 'SAND/USDT', 'GLM/USDT', 'QNT/USDT', 'STG/USDT', 'AXL/USDT', 'KAVA/USDT', 'APT/USDT', 'MASK/USDT', 'BOSON/USDT', 'POND/USDT', 'SOL/USDC', 'ADA/USDC', 'JAM/USDT', 'TRAC/USDT', 'PROM/USDT', 'DIA/USDT', 'LOOM/USDT', 'STMX/USDT', 'BTC/USD', 'ETH/USD', 'BCH/USD', 'LTC/USD', 'USDT/USD', 'BNB/USD', 'ADA/USD', 'ETC/USD', 'XLM/USD', 'LINK/USD', 'RVN/USD', 'ALGO/USD', 'IOTA/USD', 'ATOM/USD', 'ZIL/USD', 'VET/USD', 'HBAR/USD', 'DOGE/USD', 'VTHO/USD', 'USDC/USD', 'ONE/USD', 'UNI/USD', 'SOL/USD', 'AAVE/USD', 'GRT/USD', 'SUSHI/USD', 'CRV/USD', 'AVAX/USD', 'DOT/USD', 'NEAR/USD', 'LPT/USD', 'GALA/USD', 'ENS/USD', 'THETA/USD', 'FET/USD', 'ICP/USD', 'OP/USD', 'KDA/USD', 'DGB/USD', 'SAND/USD', 'SHIB/USD', 'POLYX/USDT', 'IOST/USDT', 'ARB/USDT', 'FLOKI/USDT', 'FLOKI/USD', 'XEC/USDT', 'BLUR/USDT', 'ANKR/USDT', 'DAI/USDT', 'DASH/USDT', 'HBAR/USDT', 'ICX/USDT', 'IOTA/USDT', 'RVN/USDT', 'XNO/USDT', 'XTZ/USDT', 'ZIL/USDT', 'ORBS/USDT', 'ADX/USDT', 'FORT/USDT', 'SUI/USDT', 'ONG/USDT', 'G/USDT', 'RENDER/USDT', 'BONK/USDT', 'MAGIC/USDT', 'PEPE/USDT', 'WIF/USDT', 'IOTX/USDT', 'PNUT/USDT', 'PENGU/USDT', 'POL/USDT', 'TRUMP/USDT', 'NEIRO/USDT', 'SUI/USD', 'XRP/USD', 'BONK/USD', 'PEPE/USD', 'POL/USD', 'RENDER/USD', 'TRUMP/USD', 'EIGEN/USDT', 'ME/USDT', 'ME/USD', 'D/USDT', 'METIS/USDT', 'JUP/USD', 'JUP/USDT', 'S/USD', 'S/USDT', 'JTO/USDT', 'ORCA/USDT', 'DATA/USDT', 'VIRTUAL/USDT', 'AIXBT/USDT', 'KAITO/USDT', 'TURBO/USDT', 'HYPE/USD', 'HYPE/USDT', 'ENA/USDT', 'LAYER/USDT', 'FARTCOIN/USDT', 'SPX/USDT', 'POPCAT/USDT', 'MOODENG/USDT', 'ANIME/USDT', '1000MOG/USDT', 'ONDO/USDT', '1000REKT/USDT', 'XDC/USDT', 'BRETT/USDT', 'WLD/USDT', 'TOSHI/USDT', 'USELESS/USDT', 'A2Z/USDT', 'NOBODY/USDT', 'PUMP/USDT', 'A/USDT', 'MEW/USDT', 'SKY/USDT', 'GIGA/USDT', 'DOOD/USDT']
[VictoryBot] ISO 20022 tradable USD/USDT-like pairs: ['XRP/USDT', 'XLM/USDT', 'ALGO/USDT', 'QNT/USDT', 'XLM/USD', 'ALGO/USD', 'IOTA/USD', 'HBAR/USD', 'HBAR/USDT', 'IOTA/USDT', 'XRP/USD', 'XDC/USDT']
[VictoryBot] Top scored symbols: ['XRP/USDT', 'XRP/USD', 'HBAR/USDT', 'XLM/USDT', 'HBAR/USD', 'ALGO/USDT', 'IOTA/USDT', 'XLM/USD', 'ALGO/USD', 'IOTA/USD']
[VictoryBot] Full scored universe: [('XRP/USDT', 1713297.8534507148, 3426595.7301, -0.09319954590398072, 0.1090705244142523, 0), ('XRP/USD', 526802.1077349727, 1053604.23062, -0.07692307692307691, 0.10334597164863271, 0), ('HBAR/USDT', 177031.83350193137, 354063.75983, -0.16112346514550904, 0.012826472649953298, 0), ('XLM/USDT', 134989.48094296723, 269979.0208, -0.10639455782312916, 0.01640889709883025, 0), ('HBAR/USD', 54748.208539047526, 109496.50404, -0.1512832929782082, 0.012693569433378462, 0), ('ALGO/USDT', 50756.051646459506, 101512.1541, -0.09047844623401234, 0.011599955861984994, 0), ('IOTA/USDT', 36058.00321475396, 72116.1004, -0.16186635944700467, 0.010497745281725977, 0), ('XLM/USD', 22723.81505547433, 45447.6656, -0.0673519069515823, 0.01640697607726664, 0), ('ALGO/USD', 14143.241077437737, 28286.5444, -0.11013011152416356, 0.01277647463113358, 0), ('IOTA/USD', 7601.6688352403535, 15203.42, -0.14177803602556655, 0.0091243410720994, 0)]
[VictoryBot] Momentum signals: ['XLM/USD', 'XRP/USD', 'ALGO/USDT', 'XRP/USDT', 'XLM/USDT']
[VictoryBot] ML signals: []
[VictoryBot] No open positions. Using available USD/USDT balance: 30.93978711
[VictoryBot] Portfolio sizing diagnostics:
  Investable USD: 27.845808399
  Investable per asset: 27.845808399
  XLM/USDT: ATR=0.0117, liquidity=92228.00, computed size=9.28
    Skipping XLM/USDT: size 9.28 below minimum order size.
[VictoryBot] Skipping reserve asset XRP: no valid tradable symbol or below min order size.
[VictoryBot] Skipping reserve asset HBAR: no valid tradable symbol or below min order size.
[VictoryBot] Skipping reserve asset LINK: no valid tradable symbol or below min order size.
[VictoryBot] Skipping reserve asset XLM: no valid tradable symbol or below min order size.
✅ Portfolio in balance. No rebalancing needed.
[VictoryBot] Final target allocations: {}
🚀 EXECUTING PORTFOLIO LADDER
========================================
[VictoryBot] execute_portfolio_ladder called. long_positions: {}, hedge_positions: {}
[VictoryBot][DEBUG] execute_portfolio_ladder symbols: []
[VictoryBot][DEBUG] run_all_strategies called with symbols: []
[VictoryBot][DEBUG] momentum_signals: []
[VictoryBot][DEBUG] ml_signals: []
[VictoryBot][DEBUG] mean_reversion_signals: []
[VictoryBot][DEBUG] pair_trading_signals: []
[VictoryBot][DEBUG] yield_opportunities: []
[VictoryBot][DEBUG] volatility_breakout_signals: []
[VictoryBot][DEBUG] multi_timeframe_momentum_signals: []
[VictoryBot][DEBUG] event_signals: []
[VictoryBot][DEBUG] insurance_signals: []
[VictoryBot][DEBUG] hedge_signals: []
[VictoryBot][DEBUG] top_momentum_assets: []
[VictoryBot] Writing scan results (forced): {'momentum_signals': [], 'ml_signals': [], 'mean_reversion_signals': [], 'pair_trading_signals': [], 'yield_opportunities': [], 'volatility_breakout_signals': [], 'multi_timeframe_momentum_signals': [], 'event_signals': [], 'insurance_signals': [], 'hedge_signals': [], 'top_momentum_assets': [], 'diagnostics': {'num_symbols': 0, 'timestamp': '2025-10-11T12:55:26.663751'}}
[VictoryBot] write_scan_results called. Data: {'momentum_signals': [], 'ml_signals': [], 'diagnostics': {'num_symbols': 0, 'timestamp': '2025-10-11T12:55:26.663751', 'investable_usd': 0, 'investable_per_asset': 0, 'mean_reversion_signals': [], 'pair_trading_signals': [], 'yield_opportunities': [], 'volatility_breakout_signals': [], 'multi_timeframe_momentum_signals': [], 'event_signals': [], 'insurance_signals': [], 'hedge_signals': [], 'top_momentum_assets': []}, 'allocations': {}, 'notes': Full strategy integration. All signals/diagnostics included. No trades/allocations this cycle, but scan and reserves maintained.}
[VictoryBot] scan_results.json written: /Users/nicholaskramer/Downloads/victorychain_stack/runtime/scan_results.json
[VictoryBot] scan_log.jsonl appended: /Users/nicholaskramer/Downloads/victorychain_stack/runtime/scan_log.jsonl
[VictoryBot] Scan results written (forced update).
📊 Executing 0 positions simultaneously...

📊 EXECUTION SUMMARY
=========================
Execution ID: exec_1760201726
Execution time: 0.0 seconds
Target positions: 0
Portfolio fill rate: 0.0%
Portfolio flat: ✅
💾 Report saved: execution_report_exec_1760201726.json
[VictoryBot] Available USD balance: 0.0
[VictoryBot] Available USDT balance: 30.93978711
[VictoryBot] All unique quote assets: ['BTC', 'BUSD', 'DAI', 'ETH', 'USD', 'USD4', 'USDC', 'USDT', 'UST']
[VictoryBot] All available tradable USD/USDT-like pairs: ['BTC/USDT', 'ETH/USDT', 'XRP/USDT', 'BCH/USDT', 'LTC/USDT', 'BNB/USDT', 'ADA/USDT', 'BAT/USDT', 'ETC/USDT', 'XLM/USDT', 'ZRX/USDT', 'DOGE/USDT', 'ATOM/USDT', 'NEO/USDT', 'VET/USDT', 'QTUM/USDT', 'ONT/USDT', 'KNC/USDT', 'VTHO/USDT', 'COMP/USDT', 'ONE/USDT', 'BAND/USDT', 'STORJ/USDT', 'UNI/USDT', 'SOL/USDT', 'EGLD/USDT', 'PAXG/USDT', 'OXT/USDT', 'ZEN/USDT', 'BTC/USDC', 'FIL/USDT', 'AAVE/USDT', 'GRT/USDT', 'SHIB/USDT', 'CRV/USDT', 'AXS/USDT', 'AVAX/USDT', 'CTSI/USDT', 'DOT/USDT', 'YFI/USDT', '1INCH/USDT', 'USDC/USDT', 'ETH/USDC', 'MANA/USDT', 'ALGO/USDT', 'LINK/USDT', 'ZEC/USDT', 'ENJ/USDT', 'NEAR/USDT', 'SUSHI/USDT', 'LRC/USDT', 'LPT/USDT', 'NMR/USDT', 'SLP/USDT', 'CHZ/USDT', 'OGN/USDT', 'GALA/USDT', 'TLM/USDT', 'SNX/USDT', 'AUDIO/USDT', 'ENS/USDT', 'REQ/USDT', 'APE/USDT', 'FLUX/USDT', 'COTI/USDT', 'VOXEL/USDT', 'RLC/USDT', 'BICO/USDT', 'API3/USDT', 'BNT/USDT', 'IMX/USDT', 'FLOW/USDT', 'GTC/USDT', 'THETA/USDT', 'TFUEL/USDT', 'OCEAN/USDT', 'LAZIO/USDT', 'SANTOS/USDT', 'ALPINE/USDT', 'PORTO/USDT', 'CELR/USDT', 'SKL/USDT', 'WAXP/USDT', 'LTO/USDT', 'FET/USDT', 'ICP/USDT', 'T/USDT', 'OP/USDT', 'ROSE/USDT', 'CELO/USDT', 'KDA/USDT', 'KSM/USDT', 'ACH/USDT', 'SYS/USDT', 'RAD/USDT', 'ILV/USDT', 'LDO/USDT', 'RARE/USDT', 'LSK/USDT', 'DGB/USDT', 'REEF/USDT', 'ALICE/USDT', 'FORTH/USDT', 'ASTR/USDT', 'BTRST/USDT', 'SAND/USDT', 'GLM/USDT', 'QNT/USDT', 'STG/USDT', 'AXL/USDT', 'KAVA/USDT', 'APT/USDT', 'MASK/USDT', 'BOSON/USDT', 'POND/USDT', 'SOL/USDC', 'ADA/USDC', 'JAM/USDT', 'TRAC/USDT', 'PROM/USDT', 'DIA/USDT', 'LOOM/USDT', 'STMX/USDT', 'BTC/USD', 'ETH/USD', 'BCH/USD', 'LTC/USD', 'USDT/USD', 'BNB/USD', 'ADA/USD', 'ETC/USD', 'XLM/USD', 'LINK/USD', 'RVN/USD', 'ALGO/USD', 'IOTA/USD', 'ATOM/USD', 'ZIL/USD', 'VET/USD', 'HBAR/USD', 'DOGE/USD', 'VTHO/USD', 'USDC/USD', 'ONE/USD', 'UNI/USD', 'SOL/USD', 'AAVE/USD', 'GRT/USD', 'SUSHI/USD', 'CRV/USD', 'AVAX/USD', 'DOT/USD', 'NEAR/USD', 'LPT/USD', 'GALA/USD', 'ENS/USD', 'THETA/USD', 'FET/USD', 'ICP/USD', 'OP/USD', 'KDA/USD', 'DGB/USD', 'SAND/USD', 'SHIB/USD', 'POLYX/USDT', 'IOST/USDT', 'ARB/USDT', 'FLOKI/USDT', 'FLOKI/USD', 'XEC/USDT', 'BLUR/USDT', 'ANKR/USDT', 'DAI/USDT', 'DASH/USDT', 'HBAR/USDT', 'ICX/USDT', 'IOTA/USDT', 'RVN/USDT', 'XNO/USDT', 'XTZ/USDT', 'ZIL/USDT', 'ORBS/USDT', 'ADX/USDT', 'FORT/USDT', 'SUI/USDT', 'ONG/USDT', 'G/USDT', 'RENDER/USDT', 'BONK/USDT', 'MAGIC/USDT', 'PEPE/USDT', 'WIF/USDT', 'IOTX/USDT', 'PNUT/USDT', 'PENGU/USDT', 'POL/USDT', 'TRUMP/USDT', 'NEIRO/USDT', 'SUI/USD', 'XRP/USD', 'BONK/USD', 'PEPE/USD', 'POL/USD', 'RENDER/USD', 'TRUMP/USD', 'EIGEN/USDT', 'ME/USDT', 'ME/USD', 'D/USDT', 'METIS/USDT', 'JUP/USD', 'JUP/USDT', 'S/USD', 'S/USDT', 'JTO/USDT', 'ORCA/USDT', 'DATA/USDT', 'VIRTUAL/USDT', 'AIXBT/USDT', 'KAITO/USDT', 'TURBO/USDT', 'HYPE/USD', 'HYPE/USDT', 'ENA/USDT', 'LAYER/USDT', 'FARTCOIN/USDT', 'SPX/USDT', 'POPCAT/USDT', 'MOODENG/USDT', 'ANIME/USDT', '1000MOG/USDT', 'ONDO/USDT', '1000REKT/USDT', 'XDC/USDT', 'BRETT/USDT', 'WLD/USDT', 'TOSHI/USDT', 'USELESS/USDT', 'A2Z/USDT', 'NOBODY/USDT', 'PUMP/USDT', 'A/USDT', 'MEW/USDT', 'SKY/USDT', 'GIGA/USDT', 'DOOD/USDT']
[VictoryBot] ISO 20022 tradable USD/USDT-like pairs: ['XRP/USDT', 'XLM/USDT', 'ALGO/USDT', 'QNT/USDT', 'XLM/USD', 'ALGO/USD', 'IOTA/USD', 'HBAR/USD', 'HBAR/USDT', 'IOTA/USDT', 'XRP/USD', 'XDC/USDT']
[VictoryBot] Top scored symbols: ['XRP/USDT', 'XRP/USD', 'HBAR/USDT', 'XLM/USDT', 'HBAR/USD', 'ALGO/USDT', 'IOTA/USDT', 'XLM/USD', 'ALGO/USD', 'IOTA/USD']
[VictoryBot] Full scored universe: [('XRP/USDT', 1713320.6911841598, 3426641.40504, -0.09232065038268575, 0.10906903164510083, 0), ('XRP/USD', 526802.1077349727, 1053604.23062, -0.07692307692307691, 0.10334597164863271, 0), ('HBAR/USDT', 177031.83350193137, 354063.75983, -0.16112346514550904, 0.012826472649953298, 0), ('XLM/USDT', 133550.03314296724, 267100.1252, -0.10639455782312916, 0.01640889709883025, 0), ('HBAR/USD', 54748.208539047526, 109496.50404, -0.1512832929782082, 0.012693569433378462, 0), ('ALGO/USDT', 50756.051646459506, 101512.1541, -0.09047844623401234, 0.011599955861984994, 0), ('IOTA/USDT', 36058.00321475396, 72116.1004, -0.16186635944700467, 0.010497745281725977, 0), ('XLM/USD', 22723.81505547433, 45447.6656, -0.0673519069515823, 0.01640697607726664, 0), ('ALGO/USD', 14143.241077437737, 28286.5444, -0.11013011152416356, 0.01277647463113358, 0), ('IOTA/USD', 7601.6688352403535, 15203.42, -0.14177803602556655, 0.0091243410720994, 0)]
[VictoryBot] Momentum signals: ['XLM/USD', 'XRP/USD', 'ALGO/USDT', 'XRP/USDT', 'XLM/USDT']
[VictoryBot] ML signals: []
[VictoryBot] No open positions. Using available USD/USDT balance: 30.93978711
[VictoryBot] Portfolio sizing diagnostics:
  Investable USD: 27.845808399
  Investable per asset: 27.845808399
  XLM/USDT: ATR=0.0117, liquidity=75814.00, computed size=9.28
    Skipping XLM/USDT: size 9.28 below minimum order size.
[VictoryBot] Skipping reserve asset XRP: no valid tradable symbol or below min order size.
[VictoryBot] Skipping reserve asset HBAR: no valid tradable symbol or below min order size.
[VictoryBot] Skipping reserve asset LINK: no valid tradable symbol or below min order size.
[VictoryBot] Skipping reserve asset XLM: no valid tradable symbol or below min order size.
✅ Portfolio in balance. No rebalancing needed.
[VictoryBot] Final target allocations: {}
🚀 EXECUTING PORTFOLIO LADDER
========================================
[VictoryBot] execute_portfolio_ladder called. long_positions: {}, hedge_positions: {}
[VictoryBot][DEBUG] execute_portfolio_ladder symbols: []
[VictoryBot][DEBUG] run_all_strategies called with symbols: []
[VictoryBot][DEBUG] momentum_signals: []
[VictoryBot][DEBUG] ml_signals: []
[VictoryBot][DEBUG] mean_reversion_signals: []
[VictoryBot][DEBUG] pair_trading_signals: []
[VictoryBot][DEBUG] yield_opportunities: []
[VictoryBot][DEBUG] volatility_breakout_signals: []
[VictoryBot][DEBUG] multi_timeframe_momentum_signals: []
[VictoryBot][DEBUG] event_signals: []
[VictoryBot][DEBUG] insurance_signals: []
[VictoryBot][DEBUG] hedge_signals: []
[VictoryBot][DEBUG] top_momentum_assets: []
[VictoryBot] Writing scan results (forced): {'momentum_signals': [], 'ml_signals': [], 'mean_reversion_signals': [], 'pair_trading_signals': [], 'yield_opportunities': [], 'volatility_breakout_signals': [], 'multi_timeframe_momentum_signals': [], 'event_signals': [], 'insurance_signals': [], 'hedge_signals': [], 'top_momentum_assets': [], 'diagnostics': {'num_symbols': 0, 'timestamp': '2025-10-11T12:56:50.891483'}}
[VictoryBot] write_scan_results called. Data: {'momentum_signals': [], 'ml_signals': [], 'diagnostics': {'num_symbols': 0, 'timestamp': '2025-10-11T12:56:50.891483', 'investable_usd': 0, 'investable_per_asset': 0, 'mean_reversion_signals': [], 'pair_trading_signals': [], 'yield_opportunities': [], 'volatility_breakout_signals': [], 'multi_timeframe_momentum_signals': [], 'event_signals': [], 'insurance_signals': [], 'hedge_signals': [], 'top_momentum_assets': []}, 'allocations': {}, 'notes': Full strategy integration. All signals/diagnostics included. No trades/allocations this cycle, but scan and reserves maintained.}
[VictoryBot] scan_results.json written: /Users/nicholaskramer/Downloads/victorychain_stack/runtime/scan_results.json
[VictoryBot] scan_log.jsonl appended: /Users/nicholaskramer/Downloads/victorychain_stack/runtime/scan_log.jsonl
[VictoryBot] Scan results written (forced update).
📊 Executing 0 positions simultaneously...

📊 EXECUTION SUMMARY
=========================
Execution ID: exec_1760201810
Execution time: 0.0 seconds
Target positions: 0
Portfolio fill rate: 0.0%
Portfolio flat: ✅
💾 Report saved: execution_report_exec_1760201810.json
[VictoryBot] Available USD balance: 0.0
[VictoryBot] Available USDT balance: 30.93978711
[VictoryBot] All unique quote assets: ['BTC', 'BUSD', 'DAI', 'ETH', 'USD', 'USD4', 'USDC', 'USDT', 'UST']
[VictoryBot] All available tradable USD/USDT-like pairs: ['BTC/USDT', 'ETH/USDT', 'XRP/USDT', 'BCH/USDT', 'LTC/USDT', 'BNB/USDT', 'ADA/USDT', 'BAT/USDT', 'ETC/USDT', 'XLM/USDT', 'ZRX/USDT', 'DOGE/USDT', 'ATOM/USDT', 'NEO/USDT', 'VET/USDT', 'QTUM/USDT', 'ONT/USDT', 'KNC/USDT', 'VTHO/USDT', 'COMP/USDT', 'ONE/USDT', 'BAND/USDT', 'STORJ/USDT', 'UNI/USDT', 'SOL/USDT', 'EGLD/USDT', 'PAXG/USDT', 'OXT/USDT', 'ZEN/USDT', 'BTC/USDC', 'FIL/USDT', 'AAVE/USDT', 'GRT/USDT', 'SHIB/USDT', 'CRV/USDT', 'AXS/USDT', 'AVAX/USDT', 'CTSI/USDT', 'DOT/USDT', 'YFI/USDT', '1INCH/USDT', 'USDC/USDT', 'ETH/USDC', 'MANA/USDT', 'ALGO/USDT', 'LINK/USDT', 'ZEC/USDT', 'ENJ/USDT', 'NEAR/USDT', 'SUSHI/USDT', 'LRC/USDT', 'LPT/USDT', 'NMR/USDT', 'SLP/USDT', 'CHZ/USDT', 'OGN/USDT', 'GALA/USDT', 'TLM/USDT', 'SNX/USDT', 'AUDIO/USDT', 'ENS/USDT', 'REQ/USDT', 'APE/USDT', 'FLUX/USDT', 'COTI/USDT', 'VOXEL/USDT', 'RLC/USDT', 'BICO/USDT', 'API3/USDT', 'BNT/USDT', 'IMX/USDT', 'FLOW/USDT', 'GTC/USDT', 'THETA/USDT', 'TFUEL/USDT', 'OCEAN/USDT', 'LAZIO/USDT', 'SANTOS/USDT', 'ALPINE/USDT', 'PORTO/USDT', 'CELR/USDT', 'SKL/USDT', 'WAXP/USDT', 'LTO/USDT', 'FET/USDT', 'ICP/USDT', 'T/USDT', 'OP/USDT', 'ROSE/USDT', 'CELO/USDT', 'KDA/USDT', 'KSM/USDT', 'ACH/USDT', 'SYS/USDT', 'RAD/USDT', 'ILV/USDT', 'LDO/USDT', 'RARE/USDT', 'LSK/USDT', 'DGB/USDT', 'REEF/USDT', 'ALICE/USDT', 'FORTH/USDT', 'ASTR/USDT', 'BTRST/USDT', 'SAND/USDT', 'GLM/USDT', 'QNT/USDT', 'STG/USDT', 'AXL/USDT', 'KAVA/USDT', 'APT/USDT', 'MASK/USDT', 'BOSON/USDT', 'POND/USDT', 'SOL/USDC', 'ADA/USDC', 'JAM/USDT', 'TRAC/USDT', 'PROM/USDT', 'DIA/USDT', 'LOOM/USDT', 'STMX/USDT', 'BTC/USD', 'ETH/USD', 'BCH/USD', 'LTC/USD', 'USDT/USD', 'BNB/USD', 'ADA/USD', 'ETC/USD', 'XLM/USD', 'LINK/USD', 'RVN/USD', 'ALGO/USD', 'IOTA/USD', 'ATOM/USD', 'ZIL/USD', 'VET/USD', 'HBAR/USD', 'DOGE/USD', 'VTHO/USD', 'USDC/USD', 'ONE/USD', 'UNI/USD', 'SOL/USD', 'AAVE/USD', 'GRT/USD', 'SUSHI/USD', 'CRV/USD', 'AVAX/USD', 'DOT/USD', 'NEAR/USD', 'LPT/USD', 'GALA/USD', 'ENS/USD', 'THETA/USD', 'FET/USD', 'ICP/USD', 'OP/USD', 'KDA/USD', 'DGB/USD', 'SAND/USD', 'SHIB/USD', 'POLYX/USDT', 'IOST/USDT', 'ARB/USDT', 'FLOKI/USDT', 'FLOKI/USD', 'XEC/USDT', 'BLUR/USDT', 'ANKR/USDT', 'DAI/USDT', 'DASH/USDT', 'HBAR/USDT', 'ICX/USDT', 'IOTA/USDT', 'RVN/USDT', 'XNO/USDT', 'XTZ/USDT', 'ZIL/USDT', 'ORBS/USDT', 'ADX/USDT', 'FORT/USDT', 'SUI/USDT', 'ONG/USDT', 'G/USDT', 'RENDER/USDT', 'BONK/USDT', 'MAGIC/USDT', 'PEPE/USDT', 'WIF/USDT', 'IOTX/USDT', 'PNUT/USDT', 'PENGU/USDT', 'POL/USDT', 'TRUMP/USDT', 'NEIRO/USDT', 'SUI/USD', 'XRP/USD', 'BONK/USD', 'PEPE/USD', 'POL/USD', 'RENDER/USD', 'TRUMP/USD', 'EIGEN/USDT', 'ME/USDT', 'ME/USD', 'D/USDT', 'METIS/USDT', 'JUP/USD', 'JUP/USDT', 'S/USD', 'S/USDT', 'JTO/USDT', 'ORCA/USDT', 'DATA/USDT', 'VIRTUAL/USDT', 'AIXBT/USDT', 'KAITO/USDT', 'TURBO/USDT', 'HYPE/USD', 'HYPE/USDT', 'ENA/USDT', 'LAYER/USDT', 'FARTCOIN/USDT', 'SPX/USDT', 'POPCAT/USDT', 'MOODENG/USDT', 'ANIME/USDT', '1000MOG/USDT', 'ONDO/USDT', '1000REKT/USDT', 'XDC/USDT', 'BRETT/USDT', 'WLD/USDT', 'TOSHI/USDT', 'USELESS/USDT', 'A2Z/USDT', 'NOBODY/USDT', 'PUMP/USDT', 'A/USDT', 'MEW/USDT', 'SKY/USDT', 'GIGA/USDT', 'DOOD/USDT']
[VictoryBot] ISO 20022 tradable USD/USDT-like pairs: ['XRP/USDT', 'XLM/USDT', 'ALGO/USDT', 'QNT/USDT', 'XLM/USD', 'ALGO/USD', 'IOTA/USD', 'HBAR/USD', 'HBAR/USDT', 'IOTA/USDT', 'XRP/USD', 'XDC/USDT']
[VictoryBot] Top scored symbols: ['XRP/USDT', 'XRP/USD', 'HBAR/USDT', 'XLM/USDT', 'HBAR/USD', 'ALGO/USDT', 'IOTA/USDT', 'XLM/USD', 'ALGO/USD', 'IOTA/USD']
[VictoryBot] Full scored universe: [('XRP/USDT', 1713292.2507608985, 3426584.5236, -0.09133189292122901, 0.1090697762718894, 0), ('XRP/USD', 526802.1077349727, 1053604.23062, -0.07692307692307691, 0.10334597164863271, 0), ('HBAR/USDT', 177031.83350193137, 354063.75983, -0.16112346514550904, 0.012826472649953298, 0), ('XLM/USDT', 133550.03314296724, 267100.1252, -0.10639455782312916, 0.01640889709883025, 0), ('HBAR/USD', 54748.208539047526, 109496.50404, -0.1512832929782082, 0.012693569433378462, 0), ('ALGO/USDT', 50756.051646459506, 101512.1541, -0.09047844623401234, 0.011599955861984994, 0), ('IOTA/USDT', 36058.00321475396, 72116.1004, -0.16186635944700467, 0.010497745281725977, 0), ('XLM/USD', 22723.81505547433, 45447.6656, -0.0673519069515823, 0.01640697607726664, 0), ('ALGO/USD', 14143.241077437737, 28286.5444, -0.11013011152416356, 0.01277647463113358, 0), ('IOTA/USD', 7601.6688352403535, 15203.42, -0.14177803602556655, 0.0091243410720994, 0)]
[VictoryBot] Momentum signals: ['XLM/USD', 'XRP/USD', 'ALGO/USDT', 'XRP/USDT', 'XLM/USDT']
[VictoryBot] ML signals: []
[VictoryBot] No open positions. Using available USD/USDT balance: 30.93978711
[VictoryBot] Portfolio sizing diagnostics:
  Investable USD: 27.845808399
  Investable per asset: 27.845808399
  XLM/USDT: ATR=0.0117, liquidity=91576.00, computed size=9.28
    Skipping XLM/USDT: size 9.28 below minimum order size.
[VictoryBot] Skipping reserve asset XRP: no valid tradable symbol or below min order size.
[VictoryBot] Skipping reserve asset HBAR: no valid tradable symbol or below min order size.
[VictoryBot] Skipping reserve asset LINK: no valid tradable symbol or below min order size.
[VictoryBot] Skipping reserve asset XLM: no valid tradable symbol or below min order size.
✅ Portfolio in balance. No rebalancing needed.
[VictoryBot] Final target allocations: {}
🚀 EXECUTING PORTFOLIO LADDER
========================================
[VictoryBot] execute_portfolio_ladder called. long_positions: {}, hedge_positions: {}
[VictoryBot][DEBUG] execute_portfolio_ladder symbols: []
[VictoryBot][DEBUG] run_all_strategies called with symbols: []
[VictoryBot][DEBUG] momentum_signals: []
[VictoryBot][DEBUG] ml_signals: []
[VictoryBot][DEBUG] mean_reversion_signals: []
[VictoryBot][DEBUG] pair_trading_signals: []
[VictoryBot][DEBUG] yield_opportunities: []
[VictoryBot][DEBUG] volatility_breakout_signals: []
[VictoryBot][DEBUG] multi_timeframe_momentum_signals: []
[VictoryBot][DEBUG] event_signals: []
[VictoryBot][DEBUG] insurance_signals: []
[VictoryBot][DEBUG] hedge_signals: []
[VictoryBot][DEBUG] top_momentum_assets: []
[VictoryBot] Writing scan results (forced): {'momentum_signals': [], 'ml_signals': [], 'mean_reversion_signals': [], 'pair_trading_signals': [], 'yield_opportunities': [], 'volatility_breakout_signals': [], 'multi_timeframe_momentum_signals': [], 'event_signals': [], 'insurance_signals': [], 'hedge_signals': [], 'top_momentum_assets': [], 'diagnostics': {'num_symbols': 0, 'timestamp': '2025-10-11T12:58:15.084065'}}
[VictoryBot] write_scan_results called. Data: {'momentum_signals': [], 'ml_signals': [], 'diagnostics': {'num_symbols': 0, 'timestamp': '2025-10-11T12:58:15.084065', 'investable_usd': 0, 'investable_per_asset': 0, 'mean_reversion_signals': [], 'pair_trading_signals': [], 'yield_opportunities': [], 'volatility_breakout_signals': [], 'multi_timeframe_momentum_signals': [], 'event_signals': [], 'insurance_signals': [], 'hedge_signals': [], 'top_momentum_assets': []}, 'allocations': {}, 'notes': Full strategy integration. All signals/diagnostics included. No trades/allocations this cycle, but scan and reserves maintained.}
[VictoryBot] scan_results.json written: /Users/nicholaskramer/Downloads/victorychain_stack/runtime/scan_results.json
[VictoryBot] scan_log.jsonl appended: /Users/nicholaskramer/Downloads/victorychain_stack/runtime/scan_log.jsonl
[VictoryBot] Scan results written (forced update).
📊 Executing 0 positions simultaneously...

📊 EXECUTION SUMMARY
=========================
Execution ID: exec_1760201895
Execution time: 0.0 seconds
Target positions: 0
Portfolio fill rate: 0.0%
Portfolio flat: ✅
💾 Report saved: execution_report_exec_1760201895.json
[VictoryBot] Available USD balance: 0.0
[VictoryBot] Available USDT balance: 30.93978711
[VictoryBot] All unique quote assets: ['BTC', 'BUSD', 'DAI', 'ETH', 'USD', 'USD4', 'USDC', 'USDT', 'UST']
[VictoryBot] All available tradable USD/USDT-like pairs: ['BTC/USDT', 'ETH/USDT', 'XRP/USDT', 'BCH/USDT', 'LTC/USDT', 'BNB/USDT', 'ADA/USDT', 'BAT/USDT', 'ETC/USDT', 'XLM/USDT', 'ZRX/USDT', 'DOGE/USDT', 'ATOM/USDT', 'NEO/USDT', 'VET/USDT', 'QTUM/USDT', 'ONT/USDT', 'KNC/USDT', 'VTHO/USDT', 'COMP/USDT', 'ONE/USDT', 'BAND/USDT', 'STORJ/USDT', 'UNI/USDT', 'SOL/USDT', 'EGLD/USDT', 'PAXG/USDT', 'OXT/USDT', 'ZEN/USDT', 'BTC/USDC', 'FIL/USDT', 'AAVE/USDT', 'GRT/USDT', 'SHIB/USDT', 'CRV/USDT', 'AXS/USDT', 'AVAX/USDT', 'CTSI/USDT', 'DOT/USDT', 'YFI/USDT', '1INCH/USDT', 'USDC/USDT', 'ETH/USDC', 'MANA/USDT', 'ALGO/USDT', 'LINK/USDT', 'ZEC/USDT', 'ENJ/USDT', 'NEAR/USDT', 'SUSHI/USDT', 'LRC/USDT', 'LPT/USDT', 'NMR/USDT', 'SLP/USDT', 'CHZ/USDT', 'OGN/USDT', 'GALA/USDT', 'TLM/USDT', 'SNX/USDT', 'AUDIO/USDT', 'ENS/USDT', 'REQ/USDT', 'APE/USDT', 'FLUX/USDT', 'COTI/USDT', 'VOXEL/USDT', 'RLC/USDT', 'BICO/USDT', 'API3/USDT', 'BNT/USDT', 'IMX/USDT', 'FLOW/USDT', 'GTC/USDT', 'THETA/USDT', 'TFUEL/USDT', 'OCEAN/USDT', 'LAZIO/USDT', 'SANTOS/USDT', 'ALPINE/USDT', 'PORTO/USDT', 'CELR/USDT', 'SKL/USDT', 'WAXP/USDT', 'LTO/USDT', 'FET/USDT', 'ICP/USDT', 'T/USDT', 'OP/USDT', 'ROSE/USDT', 'CELO/USDT', 'KDA/USDT', 'KSM/USDT', 'ACH/USDT', 'SYS/USDT', 'RAD/USDT', 'ILV/USDT', 'LDO/USDT', 'RARE/USDT', 'LSK/USDT', 'DGB/USDT', 'REEF/USDT', 'ALICE/USDT', 'FORTH/USDT', 'ASTR/USDT', 'BTRST/USDT', 'SAND/USDT', 'GLM/USDT', 'QNT/USDT', 'STG/USDT', 'AXL/USDT', 'KAVA/USDT', 'APT/USDT', 'MASK/USDT', 'BOSON/USDT', 'POND/USDT', 'SOL/USDC', 'ADA/USDC', 'JAM/USDT', 'TRAC/USDT', 'PROM/USDT', 'DIA/USDT', 'LOOM/USDT', 'STMX/USDT', 'BTC/USD', 'ETH/USD', 'BCH/USD', 'LTC/USD', 'USDT/USD', 'BNB/USD', 'ADA/USD', 'ETC/USD', 'XLM/USD', 'LINK/USD', 'RVN/USD', 'ALGO/USD', 'IOTA/USD', 'ATOM/USD', 'ZIL/USD', 'VET/USD', 'HBAR/USD', 'DOGE/USD', 'VTHO/USD', 'USDC/USD', 'ONE/USD', 'UNI/USD', 'SOL/USD', 'AAVE/USD', 'GRT/USD', 'SUSHI/USD', 'CRV/USD', 'AVAX/USD', 'DOT/USD', 'NEAR/USD', 'LPT/USD', 'GALA/USD', 'ENS/USD', 'THETA/USD', 'FET/USD', 'ICP/USD', 'OP/USD', 'KDA/USD', 'DGB/USD', 'SAND/USD', 'SHIB/USD', 'POLYX/USDT', 'IOST/USDT', 'ARB/USDT', 'FLOKI/USDT', 'FLOKI/USD', 'XEC/USDT', 'BLUR/USDT', 'ANKR/USDT', 'DAI/USDT', 'DASH/USDT', 'HBAR/USDT', 'ICX/USDT', 'IOTA/USDT', 'RVN/USDT', 'XNO/USDT', 'XTZ/USDT', 'ZIL/USDT', 'ORBS/USDT', 'ADX/USDT', 'FORT/USDT', 'SUI/USDT', 'ONG/USDT', 'G/USDT', 'RENDER/USDT', 'BONK/USDT', 'MAGIC/USDT', 'PEPE/USDT', 'WIF/USDT', 'IOTX/USDT', 'PNUT/USDT', 'PENGU/USDT', 'POL/USDT', 'TRUMP/USDT', 'NEIRO/USDT', 'SUI/USD', 'XRP/USD', 'BONK/USD', 'PEPE/USD', 'POL/USD', 'RENDER/USD', 'TRUMP/USD', 'EIGEN/USDT', 'ME/USDT', 'ME/USD', 'D/USDT', 'METIS/USDT', 'JUP/USD', 'JUP/USDT', 'S/USD', 'S/USDT', 'JTO/USDT', 'ORCA/USDT', 'DATA/USDT', 'VIRTUAL/USDT', 'AIXBT/USDT', 'KAITO/USDT', 'TURBO/USDT', 'HYPE/USD', 'HYPE/USDT', 'ENA/USDT', 'LAYER/USDT', 'FARTCOIN/USDT', 'SPX/USDT', 'POPCAT/USDT', 'MOODENG/USDT', 'ANIME/USDT', '1000MOG/USDT', 'ONDO/USDT', '1000REKT/USDT', 'XDC/USDT', 'BRETT/USDT', 'WLD/USDT', 'TOSHI/USDT', 'USELESS/USDT', 'A2Z/USDT', 'NOBODY/USDT', 'PUMP/USDT', 'A/USDT', 'MEW/USDT', 'SKY/USDT', 'GIGA/USDT', 'DOOD/USDT']
[VictoryBot] ISO 20022 tradable USD/USDT-like pairs: ['XRP/USDT', 'XLM/USDT', 'ALGO/USDT', 'QNT/USDT', 'XLM/USD', 'ALGO/USD', 'IOTA/USD', 'HBAR/USD', 'HBAR/USDT', 'IOTA/USDT', 'XRP/USD', 'XDC/USDT']
[VictoryBot] Top scored symbols: ['XRP/USDT', 'XRP/USD', 'HBAR/USDT', 'XLM/USDT', 'HBAR/USD', 'ALGO/USDT', 'IOTA/USDT', 'XLM/USD', 'ALGO/USD', 'IOTA/USD']
[VictoryBot] Full scored universe: [('XRP/USDT', 1713222.4813758985, 3426444.98483, -0.09133189292122901, 0.1090697762718894, 0), ('XRP/USD', 526732.3562349727, 1053464.72762, -0.07692307692307691, 0.10334597164863271, 0), ('HBAR/USDT', 176362.45776193138, 352725.00835, -0.16112346514550904, 0.012826472649953298, 0), ('XLM/USDT', 133530.92314296722, 267061.9052, -0.10639455782312916, 0.01640889709883025, 0), ('HBAR/USD', 54078.73553904753, 108157.55804, -0.1512832929782082, 0.012693569433378462, 0), ('ALGO/USDT', 50756.051646459506, 101512.1541, -0.09047844623401234, 0.011599955861984994, 0), ('IOTA/USDT', 36058.00321475396, 72116.1004, -0.16186635944700467, 0.010497745281725977, 0), ('XLM/USD', 22723.81505547433, 45447.6656, -0.0673519069515823, 0.01640697607726664, 0), ('ALGO/USD', 14143.241077437737, 28286.5444, -0.11013011152416356, 0.01277647463113358, 0), ('IOTA/USD', 7601.6688352403535, 15203.42, -0.14177803602556655, 0.0091243410720994, 0)]
[VictoryBot] Momentum signals: ['XLM/USD', 'XRP/USD', 'ALGO/USDT', 'XRP/USDT', 'XLM/USDT']
[VictoryBot] ML signals: []
[VictoryBot] No open positions. Using available USD/USDT balance: 30.93978711
[VictoryBot] Portfolio sizing diagnostics:
  Investable USD: 27.845808399
  Investable per asset: 27.845808399
  XLM/USDT: ATR=0.0117, liquidity=92320.00, computed size=9.28
    Skipping XLM/USDT: size 9.28 below minimum order size.
[VictoryBot] Skipping reserve asset XRP: no valid tradable symbol or below min order size.
[VictoryBot] Skipping reserve asset HBAR: no valid tradable symbol or below min order size.
[VictoryBot] Skipping reserve asset LINK: no valid tradable symbol or below min order size.
[VictoryBot] Skipping reserve asset XLM: no valid tradable symbol or below min order size.
✅ Portfolio in balance. No rebalancing needed.
[VictoryBot] Final target allocations: {}
🚀 EXECUTING PORTFOLIO LADDER
========================================
[VictoryBot] execute_portfolio_ladder called. long_positions: {}, hedge_positions: {}
[VictoryBot][DEBUG] execute_portfolio_ladder symbols: []
[VictoryBot][DEBUG] run_all_strategies called with symbols: []
[VictoryBot][DEBUG] momentum_signals: []
[VictoryBot][DEBUG] ml_signals: []
[VictoryBot][DEBUG] mean_reversion_signals: []
[VictoryBot][DEBUG] pair_trading_signals: []
[VictoryBot][DEBUG] yield_opportunities: []
[VictoryBot][DEBUG] volatility_breakout_signals: []
[VictoryBot][DEBUG] multi_timeframe_momentum_signals: []
[VictoryBot][DEBUG] event_signals: []
[VictoryBot][DEBUG] insurance_signals: []
[VictoryBot][DEBUG] hedge_signals: []
[VictoryBot][DEBUG] top_momentum_assets: []
[VictoryBot] Writing scan results (forced): {'momentum_signals': [], 'ml_signals': [], 'mean_reversion_signals': [], 'pair_trading_signals': [], 'yield_opportunities': [], 'volatility_breakout_signals': [], 'multi_timeframe_momentum_signals': [], 'event_signals': [], 'insurance_signals': [], 'hedge_signals': [], 'top_momentum_assets': [], 'diagnostics': {'num_symbols': 0, 'timestamp': '2025-10-11T12:59:39.396153'}}
[VictoryBot] write_scan_results called. Data: {'momentum_signals': [], 'ml_signals': [], 'diagnostics': {'num_symbols': 0, 'timestamp': '2025-10-11T12:59:39.396153', 'investable_usd': 0, 'investable_per_asset': 0, 'mean_reversion_signals': [], 'pair_trading_signals': [], 'yield_opportunities': [], 'volatility_breakout_signals': [], 'multi_timeframe_momentum_signals': [], 'event_signals': [], 'insurance_signals': [], 'hedge_signals': [], 'top_momentum_assets': []}, 'allocations': {}, 'notes': Full strategy integration. All signals/diagnostics included. No trades/allocations this cycle, but scan and reserves maintained.}
[VictoryBot] scan_results.json written: /Users/nicholaskramer/Downloads/victorychain_stack/runtime/scan_results.json
[VictoryBot] scan_log.jsonl appended: /Users/nicholaskramer/Downloads/victorychain_stack/runtime/scan_log.jsonl
[VictoryBot] Scan results written (forced update).
📊 Executing 0 positions simultaneously...

📊 EXECUTION SUMMARY
=========================
Execution ID: exec_1760201979
Execution time: 0.0 seconds
Target positions: 0
Portfolio fill rate: 0.0%
Portfolio flat: ✅
💾 Report saved: execution_report_exec_1760201979.json
[VictoryBot] Available USD balance: 0.0
[VictoryBot] Available USDT balance: 30.93978711
[VictoryBot] All unique quote assets: ['BTC', 'BUSD', 'DAI', 'ETH', 'USD', 'USD4', 'USDC', 'USDT', 'UST']
[VictoryBot] All available tradable USD/USDT-like pairs: ['BTC/USDT', 'ETH/USDT', 'XRP/USDT', 'BCH/USDT', 'LTC/USDT', 'BNB/USDT', 'ADA/USDT', 'BAT/USDT', 'ETC/USDT', 'XLM/USDT', 'ZRX/USDT', 'DOGE/USDT', 'ATOM/USDT', 'NEO/USDT', 'VET/USDT', 'QTUM/USDT', 'ONT/USDT', 'KNC/USDT', 'VTHO/USDT', 'COMP/USDT', 'ONE/USDT', 'BAND/USDT', 'STORJ/USDT', 'UNI/USDT', 'SOL/USDT', 'EGLD/USDT', 'PAXG/USDT', 'OXT/USDT', 'ZEN/USDT', 'BTC/USDC', 'FIL/USDT', 'AAVE/USDT', 'GRT/USDT', 'SHIB/USDT', 'CRV/USDT', 'AXS/USDT', 'AVAX/USDT', 'CTSI/USDT', 'DOT/USDT', 'YFI/USDT', '1INCH/USDT', 'USDC/USDT', 'ETH/USDC', 'MANA/USDT', 'ALGO/USDT', 'LINK/USDT', 'ZEC/USDT', 'ENJ/USDT', 'NEAR/USDT', 'SUSHI/USDT', 'LRC/USDT', 'LPT/USDT', 'NMR/USDT', 'SLP/USDT', 'CHZ/USDT', 'OGN/USDT', 'GALA/USDT', 'TLM/USDT', 'SNX/USDT', 'AUDIO/USDT', 'ENS/USDT', 'REQ/USDT', 'APE/USDT', 'FLUX/USDT', 'COTI/USDT', 'VOXEL/USDT', 'RLC/USDT', 'BICO/USDT', 'API3/USDT', 'BNT/USDT', 'IMX/USDT', 'FLOW/USDT', 'GTC/USDT', 'THETA/USDT', 'TFUEL/USDT', 'OCEAN/USDT', 'LAZIO/USDT', 'SANTOS/USDT', 'ALPINE/USDT', 'PORTO/USDT', 'CELR/USDT', 'SKL/USDT', 'WAXP/USDT', 'LTO/USDT', 'FET/USDT', 'ICP/USDT', 'T/USDT', 'OP/USDT', 'ROSE/USDT', 'CELO/USDT', 'KDA/USDT', 'KSM/USDT', 'ACH/USDT', 'SYS/USDT', 'RAD/USDT', 'ILV/USDT', 'LDO/USDT', 'RARE/USDT', 'LSK/USDT', 'DGB/USDT', 'REEF/USDT', 'ALICE/USDT', 'FORTH/USDT', 'ASTR/USDT', 'BTRST/USDT', 'SAND/USDT', 'GLM/USDT', 'QNT/USDT', 'STG/USDT', 'AXL/USDT', 'KAVA/USDT', 'APT/USDT', 'MASK/USDT', 'BOSON/USDT', 'POND/USDT', 'SOL/USDC', 'ADA/USDC', 'JAM/USDT', 'TRAC/USDT', 'PROM/USDT', 'DIA/USDT', 'LOOM/USDT', 'STMX/USDT', 'BTC/USD', 'ETH/USD', 'BCH/USD', 'LTC/USD', 'USDT/USD', 'BNB/USD', 'ADA/USD', 'ETC/USD', 'XLM/USD', 'LINK/USD', 'RVN/USD', 'ALGO/USD', 'IOTA/USD', 'ATOM/USD', 'ZIL/USD', 'VET/USD', 'HBAR/USD', 'DOGE/USD', 'VTHO/USD', 'USDC/USD', 'ONE/USD', 'UNI/USD', 'SOL/USD', 'AAVE/USD', 'GRT/USD', 'SUSHI/USD', 'CRV/USD', 'AVAX/USD', 'DOT/USD', 'NEAR/USD', 'LPT/USD', 'GALA/USD', 'ENS/USD', 'THETA/USD', 'FET/USD', 'ICP/USD', 'OP/USD', 'KDA/USD', 'DGB/USD', 'SAND/USD', 'SHIB/USD', 'POLYX/USDT', 'IOST/USDT', 'ARB/USDT', 'FLOKI/USDT', 'FLOKI/USD', 'XEC/USDT', 'BLUR/USDT', 'ANKR/USDT', 'DAI/USDT', 'DASH/USDT', 'HBAR/USDT', 'ICX/USDT', 'IOTA/USDT', 'RVN/USDT', 'XNO/USDT', 'XTZ/USDT', 'ZIL/USDT', 'ORBS/USDT', 'ADX/USDT', 'FORT/USDT', 'SUI/USDT', 'ONG/USDT', 'G/USDT', 'RENDER/USDT', 'BONK/USDT', 'MAGIC/USDT', 'PEPE/USDT', 'WIF/USDT', 'IOTX/USDT', 'PNUT/USDT', 'PENGU/USDT', 'POL/USDT', 'TRUMP/USDT', 'NEIRO/USDT', 'SUI/USD', 'XRP/USD', 'BONK/USD', 'PEPE/USD', 'POL/USD', 'RENDER/USD', 'TRUMP/USD', 'EIGEN/USDT', 'ME/USDT', 'ME/USD', 'D/USDT', 'METIS/USDT', 'JUP/USD', 'JUP/USDT', 'S/USD', 'S/USDT', 'JTO/USDT', 'ORCA/USDT', 'DATA/USDT', 'VIRTUAL/USDT', 'AIXBT/USDT', 'KAITO/USDT', 'TURBO/USDT', 'HYPE/USD', 'HYPE/USDT', 'ENA/USDT', 'LAYER/USDT', 'FARTCOIN/USDT', 'SPX/USDT', 'POPCAT/USDT', 'MOODENG/USDT', 'ANIME/USDT', '1000MOG/USDT', 'ONDO/USDT', '1000REKT/USDT', 'XDC/USDT', 'BRETT/USDT', 'WLD/USDT', 'TOSHI/USDT', 'USELESS/USDT', 'A2Z/USDT', 'NOBODY/USDT', 'PUMP/USDT', 'A/USDT', 'MEW/USDT', 'SKY/USDT', 'GIGA/USDT', 'DOOD/USDT']
[VictoryBot] ISO 20022 tradable USD/USDT-like pairs: ['XRP/USDT', 'XLM/USDT', 'ALGO/USDT', 'QNT/USDT', 'XLM/USD', 'ALGO/USD', 'IOTA/USD', 'HBAR/USD', 'HBAR/USDT', 'IOTA/USDT', 'XRP/USD', 'XDC/USDT']
[VictoryBot] Top scored symbols: ['XRP/USDT', 'XRP/USD', 'HBAR/USDT', 'XLM/USDT', 'HBAR/USD', 'ALGO/USDT', 'IOTA/USDT', 'XLM/USD', 'ALGO/USD', 'IOTA/USD']
[VictoryBot] Full scored universe: [('XRP/USDT', 1719144.2012530612, 3438288.42799, -0.09058862409576622, 0.09623098877180886, 0), ('XRP/USD', 526731.8101044187, 1053463.63562, -0.07148120854826823, 0.09159187439942475, 0), ('HBAR/USDT', 176131.89936804533, 352263.88677, -0.15239583842133544, 0.0113453124487605, 0), ('XLM/USDT', 133530.92434761068, 267061.9052, -0.10150478796169622, 0.014660313775632495, 0), ('HBAR/USD', 54078.73713297756, 108157.55804, -0.14528163862472573, 0.011316460973290192, 0), ('ALGO/USDT', 50756.05035064952, 101512.1541, -0.09433962264150939, 0.01068357543147424, 0), ('IOTA/USDT', 35804.20679434579, 71608.5047, -0.15652173913043477, 0.00933911687473714, 0), ('XLM/USD', 22723.814879916048, 45447.6656, -0.0673519069515823, 0.015236587544460209, 0), ('ALGO/USD', 14143.245317840601, 28286.5444, -0.09541804440245628, 0.011621692819895042, 0), ('IOTA/USD', 7601.66825596079, 15203.42, -0.14327146171693736, 0.008249328699960987, 0)]
[VictoryBot] Momentum signals: ['XLM/USD', 'XRP/USD', 'XRP/USDT', 'ALGO/USDT', 'ALGO/USD']
[VictoryBot] ML signals: []
[VictoryBot] No open positions. Using available USD/USDT balance: 30.93978711
[VictoryBot] Portfolio sizing diagnostics:
  Investable USD: 27.845808399
  Investable per asset: 27.845808399
  XRP/USDT: ATR=0.0874, liquidity=63269.90, computed size=9.28
    Skipping XRP/USDT: size 9.28 below minimum order size.
[VictoryBot] Skipping reserve asset XRP: no valid tradable symbol or below min order size.
[VictoryBot] Skipping reserve asset HBAR: no valid tradable symbol or below min order size.
[VictoryBot] Skipping reserve asset LINK: no valid tradable symbol or below min order size.
[VictoryBot] Skipping reserve asset XLM: no valid tradable symbol or below min order size.
✅ Portfolio in balance. No rebalancing needed.
[VictoryBot] Final target allocations: {}
🚀 EXECUTING PORTFOLIO LADDER
========================================
[VictoryBot] execute_portfolio_ladder called. long_positions: {}, hedge_positions: {}
[VictoryBot][DEBUG] execute_portfolio_ladder symbols: []
[VictoryBot][DEBUG] run_all_strategies called with symbols: []
[VictoryBot][DEBUG] momentum_signals: []
[VictoryBot][DEBUG] ml_signals: []
[VictoryBot][DEBUG] mean_reversion_signals: []
[VictoryBot][DEBUG] pair_trading_signals: []
[VictoryBot][DEBUG] yield_opportunities: []
[VictoryBot][DEBUG] volatility_breakout_signals: []
[VictoryBot][DEBUG] multi_timeframe_momentum_signals: []
[VictoryBot][DEBUG] event_signals: []
[VictoryBot][DEBUG] insurance_signals: []
[VictoryBot][DEBUG] hedge_signals: []
[VictoryBot][DEBUG] top_momentum_assets: []
[VictoryBot] Writing scan results (forced): {'momentum_signals': [], 'ml_signals': [], 'mean_reversion_signals': [], 'pair_trading_signals': [], 'yield_opportunities': [], 'volatility_breakout_signals': [], 'multi_timeframe_momentum_signals': [], 'event_signals': [], 'insurance_signals': [], 'hedge_signals': [], 'top_momentum_assets': [], 'diagnostics': {'num_symbols': 0, 'timestamp': '2025-10-11T13:01:03.638770'}}
[VictoryBot] write_scan_results called. Data: {'momentum_signals': [], 'ml_signals': [], 'diagnostics': {'num_symbols': 0, 'timestamp': '2025-10-11T13:01:03.638770', 'investable_usd': 0, 'investable_per_asset': 0, 'mean_reversion_signals': [], 'pair_trading_signals': [], 'yield_opportunities': [], 'volatility_breakout_signals': [], 'multi_timeframe_momentum_signals': [], 'event_signals': [], 'insurance_signals': [], 'hedge_signals': [], 'top_momentum_assets': []}, 'allocations': {}, 'notes': Full strategy integration. All signals/diagnostics included. No trades/allocations this cycle, but scan and reserves maintained.}
[VictoryBot] scan_results.json written: /Users/nicholaskramer/Downloads/victorychain_stack/runtime/scan_results.json
[VictoryBot] scan_log.jsonl appended: /Users/nicholaskramer/Downloads/victorychain_stack/runtime/scan_log.jsonl
[VictoryBot] Scan results written (forced update).
📊 Executing 0 positions simultaneously...

📊 EXECUTION SUMMARY
=========================
Execution ID: exec_1760202063
Execution time: 0.0 seconds
Target positions: 0
Portfolio fill rate: 0.0%
Portfolio flat: ✅
💾 Report saved: execution_report_exec_1760202063.json
[VictoryBot] Available USD balance: 0.0
[VictoryBot] Available USDT balance: 30.93978711
[VictoryBot] All unique quote assets: ['BTC', 'BUSD', 'DAI', 'ETH', 'USD', 'USD4', 'USDC', 'USDT', 'UST']
[VictoryBot] All available tradable USD/USDT-like pairs: ['BTC/USDT', 'ETH/USDT', 'XRP/USDT', 'BCH/USDT', 'LTC/USDT', 'BNB/USDT', 'ADA/USDT', 'BAT/USDT', 'ETC/USDT', 'XLM/USDT', 'ZRX/USDT', 'DOGE/USDT', 'ATOM/USDT', 'NEO/USDT', 'VET/USDT', 'QTUM/USDT', 'ONT/USDT', 'KNC/USDT', 'VTHO/USDT', 'COMP/USDT', 'ONE/USDT', 'BAND/USDT', 'STORJ/USDT', 'UNI/USDT', 'SOL/USDT', 'EGLD/USDT', 'PAXG/USDT', 'OXT/USDT', 'ZEN/USDT', 'BTC/USDC', 'FIL/USDT', 'AAVE/USDT', 'GRT/USDT', 'SHIB/USDT', 'CRV/USDT', 'AXS/USDT', 'AVAX/USDT', 'CTSI/USDT', 'DOT/USDT', 'YFI/USDT', '1INCH/USDT', 'USDC/USDT', 'ETH/USDC', 'MANA/USDT', 'ALGO/USDT', 'LINK/USDT', 'ZEC/USDT', 'ENJ/USDT', 'NEAR/USDT', 'SUSHI/USDT', 'LRC/USDT', 'LPT/USDT', 'NMR/USDT', 'SLP/USDT', 'CHZ/USDT', 'OGN/USDT', 'GALA/USDT', 'TLM/USDT', 'SNX/USDT', 'AUDIO/USDT', 'ENS/USDT', 'REQ/USDT', 'APE/USDT', 'FLUX/USDT', 'COTI/USDT', 'VOXEL/USDT', 'RLC/USDT', 'BICO/USDT', 'API3/USDT', 'BNT/USDT', 'IMX/USDT', 'FLOW/USDT', 'GTC/USDT', 'THETA/USDT', 'TFUEL/USDT', 'OCEAN/USDT', 'LAZIO/USDT', 'SANTOS/USDT', 'ALPINE/USDT', 'PORTO/USDT', 'CELR/USDT', 'SKL/USDT', 'WAXP/USDT', 'LTO/USDT', 'FET/USDT', 'ICP/USDT', 'T/USDT', 'OP/USDT', 'ROSE/USDT', 'CELO/USDT', 'KDA/USDT', 'KSM/USDT', 'ACH/USDT', 'SYS/USDT', 'RAD/USDT', 'ILV/USDT', 'LDO/USDT', 'RARE/USDT', 'LSK/USDT', 'DGB/USDT', 'REEF/USDT', 'ALICE/USDT', 'FORTH/USDT', 'ASTR/USDT', 'BTRST/USDT', 'SAND/USDT', 'GLM/USDT', 'QNT/USDT', 'STG/USDT', 'AXL/USDT', 'KAVA/USDT', 'APT/USDT', 'MASK/USDT', 'BOSON/USDT', 'POND/USDT', 'SOL/USDC', 'ADA/USDC', 'JAM/USDT', 'TRAC/USDT', 'PROM/USDT', 'DIA/USDT', 'LOOM/USDT', 'STMX/USDT', 'BTC/USD', 'ETH/USD', 'BCH/USD', 'LTC/USD', 'USDT/USD', 'BNB/USD', 'ADA/USD', 'ETC/USD', 'XLM/USD', 'LINK/USD', 'RVN/USD', 'ALGO/USD', 'IOTA/USD', 'ATOM/USD', 'ZIL/USD', 'VET/USD', 'HBAR/USD', 'DOGE/USD', 'VTHO/USD', 'USDC/USD', 'ONE/USD', 'UNI/USD', 'SOL/USD', 'AAVE/USD', 'GRT/USD', 'SUSHI/USD', 'CRV/USD', 'AVAX/USD', 'DOT/USD', 'NEAR/USD', 'LPT/USD', 'GALA/USD', 'ENS/USD', 'THETA/USD', 'FET/USD', 'ICP/USD', 'OP/USD', 'KDA/USD', 'DGB/USD', 'SAND/USD', 'SHIB/USD', 'POLYX/USDT', 'IOST/USDT', 'ARB/USDT', 'FLOKI/USDT', 'FLOKI/USD', 'XEC/USDT', 'BLUR/USDT', 'ANKR/USDT', 'DAI/USDT', 'DASH/USDT', 'HBAR/USDT', 'ICX/USDT', 'IOTA/USDT', 'RVN/USDT', 'XNO/USDT', 'XTZ/USDT', 'ZIL/USDT', 'ORBS/USDT', 'ADX/USDT', 'FORT/USDT', 'SUI/USDT', 'ONG/USDT', 'G/USDT', 'RENDER/USDT', 'BONK/USDT', 'MAGIC/USDT', 'PEPE/USDT', 'WIF/USDT', 'IOTX/USDT', 'PNUT/USDT', 'PENGU/USDT', 'POL/USDT', 'TRUMP/USDT', 'NEIRO/USDT', 'SUI/USD', 'XRP/USD', 'BONK/USD', 'PEPE/USD', 'POL/USD', 'RENDER/USD', 'TRUMP/USD', 'EIGEN/USDT', 'ME/USDT', 'ME/USD', 'D/USDT', 'METIS/USDT', 'JUP/USD', 'JUP/USDT', 'S/USD', 'S/USDT', 'JTO/USDT', 'ORCA/USDT', 'DATA/USDT', 'VIRTUAL/USDT', 'AIXBT/USDT', 'KAITO/USDT', 'TURBO/USDT', 'HYPE/USD', 'HYPE/USDT', 'ENA/USDT', 'LAYER/USDT', 'FARTCOIN/USDT', 'SPX/USDT', 'POPCAT/USDT', 'MOODENG/USDT', 'ANIME/USDT', '1000MOG/USDT', 'ONDO/USDT', '1000REKT/USDT', 'XDC/USDT', 'BRETT/USDT', 'WLD/USDT', 'TOSHI/USDT', 'USELESS/USDT', 'A2Z/USDT', 'NOBODY/USDT', 'PUMP/USDT', 'A/USDT', 'MEW/USDT', 'SKY/USDT', 'GIGA/USDT', 'DOOD/USDT']
[VictoryBot] ISO 20022 tradable USD/USDT-like pairs: ['XRP/USDT', 'XLM/USDT', 'ALGO/USDT', 'QNT/USDT', 'XLM/USD', 'ALGO/USD', 'IOTA/USD', 'HBAR/USD', 'HBAR/USDT', 'IOTA/USDT', 'XRP/USD', 'XDC/USDT']
[VictoryBot] Top scored symbols: ['XRP/USDT', 'XRP/USD', 'HBAR/USDT', 'XLM/USDT', 'HBAR/USD', 'ALGO/USDT', 'IOTA/USDT', 'XLM/USD', 'ALGO/USD', 'IOTA/USD']
[VictoryBot] Full scored universe: [('XRP/USDT', 1719509.5099923313, 3439019.04385, -0.08790805273014352, 0.09626497980054846, 0), ('XRP/USD', 526855.9727793226, 1053711.95782, -0.06635961680176858, 0.09184805156343817, 0), ('HBAR/USDT', 176025.15835804533, 352050.40475, -0.15239583842133544, 0.0113453124487605, 0), ('XLM/USDT', 133506.06409761068, 267012.1847, -0.10150478796169622, 0.014660313775632495, 0), ('HBAR/USD', 51241.42713297756, 102482.93804, -0.14528163862472573, 0.011316460973290192, 0), ('ALGO/USDT', 50756.05035064952, 101512.1541, -0.09433962264150939, 0.01068357543147424, 0), ('IOTA/USDT', 35804.20679434579, 71608.5047, -0.15652173913043477, 0.00933911687473714, 0), ('XLM/USD', 22723.814879916048, 45447.6656, -0.0673519069515823, 0.015236587544460209, 0), ('ALGO/USD', 14143.245317840601, 28286.5444, -0.09541804440245628, 0.011621692819895042, 0), ('IOTA/USD', 7601.66825596079, 15203.42, -0.14327146171693736, 0.008249328699960987, 0)]
[VictoryBot] Momentum signals: ['XRP/USD', 'XLM/USD', 'XRP/USDT', 'ALGO/USDT', 'ALGO/USD']
[VictoryBot] ML signals: []
